"Time","V1","V2","V3","V4","V5","V6","V7","V8","V9","V10","V11","V12","V13","V14","V15","V16","V17","V18","V19","V20","V21","V22","V23","V24","V25","V26","V27","V28","Amount","Class"
0,-1.3598071336738,-0.0727811733098497,2.53634673796914,1.37815522427443,-0.338320769942518,0.462387777762292,0.239598554061257,0.0986979012610507,0.363786969611213,0.0907941719789316,-0.551599533260813,-0.617800855762348,-0.991389847235408,-0.311169353699879,1.46817697209427,-0.470400525259478,0.207971241929242,0.0257905801985591,0.403992960255733,0.251412098239705,-0.018306777944153,0.277837575558899,-0.110473910188767,0.0669280749146731,0.128539358273528,-0.189114843888824,0.133558376740387,-0.0210530534538215,149.62,"0"
0,1.19185711131486,0.26615071205963,0.16648011335321,0.448154078460911,0.0600176492822243,-0.0823608088155687,-0.0788029833323113,0.0851016549148104,-0.255425128109186,-0.166974414004614,1.61272666105479,1.06523531137287,0.48909501589608,-0.143772296441519,0.635558093258208,0.463917041022171,-0.114804663102346,-0.183361270123994,-0.145783041325259,-0.0690831352230203,-0.225775248033138,-0.638671952771851,0.101288021253234,-0.339846475529127,0.167170404418143,0.125894532368176,-0.00898309914322813,0.0147241691924927,2.69,"0"
1,-1.35835406159823,-1.34016307473609,1.77320934263119,0.379779593034328,-0.503198133318193,1.80049938079263,0.791460956450422,0.247675786588991,-1.51465432260583,0.207642865216696,0.624501459424895,0.066083685268831,0.717292731410831,-0.165945922763554,2.34586494901581,-2.89008319444231,1.10996937869599,-0.121359313195888,-2.26185709530414,0.524979725224404,0.247998153469754,0.771679401917229,0.909412262347719,-0.689280956490685,-0.327641833735251,-0.139096571514147,-0.0553527940384261,-0.0597518405929204,378.66,"0"
1,-0.966271711572087,-0.185226008082898,1.79299333957872,-0.863291275036453,-0.0103088796030823,1.24720316752486,0.23760893977178,0.377435874652262,-1.38702406270197,-0.0549519224713749,-0.226487263835401,0.178228225877303,0.507756869957169,-0.28792374549456,-0.631418117709045,-1.0596472454325,-0.684092786345479,1.96577500349538,-1.2326219700892,-0.208037781160366,-0.108300452035545,0.00527359678253453,-0.190320518742841,-1.17557533186321,0.647376034602038,-0.221928844458407,0.0627228487293033,0.0614576285006353,123.5,"0"
2,-1.15823309349523,0.877736754848451,1.548717846511,0.403033933955121,-0.407193377311653,0.0959214624684256,0.592940745385545,-0.270532677192282,0.817739308235294,0.753074431976354,-0.822842877946363,0.53819555014995,1.3458515932154,-1.11966983471731,0.175121130008994,-0.451449182813529,-0.237033239362776,-0.0381947870352842,0.803486924960175,0.408542360392758,-0.00943069713232919,0.79827849458971,-0.137458079619063,0.141266983824769,-0.206009587619756,0.502292224181569,0.219422229513348,0.215153147499206,69.99,"0"
2,-0.425965884412454,0.960523044882985,1.14110934232219,-0.168252079760302,0.42098688077219,-0.0297275516639742,0.476200948720027,0.260314333074874,-0.56867137571251,-0.371407196834471,1.34126198001957,0.359893837038039,-0.358090652573631,-0.137133700217612,0.517616806555742,0.401725895589603,-0.0581328233640131,0.0686531494425432,-0.0331937877876282,0.0849676720682049,-0.208253514656728,-0.559824796253248,-0.0263976679795373,-0.371426583174346,-0.232793816737034,0.105914779097957,0.253844224739337,0.0810802569229443,3.67,"0"
4,1.22965763450793,0.141003507049326,0.0453707735899449,1.20261273673594,0.191880988597645,0.272708122899098,-0.00515900288250983,0.0812129398830894,0.464959994783886,-0.0992543211289237,-1.41690724314928,-0.153825826253651,-0.75106271556262,0.16737196252175,0.0501435942254188,-0.443586797916727,0.00282051247234708,-0.61198733994012,-0.0455750446637976,-0.21963255278686,-0.167716265815783,-0.270709726172363,-0.154103786809305,-0.780055415004671,0.75013693580659,-0.257236845917139,0.0345074297438413,0.00516776890624916,4.99,"0"
7,-0.644269442348146,1.41796354547385,1.0743803763556,-0.492199018495015,0.948934094764157,0.428118462833089,1.12063135838353,-3.80786423873589,0.615374730667027,1.24937617815176,-0.619467796121913,0.291474353088705,1.75796421396042,-1.32386521970526,0.686132504394383,-0.0761269994382006,-1.2221273453247,-0.358221569869078,0.324504731321494,-0.156741852488285,1.94346533978412,-1.01545470979971,0.057503529867291,-0.649709005559993,-0.415266566234811,-0.0516342969262494,-1.20692108094258,-1.08533918832377,40.8,"0"
7,-0.89428608220282,0.286157196276544,-0.113192212729871,-0.271526130088604,2.6695986595986,3.72181806112751,0.370145127676916,0.851084443200905,-0.392047586798604,-0.410430432848439,-0.705116586646536,-0.110452261733098,-0.286253632470583,0.0743553603016731,-0.328783050303565,-0.210077268148783,-0.499767968800267,0.118764861004217,0.57032816746536,0.0527356691149697,-0.0734251001059225,-0.268091632235551,-0.204232669947878,1.0115918018785,0.373204680146282,-0.384157307702294,0.0117473564581996,0.14240432992147,93.2,"0"
9,-0.33826175242575,1.11959337641566,1.04436655157316,-0.222187276738296,0.49936080649727,-0.24676110061991,0.651583206489972,0.0695385865186387,-0.736727316364109,-0.366845639206541,1.01761446783262,0.836389570307029,1.00684351373408,-0.443522816876142,0.150219101422635,0.739452777052119,-0.540979921943059,0.47667726004282,0.451772964394125,0.203711454727929,-0.246913936910008,-0.633752642406113,-0.12079408408185,-0.385049925313426,-0.0697330460416923,0.0941988339514961,0.246219304619926,0.0830756493473326,3.68,"0"
10,1.44904378114715,-1.17633882535966,0.913859832832795,-1.37566665499943,-1.97138316545323,-0.62915213889734,-1.4232356010359,0.0484558879088564,-1.72040839292037,1.62665905834133,1.1996439495421,-0.671439778462005,-0.513947152539479,-0.0950450453999549,0.230930409124119,0.0319674667862076,0.253414715863197,0.854343814324194,-0.221365413645481,-0.387226474431156,-0.00930189652490052,0.313894410791098,0.0277401580170247,0.500512287104917,0.25136735874921,-0.129477953726618,0.0428498709381461,0.0162532619375515,7.8,"0"
10,0.38497821518095,0.616109459176472,-0.874299702595052,-0.0940186259679115,2.92458437838817,3.31702716826156,0.470454671805879,0.53824722837695,-0.558894612428441,0.30975539423728,-0.259115563735702,-0.326143233995877,-0.0900467227020648,0.362832368569793,0.928903660629178,-0.129486811402759,-0.809978925963589,0.359985390219981,0.70766382644648,0.12599157561542,0.049923685888971,0.238421512225103,0.00912986861262866,0.996710209581086,-0.767314827174801,-0.492208295340017,0.042472441919027,-0.0543373883732122,9.99,"0"
10,1.249998742053,-1.22163680921816,0.383930151282291,-1.23489868766892,-1.48541947377961,-0.753230164566149,-0.689404975426345,-0.227487227519552,-2.09401057344842,1.32372927445937,0.227666231237246,-0.242681998944186,1.20541680770748,-0.317630527025074,0.725674990179153,-0.815612186027305,0.873936447614439,-0.847788598847099,-0.683192626267037,-0.102755941505071,-0.231809239223849,-0.483285330117712,0.0846676908596583,0.392830885335013,0.161134553588505,-0.354990039673962,0.0264155490776107,0.0424220887282304,121.5,"0"
11,1.0693735878819,0.287722129331455,0.828612726634281,2.71252042961718,-0.178398016248009,0.337543730282968,-0.0967168617395962,0.115981735546597,-0.221082566236194,0.460230444301678,-0.773656930526689,0.32338724546722,-0.0110758870883779,-0.178485175177916,-0.65556427824926,-0.19992517131173,0.1240054151819,-0.980496201537345,-0.982916082135047,-0.153197231044512,-0.0368755317335273,0.0744124028162195,-0.0714074332998586,0.104743752596029,0.548264725394119,0.104094153162781,0.0214910583643189,0.021293311477486,27.5,"0"
12,-2.7918547659339,-0.327770756658658,1.64175016056605,1.76747274389883,-0.136588446465306,0.80759646826532,-0.422911389711497,-1.90710747624096,0.755712908314791,1.1510869876677,0.844555470974377,0.7929439518176,0.370448092803246,-0.734975105820311,0.406795710431001,-0.303057623825763,-0.155868714793874,0.778265457041536,2.22186801373788,-1.58212204356551,1.15166304848789,0.222181966098225,1.02058620426601,0.0283166513238872,-0.232746324289105,-0.23555721754117,-0.16477751177654,-0.0301536365592253,58.8,"0"
12,-0.752417042956605,0.345485415344747,2.05732291276727,-1.46864329840046,-1.1583936804082,-0.0778498291166733,-0.608581418236123,0.00360348436201849,-0.436166983515744,0.747730827192802,-0.793980602837221,-0.770406728847129,1.04762699748088,-1.06660368148653,1.10695345662141,1.66011355713381,-0.279265373246772,-0.419994141181313,0.432535348618175,0.263450864446125,0.499624954671111,1.35365048557231,-0.256573280448308,-0.0650837078816517,-0.0391243535426488,-0.0870864732146962,-0.180997500092721,0.129394059390202,15.99,"0"
12,1.10321543528383,-0.0402962145973447,1.2673320885949,1.28909146962552,-0.735997163604068,0.288069162976262,-0.586056786337461,0.189379713679593,0.782332891785191,-0.267975066537173,-0.450311279515466,0.936707714991982,0.708380406186981,-0.468647287707221,0.354574063407955,-0.246634655717582,-0.00921237772707382,-0.595912405700819,-0.57568162226261,-0.113910176982092,-0.0246120063374677,0.196001952806192,0.0138016541409422,0.103758331023198,0.364297540595235,-0.382260574113217,0.092809187460487,0.0370505169810008,12.99,"0"
13,-0.436905071360625,0.918966212909322,0.92459077438817,-0.727219053596792,0.915678718106307,-0.127867352079254,0.707641607333935,0.0879623554672504,-0.66527135413364,-0.737979823596458,0.32409781346169,0.277192107214981,0.252624256310781,-0.291896460370468,-0.184520169327133,1.14317370716197,-0.92870926272403,0.680469592634687,0.0254364616880793,-0.0470212823165035,-0.194795823794671,-0.672637997017793,-0.156857514491897,-0.888386320943716,-0.342413218776576,-0.049026728633951,0.0796923991551505,0.131023789452311,0.89,"0"
14,-5.40125766315825,-5.45014783420644,1.18630463143652,1.73623880012095,3.04910587764025,-1.76340557365201,-1.55973769907953,0.160841747266769,1.23308974041888,0.345172827050629,0.917229867699146,0.970116716069048,-0.266567764915222,-0.479129929276704,-0.526608502569153,0.47200411177674,-0.725480944982201,0.075081351540202,-0.406866573198217,-2.19684802485647,-0.503600328973703,0.984459785590244,2.45858857639219,0.0421188969891572,-0.481630823956716,-0.621272013713977,0.392053289557744,0.949594245504846,46.8,"0"
15,1.4929359769862,-1.02934573189487,0.45479473374366,-1.43802587991702,-1.55543410136344,-0.720961147043557,-1.08066413038614,-0.0531271179483221,-1.9786815953872,1.63807603690446,1.07754241162743,-0.63204651464934,-0.41695716661602,0.0520105153724404,-0.0429789228232019,-0.166432496451972,0.304241418614353,0.554432499062278,0.0542295152184719,-0.387910172646258,-0.177649846438814,-0.175073809074822,0.0400022190621329,0.295813862676508,0.33293059939425,-0.220384850672322,0.0222984359135846,0.00760225559997897,5,"0"
16,0.694884775607337,-1.36181910308009,1.02922103956032,0.834159299216716,-1.19120879445965,1.30910881872952,-0.878585911450457,0.4452901278385,-0.446195831557423,0.568520735086962,1.01915061274695,1.29832870056251,0.420480265280796,-0.372650997239682,-0.807979512809369,-2.04455748288968,0.515663469043577,0.625847298442513,-1.30040816880609,-0.138333940419021,-0.295582931552029,-0.571955006812512,-0.0508807005036795,-0.304214501020644,0.0720010061385359,-0.422234430367677,0.0865533980909977,0.0634986493439305,231.71,"0"
17,0.962496069914852,0.32846102605212,-0.17147905415064,2.10920406774016,1.12956557126894,1.6960376856836,0.107711607311367,0.521502163844302,-1.19131110205143,0.724396314588903,1.6903299205808,0.406773575635315,-0.936421295934551,0.98373941913199,0.710910766068067,-0.602231772166344,0.402484375627273,-1.73716203452457,-2.02761232183279,-0.269320966548419,0.14399742335114,0.402491661406291,-0.0485082211745289,-1.37186629453889,0.390813885438659,0.199963657504328,0.0163706432842991,-0.01460532767228,34.09,"0"
18,1.16661638244228,0.502120087854101,-0.0673003143663533,2.26156923949128,0.428804194630708,0.0894735167274599,0.241146579907281,0.138081705243702,-0.989162395259052,0.922174967079328,0.744785789437272,-0.531377250104474,-2.1053464503177,1.12687010488156,0.00307532251490036,0.424424506356606,-0.454475291663708,-0.0988706272108058,-0.816597306905994,-0.307168508741084,0.0187018719918659,-0.0619722672279421,-0.103854921794533,-0.370415176650599,0.603200338674873,0.108555872801682,-0.0405207055560295,-0.0114178152991164,2.28,"0"
18,0.247491127783665,0.277665627353681,1.18547084217971,-0.0926025498576041,-1.31439397897076,-0.150115997622665,-0.946364950111676,-1.61793505064675,1.54407140197844,-0.82988060074647,-0.583199526903095,0.524933232159904,-0.45337529664688,0.0813930875646215,1.55520419597553,-1.39689489286937,0.783130838324676,0.436621213910235,2.17780716839543,-0.230983142903519,1.65018036054154,0.200454090999037,-0.185352508080436,0.42307314795406,0.820591261750983,-0.227631863934761,0.336634446911129,0.250475352427605,22.75,"0"
22,-1.94652513121534,-0.0449005054418194,-0.405570068378956,-1.01305733702394,2.94196769950545,2.95505339674562,-0.0630631473635638,0.855546309018146,0.0499669002270836,0.573742508037695,-0.0812565147381817,-0.215745003282808,0.0441606277765361,0.0338977566837455,1.19071767502074,0.578843475256385,-0.975667025451307,0.0440628177757039,0.488602868957758,-0.216715254448926,-0.579525934402369,-0.799228952914653,0.870300215304704,0.983421492506598,0.321201132609584,0.149649876930755,0.707518836410842,0.014599751533029,0.89,"0"
22,-2.0742946722629,-0.121481799450951,1.32202063048967,0.410007514171835,0.295197545759436,-0.95953722984438,0.543985491287656,-0.104626728092018,0.475664017945495,0.149450615348245,-0.856566363963256,-0.180523156037298,-0.655232930357476,-0.27979685563853,-0.21166795514315,-0.333320609694671,0.010751094250554,-0.488472666295676,0.505751034478604,-0.386693573241769,-0.403639498840125,-0.227404004096502,0.742434864076795,0.398534855447456,0.249212161486784,0.274404273874965,0.359969356358436,0.243231671798911,26.43,"0"
23,1.17328461017079,0.353497876646456,0.28390506526532,1.1335633178795,-0.172577181842493,-0.916053706932115,0.36902484539083,-0.327260242196767,-0.24665102789456,-0.0461393022689538,-0.143418527309124,0.979350375717585,1.49228543545219,0.101417525935881,0.76147754528118,-0.014584082470356,-0.511640116553888,-0.32505635460906,-0.390933797720026,0.0278779087328671,0.0670033044874043,0.227811927638182,-0.150487224821759,0.43504510338369,0.724824579577241,-0.337082059875827,0.0163683792669046,0.0300411908366385,41.88,"0"
23,1.32270726911234,-0.17404083293642,0.434555031250987,0.576037652384661,-0.836758045983797,-0.831083411483829,-0.264904960791055,-0.220981942667704,-1.07142461772052,0.868558547570527,-0.641506289794406,-0.111315775017413,0.361485409760927,0.171945121866125,0.782166531823632,-1.35587072953395,-0.216935152965165,1.27176538520308,-1.24062193508556,-0.522950940722936,-0.284375572220815,-0.323357410638449,-0.0377099050596787,0.347150938808497,0.559639136527168,-0.280158165778367,0.042335257639718,0.0288223002307744,16,"0"
23,-0.414288810090829,0.905437322625407,1.72745294417921,1.47347126657189,0.00744274117322988,-0.200330677416199,0.740228319420026,-0.029247400012072,-0.593392019124765,-0.346188231273199,-0.0121421884961019,0.786796316060126,0.635953883297271,-0.0863244719500975,0.0768036871984215,-1.4059193336148,0.775591738395162,-0.94288892749919,0.543969461627011,0.0973075910928853,0.0772374339988386,0.457330598656119,-0.038499724582026,0.642521902774992,-0.183891335259639,-0.277464019495649,0.182687486490454,0.152664644968975,33,"0"
23,1.05938711501788,-0.175319186719244,1.26612964251002,1.18610995469348,-0.786001752758539,0.578435276462307,-0.767084276374229,0.401046149117525,0.699499675903727,-0.0647375556773487,1.04829248789913,1.00561836488785,-0.542001579163132,-0.0399145024672579,-0.218683247678604,0.00447568219903875,-0.193554038650394,0.0423879619548074,-0.277833720535009,-0.178023367448801,0.0136762939208399,0.213733610123234,0.0144618494665875,0.00295085991542244,0.294638014829328,-0.395069505138473,0.081461117248889,0.0242203485620962,12.99,"0"
24,1.23742903021294,0.0610425841868962,0.380525879794222,0.761564111432371,-0.359770710369787,-0.494084149915291,0.00649421810779282,-0.133862379689891,0.438809736716666,-0.207358045517011,-0.92918211475144,0.5271060605933,0.348675901114132,-0.152535138608542,-0.218385629647018,-0.191551818259596,-0.116580602716053,-0.633790816521738,0.348415801097774,-0.0663513345433597,-0.245682498259096,-0.530900256150069,-0.0442653968237672,0.0791680288586917,0.50913568954621,0.288857833917937,-0.0227049816562784,0.0118362314304161,17.28,"0"
25,1.11400859541157,0.0855460896870318,0.493702487395368,1.33575998514475,-0.300188550950467,-0.0107537834263628,-0.11876001509605,0.188616695943139,0.20568684906514,0.0822622587556722,1.13355567149479,0.626699002489221,-1.49278039238295,0.520787893899183,-0.674592596871812,-0.529108241855907,0.158256197923207,-0.398751479349713,-0.1457089090445,-0.273832367278761,-0.0532336603921118,-0.0047601512119153,-0.0314701703936453,0.198053718143193,0.565007312878958,-0.337718126200803,0.0290574021222937,0.00445263143187997,4.45,"0"
26,-0.529912284186556,0.873891581460326,1.34724732930113,0.145456676582257,0.414208858362661,0.10022309405219,0.711206082959649,0.1760659570625,-0.286716934699997,-0.484687683196852,0.872489590125871,0.851635859904339,-0.571745302934562,0.100974273045751,-1.51977183258512,-0.284375978261788,-0.310523584869201,-0.404247868800905,-0.823373523914155,-0.290347610865436,0.0469490671140629,0.208104855076299,-0.185548346773547,0.00103065983293288,0.0988157011025622,-0.552903603040518,-0.0732880835681738,0.0233070451077205,6.14,"0"
26,-0.529912284186556,0.873891581460326,1.34724732930113,0.145456676582257,0.414208858362661,0.10022309405219,0.711206082959649,0.1760659570625,-0.286716934699997,-0.484687683196852,0.872489590125871,0.851635859904339,-0.571745302934562,0.100974273045751,-1.51977183258512,-0.284375978261788,-0.310523584869201,-0.404247868800905,-0.823373523914155,-0.290347610865436,0.0469490671140629,0.208104855076299,-0.185548346773547,0.00103065983293288,0.0988157011025622,-0.552903603040518,-0.0732880835681738,0.0233070451077205,6.14,"0"
26,-0.53538776309446,0.865267807575272,1.35107628772237,0.14757547449791,0.433680212077009,0.0869829381161816,0.693039311115721,0.179742260742556,-0.285641861230583,-0.482474471178567,0.871799580440785,0.853447434991487,-0.571821891415037,0.102252103048142,-1.51999120265821,-0.285912497081499,-0.309633386824141,-0.403901992939884,-0.823742994489464,-0.283263782156003,0.049525686687599,0.206536543024476,-0.18710806982075,0.000753014257497798,0.0981166059546266,-0.553470968822753,-0.0783055021726955,0.0254273775211197,1.77,"0"
26,-0.53538776309446,0.865267807575272,1.35107628772237,0.14757547449791,0.433680212077009,0.0869829381161816,0.693039311115721,0.179742260742556,-0.285641861230583,-0.482474471178567,0.871799580440785,0.853447434991487,-0.571821891415037,0.102252103048142,-1.51999120265821,-0.285912497081499,-0.309633386824141,-0.403901992939884,-0.823742994489464,-0.283263782156003,0.049525686687599,0.206536543024476,-0.18710806982075,0.000753014257497798,0.0981166059546266,-0.553470968822753,-0.0783055021726955,0.0254273775211197,1.77,"0"
27,-0.246045948703835,0.47326690335701,1.69573755374059,0.262411487973117,-0.0108664136529745,-0.610835935296661,0.793936545512066,-0.247252830908628,0.138879113774066,-0.401007068346067,-0.812050381942678,-0.183524462361787,-0.630112887102238,-0.286217451066222,-0.337046323577501,-0.42810547355755,-0.0306021083323427,-0.504568166264421,0.355180278263647,0.0457211272611911,-0.194599935207223,-0.335132725895693,-0.0781796063470994,0.392783891527158,-0.0311571467736638,0.198036799472821,-0.175347300741823,-0.203616155701414,30.49,"0"
27,-1.45218727859439,1.76512373913739,0.611668540757038,1.17682498424561,-0.445979892057813,0.246826451919258,-0.257566155685306,1.0924724973132,-0.607524461211062,0.0471555530038123,0.783726853195604,1.0963856736135,-0.26809420573452,0.768648040128495,-0.524367354238622,-0.808816147106875,0.710386067439587,-0.11836878699997,0.979287835535805,0.00871333379747532,0.0822798172206588,0.325782190832103,-0.069107391080501,0.0209619966159794,-0.0446684875032122,-0.243441391677247,0.149180325186687,0.120556907850199,1.8,"0"
29,0.996369531566045,-0.12258878723806,0.546819472613086,0.706579541087689,0.134559557409452,1.15699511200606,-0.294561331432968,0.407429099419853,0.337862663634561,-0.408150492552647,0.682646123949549,1.25371968484033,0.391917044082342,-0.0375108583595551,0.795301519477008,-1.6682105913656,1.32299488209244,-2.83003522867318,-1.46343168833485,-0.203461209817417,-0.0763018365480559,0.108866913420892,0.162230940339532,-0.575624047818567,0.109794914589208,0.373813367278979,0.0505521972760614,0.00510555920011407,20.53,"0"
29,1.11088034163339,0.168716770722767,0.517143960377807,1.32540691997371,-0.191573353787583,0.0195037226488424,-0.0318491084003128,0.117619919555324,0.017664720727696,0.0448647914479061,1.3450747987323,1.28633962057665,-0.252267065685462,0.274457682308765,-0.810394372378945,-0.587005063447401,0.0874510738489092,-0.550473628153257,-0.1547493550961,-0.19011971084361,-0.0377086544989231,0.0957014620432248,-0.0481976468634584,0.232114939125133,0.606200748965636,-0.342096828961882,0.0367696053150443,0.0074799607310723,6.54,"0"
32,1.24905471963177,-0.624727077037783,-0.710588903536079,-0.991600360912692,1.42997319213398,3.69297701929891,-1.09020864122523,0.967290815452715,0.850148519454057,-0.307081111779614,-0.456245308321934,0.229981349844581,-0.0169130995868782,-0.220846086114885,0.362417698896289,0.315222304210749,-0.512265445432752,0.11899461869584,0.574720159539024,0.0978526921491637,-0.00629271415563999,0.00920022451060978,-0.129463200605864,1.11297017048455,0.500382108623099,1.19654919930281,-0.0482204354357297,0.00509362198376849,29.89,"0"
32,-2.00887179458613,2.19852650316899,0.144241739942708,1.15943226211997,-0.815174287845416,0.182288271256805,-0.617108301549016,1.53081672758398,-0.586832286254875,0.129875750830725,0.658479448325034,1.26504921848771,-0.2065181664078,1.01360321158387,-0.549413509634851,-0.708034201312287,0.869643169489364,-0.0956595595028157,0.944395409086946,0.0287401249115119,0.0949173066809993,0.294982704383812,0.0110813838630497,0.0152493720986061,0.0342106363420669,-0.236141101571547,0.128290672598229,0.117985989919298,2.35,"0"
33,-0.607877142993026,1.03134507783793,1.74044973731533,1.23210555042311,0.418592260222944,0.119168118951909,0.850892666335631,-0.176267418873834,-0.243501347955064,0.148455489833925,-0.387003094237291,0.398299276642617,0.48191674848907,-0.3654390925945,0.235544572141109,-1.34781146032981,0.504648259572464,-0.798404510811433,0.759710307289684,0.254324777846538,-0.0873291909450489,0.258315279877507,-0.26477502289338,0.118282367139248,0.173508081148748,-0.217041286803197,0.0943119126010652,-0.0330412960342469,14.8,"0"
33,-0.935731508971261,0.170415774156885,2.74626126916024,-1.07796491232198,-0.305594036012037,0.011577039242069,-0.296178450741079,0.402775569749032,-0.0404717463090409,-0.852045975590358,1.55210930576859,0.953561030493519,0.415429902142844,-0.233899924821916,0.452335831951489,0.844368276957724,-0.822739085535726,0.338821621743895,-1.21423442764473,-0.00541945029011228,0.401212016276093,1.06486425408903,-0.15832543563046,0.295505486260758,-0.259369647631841,0.754194722556598,0.0466637698225124,0.093947918225147,9.1,"0"
34,-0.762255665726893,0.127767751953647,2.65005638571315,-1.87566277123804,-0.893356398126455,-0.268714889488759,-0.419863596621261,0.146233406715251,-0.869635290154597,-0.0386516694016891,-0.686124387103008,-0.502910878643487,1.38082632218495,-1.03912460633328,0.652842089032808,1.89874756257003,-0.458413549068005,-0.559803242547051,-0.295102639926884,0.359392905714987,0.433349641511561,1.26040266443393,-0.404700036155232,0.0949455232807396,0.480975976870017,-0.0906846797223101,0.319222972697776,0.135599924615913,15.99,"0"
34,1.13831556625444,0.0569559699973862,0.649418964599217,0.873062040924213,-0.468466330715866,-0.410194552246249,-0.0138975543027732,-0.0724396093157116,0.306787909036459,-0.269952637390657,-0.00260184782303436,1.12430421589913,0.744206684168937,-0.188353421358499,-0.07566196255573,-0.70919227171914,0.381219102546287,-1.37208017404084,-0.273701149259017,-0.078354632808708,-0.16422241479465,-0.247400539229342,0.0594050645049741,0.456286465174056,0.361004003525112,0.274414145848337,-0.00249836244665451,0.017108846940255,21.34,"0"
34,-0.291540244596543,0.445575313725742,1.2497521162384,-1.73573588991416,0.0857555587180682,-0.121924299130972,0.40771585706035,0.095309377625631,0.815902286836031,-1.49118801152726,-0.846191380399744,0.0565325500897555,-0.058953530005169,0.151922601756511,1.9825948818916,-0.443295054363626,-0.318251412005902,0.0647871665050688,0.613505272287834,-0.0335223445539186,-0.0649061469721262,-0.120448981687137,-0.156525633679736,-0.800212850852097,-0.000620391689963862,-0.835203307198696,0.131001420802654,0.0628962699466281,18.95,"0"
34,0.201685891430752,0.497483215432781,1.3739125741005,0.571405317647578,-0.630657750142243,-0.539659123772599,-0.0762702908119869,-0.917105750019037,0.270008406215231,-0.480280682110825,-0.512532739970476,0.680906258686799,0.089923036521968,-0.157405056857078,-0.588819331688659,-0.477908445696603,0.22538879557879,-0.668680159238467,-0.0235994213112055,-0.222302592236684,0.718961069869173,-0.17187687023179,-0.16620525458887,0.776471323845633,0.818460355548391,0.442547455443563,0.142757246943121,0.219237609708497,9.99,"0"
35,1.38639697419213,-0.794209465382612,0.778224190591254,-0.864708433897642,-1.06413227965342,0.351296173582744,-1.19145458338703,0.052685634312249,-0.304404039275229,0.576516808924066,-1.63111176189277,0.0425595121222894,2.04789831589105,-0.739338428608896,1.45622204419365,-0.272049582980028,-0.932007398445801,1.92653220035244,-0.659939172907678,-0.273032886609131,-0.228726645592863,-0.123522420123964,-0.131025121563502,-0.929668178912028,0.181379006488932,1.19492806430879,0.000531331886203401,0.0199106229397932,30.9,"0"
35,-1.06323567874519,1.41819062554828,1.08667286312649,1.24143960031209,0.00230612611071083,0.0459015812190403,0.514120896637259,0.241252403456357,-0.154499951014978,0.280672622055497,-0.531948028103641,0.589857529006045,0.555086956115103,-0.116357328890885,0.165886171204421,-1.23721002679517,0.638414233299701,-0.776070594624742,0.692805890042676,0.235008925706976,-0.0572284702226962,0.314152998030344,-0.129862928270599,0.11428370785009,-0.0278124769514765,-0.259937015630799,0.118753639651127,-0.0089562977983754,20.22,"0"
35,1.19935593362078,0.129953154513887,0.863584970776281,1.00263476869323,-0.783761014593659,-0.884679005672016,-0.0407432757589571,-0.208068511671504,0.392477871628745,-0.248177899888804,-0.0953627524727861,1.31413104809224,1.0916814094227,-0.409346352255035,-0.577994104632916,-0.581283742420706,0.212342679791527,-0.893181252962422,-0.0206528853522847,-0.0726201259267691,-0.0424680857272564,0.198474051899343,-0.0330099751170921,1.01329013084481,0.559097511348329,0.401817534390101,-0.00586465649000008,0.0179360319171187,0.99,"0"
36,-1.00492933857661,-0.985977681437715,-0.0380388289597724,3.71006135915003,-6.63195083213121,5.12210258142297,4.37169125592055,-2.00686750606648,-0.278736460739287,-0.230872923441907,0.145155263239837,-0.0631560504596301,-0.79958507056403,-0.341956368039262,-0.930529781903999,0.510510185482595,0.0924281060557055,0.823984132238812,1.19039780013038,-0.00197997769185823,1.39340600409007,-0.381671395166542,0.969719175646086,0.0194447958389348,0.57092281345927,0.333277781691674,0.857373192365587,-0.0755382461617961,1402.95,"0"
36,-1.16942245796433,1.15831387032695,1.40679953629777,0.860188897348956,-0.103809888790759,0.122034779552914,0.264451377145263,-0.108766588645948,-0.181976611127934,0.659592648943552,0.45631688991831,-0.097762710197907,-0.346158686301307,0.210182391368661,2.34522933348286,-1.1726476833364,0.860018873573656,-1.15422426573603,0.858768026366302,-0.120560177945327,0.0244979038810766,-0.120153158421006,0.212986045163239,0.0875357633653697,-0.946529684037448,0.226700388710984,-0.810100768391406,0.234956581343876,7.99,"0"
36,1.09552460629831,-0.116085345733392,1.39791191546724,1.49754690019101,-1.0491239994212,0.0728385348036489,-0.723802080255301,0.287532472980736,0.996326812363796,-0.149144652839117,-0.508291668719983,-0.0278409029803608,-1.32155975244457,-0.0624044666639764,0.505750535601976,-0.209298470605219,0.207536533977023,-0.471334706912941,-0.736297582236995,-0.275034578640693,-0.0332341723097201,0.0932618845502939,0.0894983953019386,0.361261297686165,0.250962947610691,-0.378279979683085,0.0810238996896179,0.0342269381560285,2.09,"0"
37,1.29566762073068,0.341483451353791,0.0815051987484797,0.566746069705835,-0.110458773277264,-0.766324792720234,0.0731549033988192,-0.168304137620736,0.0718371100236598,-0.28104399420091,-0.549533938889144,0.0490931624959103,0.303950022826475,-0.316750192452704,1.13489720516941,0.635909577425588,-0.199763166132168,-0.122051064207473,0.0045161815786887,-0.0659833832780103,-0.323607229319987,-0.929781372142459,0.063808805668539,-0.193565114648984,0.287574217952475,0.127880985217088,-0.0237311930875266,0.0251996726837571,0.99,"0"
38,0.158331782301759,0.872687435246972,0.965524582020175,1.80212716128867,0.139021981009842,0.110863099962207,0.559079185876476,-0.0290709324327654,-0.394912253717594,0.0326744802467683,-0.500918900235755,0.631916037705799,0.754693616555678,-0.0476554686939835,0.348217616820134,-1.49352680501418,0.757230631601602,-0.68436921621072,1.30335875909536,0.089837782828709,0.116269965704937,0.691685038730085,0.121112830020818,0.116142167643855,-1.1127250116355,-0.303369145265663,0.32753280391296,0.255621383050512,21.76,"0"
39,-0.554064564931988,0.215728297966379,0.84426462904462,-0.753067316254495,0.0348484695858477,-0.558597247605412,1.09040095790026,-0.203873231509391,0.262393622286028,-1.35471021992455,-0.0948798795631494,0.953745991690559,0.836964039089714,0.14475220028962,1.15660953164838,-1.933020942756,0.741348957532257,-0.513609928080678,1.5673453867025,0.383282932954218,0.212133973378933,0.702337604074802,-0.0057006020965723,0.147346442427205,0.245651952176691,-0.440456209881165,0.147130419245981,0.13946773165502,120.96,"0"
39,-1.33088157532471,0.26754022707339,-0.168469573562158,-0.701232147988771,3.28197152637576,3.21638961502674,-0.0593943523071498,0.895430427879541,-0.0177788238187959,-0.165753217895266,-0.765047305633999,-0.0156362827296156,-0.356625989563243,-0.0412000005982097,-0.735103099898972,0.0305333144480771,-0.778067287751348,-0.0151596831713987,-0.152824068495873,-0.113875191254896,-0.151042302183246,-0.311726353053032,-0.374792812734778,1.01488604023913,0.353991877144656,-0.51032707197523,0.159032671096812,0.228707927508465,13.84,"0"
40,1.11069200372208,0.0819419013829698,0.406063037313593,1.29074038305994,-0.169813148258441,0.120955382832246,-0.080845204793183,0.17437308481531,0.152070726014375,0.0652667231931254,1.02454976986831,0.793137179599713,-1.01503970254654,0.422995451627276,-0.706629551160314,-0.488455357544419,0.0585314477120091,-0.383627225929433,-0.0740676980785363,-0.2198461004264,-0.0560239846247868,-0.0116030864282728,-0.070482892402791,0.00434519145725972,0.60392864054067,-0.327424451316207,0.0298896885491626,0.00494429617585088,13.84,"0"
41,1.15431211678574,0.265462317325236,0.384870524075104,0.575007040189308,-0.217475464731052,-0.391519648227507,-0.081488956561272,0.062789489939691,-0.26058332390039,-0.161677216936728,2.05292777700016,1.13082593391895,0.189484506115511,-0.0707926116953762,0.619345198096689,0.318582896539062,0.090232112025443,-0.331450411508532,-0.344721213431806,-0.0995797456243433,-0.193213341350887,-0.557685063301591,0.16949206868172,0.186862704114817,0.0892519829822865,0.0936262298809123,-0.00963264036329018,0.0196676927362536,2.67,"0"
41,0.986063325558912,-0.202964586766765,-0.492768147356141,0.407691274714408,0.305660256237429,-0.230529178948424,0.585028086151903,-0.208224591017666,-0.247503447978774,-0.192253127963734,-0.628317496088626,0.430307932699876,0.811248019884464,0.371566359048745,1.02607884858679,-0.0285013452690086,-0.3075461030699,-1.09965491470003,0.0107385063797803,0.263505047503593,-0.305873932586351,-1.21655526869515,-0.0776015256345218,-0.741340787959936,0.286881124869204,0.200346695511119,-0.0752033513991597,0.0272712185948336,169.05,"0"
41,1.1387593359078,-1.19295282747355,1.40713083554771,-0.330070103385594,-2.06950346000893,-0.242175406330976,-1.30663511427275,0.104510402617049,0.1346282320753,0.493931277386145,-0.8951875984556,-0.182695452453829,0.146080827117795,-0.586610838748991,0.797189022079305,-0.891720829484445,-0.0792078211726979,1.54158849386504,-0.983586179206678,-0.299307434385076,-0.156198371672557,-0.0305687768825267,-0.0197233842526695,0.433752601084651,-0.0295214595585981,1.14124130155645,-0.00861206031729643,0.0415638961546465,96.94,"0"
41,1.14552438734553,0.575067968122658,0.194008459987088,2.59819174498796,-0.0922100226629796,-1.0444295836732,0.531587592965216,-0.241888126572805,-0.896287173943134,0.757952330755115,-0.448937077852659,-0.660863324849119,-1.30852217275468,0.788863794122663,0.320294451189993,0.295403810318671,-0.28787845487047,-0.451452922896375,-1.01144616734405,-0.191049987046098,0.0111063338152907,-0.119703100297783,-0.0765095275824603,0.691320431435738,0.633983977143587,0.0487412744528967,-0.0531919416370361,0.0162514987654748,34.13,"0"
42,-0.249361327961551,0.399227372862504,0.068009333708328,-1.06061882632292,2.41039917069756,3.73657391553938,0.316446080126551,0.672296305826337,0.015140168440884,-0.269501562245437,-0.495120449984549,-0.161505830003069,-0.274214413311662,-0.27619076761852,-0.172408739733759,-0.118962106359993,-0.550002391086682,-0.148051640353341,0.771761782834217,0.107676349446719,-0.257662841099466,-0.616762290166941,-0.156668822049934,1.03113494324514,0.120617108005851,0.310494066716854,-0.288298624314493,-0.223964274021454,32.51,"0"
42,-0.522666281326226,1.00992300182961,0.276469594612311,1.47528945859934,-0.707012562987729,0.355242551803606,1.55984878741899,-0.399578612449174,-0.479812993616112,0.516352274838619,0.0343304585928822,0.589225512111296,1.4269098018209,0.0205102490819948,1.65133636674485,-0.961342569180643,0.24636005877088,-0.40753729696982,0.917399011636689,-0.0130160210270286,0.1724014772054,1.01154336015453,0.0696662727096649,0.15781974077871,-1.10922431803229,-0.302369335098658,0.318170337330597,0.316909559697327,243.66,"0"
44,-0.899992449383227,0.136254782203579,1.88366470990807,-0.208996095601994,1.05144062021155,1.90524133632435,0.241423250138503,0.647630723466254,-0.0534662496159594,-0.504170551077414,1.25459880723608,-0.236629189514631,-2.51758729019083,0.384573507124186,0.343832096830213,-1.37056313688268,0.958567981636055,-1.60724169293268,-0.647256440015303,-0.121725831425047,-0.0815002177255612,-0.0169258892202723,-0.147706272837016,-1.38462020304382,-0.0243520909920119,0.412659496074958,-0.106776267626847,-0.190475773260189,21.55,"0"
44,-0.7147640190509,0.514968588809346,1.82167562698994,0.616433633112349,0.848775614560403,-0.111938136930971,1.50561708184721,-0.798167297930687,0.244756558759933,0.264554166932915,-1.10811404262763,-0.359860224587481,-0.163471394515264,-0.78399685528552,-0.367152826926958,-0.653118889937787,-0.50429999683849,-0.260560360493109,0.435251051618086,0.107321716256365,-0.220075387734134,-0.0178447101595565,-0.431938291624419,-0.130458458758134,0.337158591609192,-0.440041535079763,-0.674526156912284,-0.473217566024028,59.9,"0"
44,-0.948896382774995,0.248413620091971,2.956914245378,2.81374999056136,0.145538801826429,-0.0273529716038449,0.133701634240577,-0.307534956765323,-0.125243760627442,1.03493960020462,-0.532647840011533,-0.189877966199305,0.0812221878395934,-0.939053267606033,0.081187230147607,-0.129784753449715,-0.17435346324256,-0.0902909933540908,0.222434544172135,-0.0561863263047544,-0.0836469065443144,0.416090081889729,0.207536734987955,0.716064035097256,-0.602311114532848,-0.0642300143639965,-0.315057518447682,-0.272463332248231,0.75,"0"
44,0.92706024886951,-0.323683971710722,0.387584831023695,0.544473988630298,0.246787394713325,1.65035780450716,-0.427576017481436,0.615370698363494,0.22627827499351,-0.225495240788102,1.94454487261209,1.38515995366242,-0.479261670753128,0.314166275947243,0.214167230654249,-1.33371647303753,1.0028690205298,-2.1193135015833,-1.05304305618293,-0.185390374533289,-0.0405130479745848,0.0793594012040047,0.0966317456875458,-0.992568668943493,0.0850958289136786,0.377447205341889,0.0360964213118972,-0.00596028607818299,45.71,"0"
46,-1.92321320363186,-0.870482324116727,2.32016962893044,1.98877580146727,0.417090785024797,-0.380013723200936,0.472139269598768,-0.557333241041249,-0.649079050397235,1.41088888300776,-0.517736958000633,-0.985201772757918,-0.400594745446622,-0.830664635864875,0.338009486308628,0.0299241758036659,0.37115031113381,-1.05431867206706,1.89036392388461,-0.36922739831731,-0.686487767489979,-0.779267566437133,1.08605501915054,0.518863427142479,-0.363712017511894,3.06557569653728,-0.589022174639728,-0.396109822649589,35,"0"
46,1.00658858258061,-0.0711053573592864,0.347613710129268,1.32968404626518,-0.193239540558001,0.155418220951582,0.00857355004537538,0.146537701158532,0.103844303499997,0.0318300248431995,1.07098086659495,0.940664826248853,-0.729473777220335,0.380114784646787,-0.729126304640312,-0.493402464675541,0.0435558761530204,-0.405289649578765,-0.092584543842081,-0.091366856699256,-0.0202386866152166,-0.0188806243664369,-0.120966187234267,0.0273817885188254,0.59386362410547,-0.334687921975777,0.0213680104004056,0.0150804012744551,67.97,"0"
46,-0.378244634508222,0.732925473144789,-0.12015421084374,0.18575507207311,2.59426949152718,3.79718265118537,0.0590879612001456,0.976768278020551,-0.412660864918736,0.0067536882536664,-0.624666242175613,-0.115851957802005,-0.215037272965066,0.14044940338935,0.160265566475215,-0.601890179366329,-0.144355315240532,0.221557464920078,1.45485216223185,0.315571560739074,-0.107581845449129,-0.157139517354471,-0.194659196235448,1.01389734659882,0.145503366823794,-0.237619522591439,0.411371737390151,0.202788454962588,11.45,"0"
47,1.19783859904952,0.236827617702066,0.509605001633564,0.657658659875326,-0.365487846531556,-0.745101067219334,0.079497447992953,-0.130535519206068,-0.0522631188334045,-0.110057897667251,0.307131474741218,0.670664429232084,0.437973609417859,0.269026235243189,1.12741944172679,-0.196922570885677,0.00770367393603528,-1.12264047790795,-0.590917690926777,-0.120981428275126,-0.149875596688501,-0.374210667597001,0.145515985807902,0.414983921314997,0.212156010664903,0.181724249919295,-0.0164021340612288,0.0159942089881169,3.63,"0"
48,-0.580628965016257,0.482683933097182,1.33312308028373,-0.253080022676203,-0.0284689398233383,-0.519165700319527,0.503249460809705,0.117773482896021,0.117112238017822,-0.420487538793211,0.449718913713424,-0.0178648303429265,-1.98382317941023,0.321663489232864,-1.42530187959129,0.125194163398465,-0.404409451618886,0.0977768572186709,-0.0205312679140408,-0.298750730213523,-0.0421423262477711,-0.148707275565971,0.00145116497714452,0.302764487325416,-0.680714199200363,-0.0155539239808445,-0.00630700434213483,0.164222205343532,21.66,"0"
48,-1.79340624422786,1.85460399082838,0.979513976644481,1.11226152645262,-0.206402962131258,-0.199545668092445,0.6166424042353,0.0641803531775705,0.690271532341837,1.55172381714636,-0.16196484167768,0.424213060982246,0.0159444010110314,-0.405832818314697,0.271930432913219,-1.42302064864536,0.676324382969801,-0.911048300036704,0.461845498112606,0.667846871696291,-0.180722525691681,0.235138169654476,-0.0914415713260925,0.417654473831525,0.122733846237321,-0.232985041190746,0.811879841478301,0.618568311939622,26.72,"0"
49,1.09860834614642,0.202423563829101,0.525455971945753,1.32343627201394,-0.130486421204476,0.0399243070766149,0.0283794159028238,0.0728410708847139,-0.0978693519806861,0.0195129951686423,1.47441332090063,1.68967421758435,0.506780523264567,0.125136664522659,-0.89270971177356,-0.621679133317781,0.0443402665913568,-0.642093954200622,-0.161986891000608,-0.128040892456864,-0.0249716784462107,0.154264260038072,-0.0631467432547598,0.253205307138793,0.629405434975953,-0.345344655387218,0.0404693378711826,0.010263750026757,13.18,"0"
49,-0.549626144798035,0.418949153525597,1.72983325235597,0.203065373845713,-0.187012387610491,0.253877551885213,0.500893777771598,0.251255794962937,-0.227984854678695,-0.57616941989126,1.10203189400426,0.823707807488722,-0.569509883571002,0.00871007349263582,-1.04141380966471,-0.603403099556728,0.225483728892329,-0.352132599922745,0.194946380855442,0.0169703706662638,0.115062465548237,0.418528728119492,-0.0651327882454082,0.264980785082018,0.00395822034181825,0.395968888989273,0.027182102239278,0.0435057557098948,59.99,"0"
49,0.921543679723553,-0.0670837542257563,0.0774610275787093,0.953638217022313,0.0674124629108227,0.0161524649547512,0.32045155695341,0.0385340276125158,-0.391512665081147,0.0315602452397677,1.39169118010671,1.07936321996869,0.106267711683997,0.665985251334808,0.44225355774887,0.122646354959781,-0.492391586114359,-0.535140313996294,-0.0780818341113634,0.120050785637899,-0.333929581340575,-1.29991956674342,0.0843109903360168,-0.370397871198817,0.155101565371628,-0.834490365033198,0.000909065197964509,0.035546875724878,135.51,"0"
50,-0.571520749961747,1.07160044939815,1.28011024961142,0.542780003052458,0.574438986516567,-0.259359265830457,1.0611484151742,-0.410971967925814,-0.17913018113825,1.00350065764887,1.06238226849436,0.159422388058099,-0.2898603137468,0.00580474635482856,0.46044095320685,-0.22103526461389,-0.775852454545776,0.657023315008206,0.80758291868891,0.354730634765855,0.00355852008044498,0.561240486431022,-0.199286719692043,0.00138738938225278,-0.179529951929609,-0.374115725753305,0.0716414539902948,-0.175510468698003,9.79,"0"
50,-0.671708547741052,0.59450259438803,0.216415943954576,-0.867310638854276,2.96690830110092,3.63249487373809,0.563295074740477,0.673025596986071,-0.188766143762422,-0.404378291830518,-0.699710626192874,-0.184142608712838,-0.426813033653942,-0.183001108223398,-0.747731683219242,-0.0377075788937061,-0.866459638474451,-0.00725732026000804,-0.160432044223361,-0.00278433437563492,-0.136440966831564,-0.300362025601945,-0.331691623416602,0.996382470868604,0.502469492348796,-0.51804304841771,-0.208275755084745,-0.116048406394516,14.8,"0"
51,1.25987313565004,0.25423957645842,0.51478862825195,0.620924297433486,-0.475930098771269,-0.992285839202021,0.0664165097996613,-0.209275058074655,0.0355715653783499,-0.0676158213568395,-0.204107263687151,0.402596690697874,0.376647694351449,0.227135013294715,1.02499612132291,0.29953171476471,-0.426046050892739,-0.550315065603572,-0.119898968647883,-0.0889700937046651,-0.256530535925767,-0.739211692487821,0.135732380872138,0.38198986620837,0.219301891750154,0.0942906925877441,-0.0286866677208069,0.019197591087878,1.98,"0"
52,1.14736892702922,0.0590346445535856,0.263632341401774,1.21102345823936,-0.0440955788263387,0.30106650133832,-0.132959855687363,0.227885136251461,0.252191237226831,0.083903938117339,0.645046450909254,0.413361748049543,-1.46803602930219,0.502861187887764,-0.626936022547138,-0.369716051829749,-0.0317992395701179,-0.215342173803487,0.0550196503583034,-0.255923874900886,-0.0878134178536766,-0.110756406773342,-0.0977707247600232,-0.323374178237458,0.633278881348768,-0.305327819106935,0.0273941237350875,-0.000580464688818191,6.67,"0"
52,-3.00523672241459,2.60013820219461,1.48369073726212,-2.41847295513682,0.306326406574465,-0.824574531939418,2.0654256392882,-1.82934658938092,4.00925851665725,6.05152135077273,2.57250018194268,0.0668507400137308,-0.353574309497439,-2.83713599830894,0.292226879668893,-0.303773839706442,-1.94230314485255,-0.435449716450276,-0.934016115189154,2.45672404561526,-0.852308858371298,-0.181268483843722,-0.163746504079237,0.515820525800135,0.13631843199517,0.460053967482399,-0.251258637837596,-1.10575115708552,1.46,"0"
53,-1.19896767411718,-1.47410047094211,1.8403259873066,-4.51582435488105,0.327567428246331,-0.174469282834848,0.959725705478786,-1.0264562279545,1.70043458447966,-0.0789417612044958,1.66266714493598,0.485619299748722,-0.93302495795613,-1.11878656487932,0.14125304079379,-2.81188754821512,-0.504745809870121,0.891222663154531,-1.51202243652326,-0.769854286810439,-0.453169416973525,0.334614040441455,-0.364541412466894,-0.310185782073785,-0.30259949355198,-1.24392415371264,-1.12345654520885,-0.73435108581633,89.17,"0"
54,1.20239832807905,0.321711386607054,0.281210894488001,0.643688582463962,-0.148668596204498,-0.589738666993022,0.0484125495667614,-0.0933612495778056,-0.042934036363588,-0.343245662317894,0.235106050512859,0.569881915499773,0.676330388590739,-0.351249746003609,1.29513005856263,0.164859782332548,0.246413935319911,-0.804462522225513,-0.561740542791253,-0.0707505670634631,-0.251113124454264,-0.680155165043549,0.148162526526488,0.0470615008737034,0.157049745885238,0.121934641489905,-0.00460789833531126,0.0294181090910756,7.53,"0"
55,-4.57509260816239,-4.42918377474876,3.40258500379828,0.903914679904333,3.00222377368078,-0.491077708080676,-2.70539316304114,0.666451302156469,1.92221617202329,-0.614312027380396,0.384926576987595,1.1944034523469,-1.02071845428099,-1.24682940571382,-2.34867343715332,-0.213437533486602,-0.100221744823898,-0.406073073481075,-1.63757251876291,-0.960962933953718,-0.0473650289231517,0.853359934678944,-0.971600429208365,-0.114861639404699,0.408300391838859,-0.304576465887789,0.547784788743973,-0.456296829036198,200.01,"0"
55,-0.773450000458189,0.85311249436819,0.818253541761677,-0.236070161217933,0.803462538724049,-1.43872833170719,0.799479364773059,-0.00798899962925418,-0.761089558526749,-1.04446403350044,1.50413489421274,-0.291634167856543,-1.61543302342075,-0.665286835592656,-0.292983045822984,0.803106054187593,0.462149366883927,0.83464109457954,-0.65179683321786,-0.10085848950269,0.0353615493510926,-0.116890316122963,-0.178926346760491,0.400155137444786,-0.0262306839064335,0.16515568350303,0.027761800392197,0.132979788496602,0.76,"0"
56,-0.847998365598453,1.04345933028073,1.26736889218816,1.13552949012637,0.0213621025987426,0.336914104132828,0.398479742797849,0.317399165838859,-0.0286579453593501,0.534033192472464,0.811280074910828,-0.0710028675857182,-1.96905159541282,0.450006443181567,-0.263173073378825,-0.968361412949194,0.459253723662508,0.0037711921426382,1.00071625183199,0.128621717056598,-0.0240461057456474,0.215006397493466,-0.131981589595316,-0.00741562681325391,-0.136578135429545,-0.242960778206656,0.38293084682331,0.276416935663384,20.22,"0"
56,0.0869961905163749,-0.0519887420255876,-0.497882441560081,-3.1519078565141,2.5584003623555,2.79667096978255,0.470283270790146,0.265332802943643,0.919513460198576,-0.735585687981152,0.208724948743441,0.0171306492463427,-0.110866963820059,-0.0426768695073913,1.65414036352275,-0.392648022607194,-0.875960217366143,0.183946189187007,1.25938002787067,0.167231088284993,-0.239425579903453,-0.437342143719405,0.0184257681232037,1.01303776342658,-0.258926558625905,-0.293189252573023,-0.394955581242805,-0.435995593150792,10.84,"0"
59,-0.773292609110981,-4.1460072502577,-0.932037567076045,0.0270936838890165,-1.69830732179181,0.460187805225441,0.737344474460422,-0.314215581514513,-0.84267253845447,0.0172757940177998,-0.617560331727886,-0.197503535476567,1.59495759349141,-0.259878797128783,1.22102546560587,1.32463951224473,0.120540185550046,-1.24864887121931,-0.00506979108522488,2.44278177400485,0.890977779336871,0.0261225750123657,-1.1347693370818,-0.654958249952389,0.0983862618989874,-0.209149914074031,-0.171709156383653,0.208056641158863,1142.02,"0"
59,0.921024018835922,-0.16244686110781,-0.0943313673869069,0.474083926327042,-0.0214859605972665,-0.397506306685279,0.482642978539503,-0.117495974844976,-0.577836031422653,-0.0186071371400667,1.83757918303173,1.45067106438787,0.679743972842061,0.593718449923865,0.249734697673045,-0.0843672205235,-0.25970727981991,-0.894995460456715,-0.0103739416854655,0.214510447897743,-0.209381106373359,-0.930107296377023,0.0285099107931845,0.0326820091099104,0.155130495109473,0.133250470013276,-0.0735342308160852,0.0223491449446096,149.9,"0"
60,1.06914138489519,0.0437859251672304,0.309867290850673,1.31669399295505,-0.462393623949898,-0.857887604269692,0.207903690796087,-0.191269941989371,0.0563978989012889,0.041567455076056,-0.507358124813112,-0.108666220084406,-0.473257348257937,0.452045889971559,1.00567481039881,0.185441397662765,-0.43997575238942,0.0125391476665563,-0.498587992492488,-0.00199825142437605,0.115775449915834,0.164781092368047,-0.177564054530198,0.391890569748269,0.624681738099145,-0.288376427654957,-0.00131183357960522,0.0358115192931624,89.4,"0"
60,1.10702937694843,0.216441000371351,0.538378149708233,1.47639799266774,-0.251941920499494,-0.340679706912496,0.154091744631261,-0.0865025456332286,0.144420201120718,-0.157374627687008,-0.107560297694088,1.0663256573792,0.620788366839222,-0.0708893376688794,-0.203857982828647,-0.853479419330768,0.336478013774869,-1.17953172110404,-0.501729107425755,-0.111852535538935,-0.0600374501076493,0.0598841227860989,-0.0475263664778327,0.443992418636119,0.640295758747984,-0.337657130668521,0.0421084838919154,0.024264710006858,26.72,"0"
62,-1.03510581776689,0.996013127817514,2.19247013559677,-0.170445302779918,-0.302319738525738,-0.142255767700287,0.223431774448596,0.289043410118421,0.0941408906153459,-0.157858732844487,-0.386373549409945,-0.628633662180404,-1.02395821122071,0.0984338746976314,1.56228876196439,0.168577701728536,-0.148826411284152,-0.285927210472601,-0.483363894151224,0.180287626805096,-0.098000008392506,-0.17024584412346,-0.13722752704315,0.0552282789358353,0.0793475542063078,0.302032602113411,0.391377349974797,0.196599880665289,5.99,"0"
64,1.21251089095254,-0.0990542956039435,-1.19209409463426,0.286323561509755,2.16051625183209,3.61631350966622,-0.40420689806665,0.842330951647993,0.169360420742526,-0.0305221765721243,-0.541957258023106,0.237212014866616,-0.218129648703274,0.197436520971338,-0.147850245921019,-0.0978301417256899,-0.51005250120389,-0.0709392806421485,0.355170583653159,0.0147774396345371,-0.167496336516951,-0.494694569848075,-0.149785450968464,1.01122655467101,0.883547704730387,-0.329433810592075,0.020370145679431,0.0170370863505012,34.7,"0"
64,-0.658304934095684,0.40679056737153,2.03746063876455,-0.291297974417195,0.147909808593845,-0.350857291958021,0.945373213135361,-0.172560016733978,0.0251333984849018,-0.778134723733662,-0.196289801937262,0.632955261826373,0.374025171567011,-0.531597207426503,-0.615062565100624,-0.518078459185166,0.00388089531948063,-1.2889540744158,-0.797804485217222,0.0641328738661188,-0.156095760618683,-0.238804964891445,0.0898771773985113,0.421195367129561,-0.352487134227907,0.0747827424634443,-0.0941921697507859,-0.0924931304008813,54.99,"0"
64,0.95960165851223,0.370711304613933,0.888613370045565,2.34324410302247,0.352490841084755,1.36551460619135,-0.277770730462741,0.516053179747465,-0.700929045055026,0.468216239367258,0.745611509947132,0.373531002993358,-0.223918285866667,0.417438142069896,1.67840014345469,-0.515701600237187,0.662478668271888,-2.5142351135941,-2.5896875748614,-0.298404520795831,-0.155547160729115,-0.403239315684771,0.356504034074842,-0.696881458915448,-0.198717970162506,-0.220267915515142,0.0685461961358583,0.0207973154161409,7.55,"0"
67,-0.653444627294995,0.160225076852038,1.59225555524082,1.29683228357565,0.997174923623236,-0.343000302409134,0.469936930779834,-0.132470081994361,-0.197794077439788,-0.105005538081425,-0.543662210926971,0.302233022635964,0.141211078726449,-0.207880443553101,0.0241083998795536,-1.20687659191564,0.39483638189259,-0.750955630206426,0.440558481170408,0.225920346918541,0.0383629679790368,0.336449012374641,-0.0148828328356718,0.102959010243,-0.265322060067868,-0.34863668662622,0.0112384491290326,-0.0494783399721492,19.85,"0"
67,-1.49466784074271,0.837241399963629,2.62821061790607,3.14541437889465,-0.609098388854424,0.258495000688512,-0.0121886133587805,0.102136035246365,-0.286163596824287,1.19855632464938,-0.550295668711412,-0.106845988520745,0.208014288229433,-0.680510402769635,0.507763583158711,-0.260264022558778,0.246631323902287,0.00885550438424228,0.899415801359582,-0.0283519350532205,-0.140047358057139,0.355044183811602,0.332719988435228,0.718192517148152,-0.219366046114324,0.118926551385282,-0.317485702168288,-0.340783397650643,28.28,"0"
68,1.23299646466342,0.189453733510593,0.491040320659271,0.63367266144682,-0.511574423739396,-0.990608798945491,0.0662404784461449,-0.196940298822464,0.0759209605441686,-0.0660598957776733,-0.255743256644626,0.255156784643456,0.105247332677582,0.284676541283834,1.05732211324487,0.315890891000563,-0.411940025745081,-0.51191158053807,-0.120427106464189,-0.0778705743363889,-0.251566497035248,-0.770138762362471,0.125997504609162,0.369627369686229,0.205597702423389,0.0940615942779856,-0.0331379753440025,0.0209903940215084,15.99,"0"
68,1.15693906521199,0.0372151171834976,0.556799036120114,0.519506543569017,-0.47975387242074,-0.352713751231664,-0.222486535919933,0.158242439405977,0.0112517233737559,0.105583808549274,1.61209937075746,0.354492949815164,-1.43453627828567,0.796994975493623,0.745106379600413,0.222868280835633,-0.229198749153177,-0.364808594625195,-0.254104653277162,-0.221851585086154,-0.182661585534005,-0.612267726276609,0.1973046499394,0.174882516093158,0.0324965433024755,0.099479911401087,-0.0268157912881385,0.00419863300494397,2.69,"0"
68,-0.770196382647988,0.483572416412024,1.90107177893088,-0.00187625011618852,0.0242447851356973,-1.17190318158275,0.666483360897814,-0.0946029012075535,-0.136665621886762,-0.842507532652561,-0.408235097088101,0.503046644959921,-0.010588597193309,-0.200012764882671,-0.908689458907517,-0.323594882408827,-0.0221036727295719,-0.796683932841244,-0.479505428522999,-0.0338308901120332,-0.0573359108181297,-0.155801280763761,0.0181078020074367,0.941555368544963,-0.168581841126097,0.0561709969275176,0.0589793612903108,0.134187921277996,22.36,"0"
69,0.298503170230964,2.14272151611193,-1.54214297177705,1.56133190619696,0.938108024652659,-2.14567269892859,1.40556856926536,-0.778458743012393,0.328636441067941,0.127497138229711,1.61279907284482,-0.0963770304463607,0.65479027128109,-4.31837785899177,1.03860348560684,0.404686812382194,2.72916803684328,1.11586360275427,-0.70381403125983,0.676953714414688,-0.290986926566703,-0.000234693934265881,0.0921744202720123,0.586205254664035,-0.397313834676348,-0.48094888073418,0.251145000441888,-0.242278599734987,0.78,"0"
69,-0.608026929841982,0.306693600885717,1.47300415039613,1.19112724714544,0.0212646712723958,0.888442494108084,1.19049117437091,0.0421467359313565,-0.446425607388004,-0.0803861172953596,0.660395584478941,-0.111613346122931,-1.46898311322269,0.285370867844552,-0.237172914462875,-0.912819717718837,0.242906277651558,0.122721608445149,1.17506256471346,0.374085586370824,0.0465063845484995,0.165162501079151,0.063974176192816,-0.333791685714842,0.131775824024349,-0.21769193086145,-0.0821833528435472,-0.116730186938062,168.56,"0"
69,-1.76664469899536,2.35298430630811,-0.00995515971365657,-0.363735715844203,1.4609525055027,-0.204832890895048,0.905818664621303,-3.38412325518339,0.388546432019876,0.791069473894889,-0.270259509464073,0.0473992418897564,1.64276673059052,-2.67808072468436,0.728038853010947,0.289107811753919,0.384462973331268,0.45454769919951,0.113990423022077,0.0726451814211175,1.96425333913088,-0.883217568599811,-0.247698186338146,-0.758605573850063,0.0864500741458937,0.202790048964053,-0.898857650861328,-0.944336584484056,0.76,"0"
69,-2.22064182690618,1.02918071808636,-0.697723601958822,-1.26822646644294,2.80222102796582,3.32290136384897,0.197036005343823,-0.521296961184743,0.859596358876793,1.5939492660972,0.311202771235588,-0.433713474113116,-0.0873153342987856,-1.10816364415856,1.30866894993326,0.521481126221399,-0.735664502667711,0.165409024425517,0.31451549056561,-0.111529833982581,0.110447912674207,-1.17846330322093,0.508910502200337,0.923385244847386,0.213758667336886,0.033506667714588,-0.142024761178452,-0.263844092949627,9.47,"0"
70,-0.426071693865111,-0.0603037695141019,2.22082820260962,0.0247417821484201,-0.58496399731695,0.460622987596611,-0.322526141015528,0.434776396219243,1.2524039132385,-1.01209354858712,-1.37903158970616,0.203317504503014,-0.855599221503998,-0.926168244154841,-1.57368540467978,-0.493078040489617,0.329125176747266,-0.618188811648469,-0.708406334816244,-0.200077072623853,0.149485235022974,0.769877754891571,-0.0926344819877388,0.150536173687352,-0.234229995721445,0.504709599039811,0.0691581667015962,0.0410241891437735,21.8,"0"
71,1.33189715687662,-0.579961843235092,0.422605531843814,-0.897751526178555,-0.746254209764005,-0.05627323061712,-0.750316963446238,0.128483933549462,-0.964681778278345,0.736391419205694,1.39098159162914,-0.00804887228869112,-0.129421819641027,0.09427715103611,0.38881917965614,1.23661879113318,0.151535043141521,-1.39899032228073,0.672575069400762,0.0524891008907033,-0.0390703365042161,-0.255173945137789,0.109332682808613,-0.328448170015124,0.162253656210345,-0.447275874501086,0.0200705521150087,0.00623054348625991,14.48,"0"
73,1.16228088374727,1.24817824998197,-1.58131714797693,1.47502419364829,1.13835705875831,-1.02037340385349,0.638387285988785,-0.136762248247185,-0.805504896315487,-1.44403640011348,2.84691418640147,0.627549000359762,0.387778137472431,-3.27905430081944,0.553435024106492,0.910634311602213,2.69833745876512,1.30296347737381,-0.910148785874493,-0.0168002173974159,-0.124011770974987,-0.227149831439426,-0.199184933530595,-0.289757394899079,0.776243575715946,-0.283950225182206,0.0567468150282902,0.0847064562504648,1,"0"
73,1.23904805325795,0.29328441686901,0.0864719604369463,1.17827736420567,0.37334385083594,0.325596008488541,0.119318979095142,-0.0254762507855668,0.17321136291598,-0.154186180490806,-1.08932326215371,0.870713976850331,1.17766213495837,-0.217738013210125,-0.161084218789781,-0.533762923885505,-0.108367596982219,-0.848424962534521,-0.0566928237088181,-0.103570440854298,-0.148136187730978,-0.111892634700977,-0.173207277965227,-0.714729128591401,0.817359935189033,-0.263842751618612,0.047776818103325,0.00873538217882794,1,"0"
73,0.925996612578014,-0.358098896126416,1.37672152778927,1.90076881354586,-1.05768986264753,0.30188517422757,-0.462266225882372,0.250424398574177,1.25395803626695,-0.436371429685131,-0.681289709847305,0.999980028295959,-0.653246385458728,-0.636389371548304,-1.70266661738213,-1.28035507381196,0.987638275766983,-1.47880568177439,-0.0436122676070622,-0.12411545542052,-0.347567012662916,-0.676807451946188,0.100568222175536,0.595988712594643,0.322122078534587,-0.547495004300199,0.0787861892718886,0.0438190744716924,70.6,"0"
73,1.14818692615291,0.0858370715501502,0.120702061970257,1.12666455368909,0.214710570305157,0.537381046564081,-0.0499889896544254,0.186175354963768,0.111781471391753,0.0466093383364471,0.507646704803868,0.869540467922972,-0.322735839560665,0.26932177297861,-0.717472308854691,-0.313731636204242,-0.223905205000454,-0.227785834856473,0.179131854776518,-0.14839529911601,-0.0911116106366698,-0.0954748643000659,-0.166750151666601,-0.653433373361759,0.713020333696372,-0.288035257146426,0.0315073523443542,0.000371617835557636,19.77,"0"
74,1.03837033396612,0.12748612730368,0.18445588803405,1.10994979091674,0.441698900420171,0.945282526730897,-0.0367146038304535,0.35099499958342,0.118949540390999,-0.243289240389986,0.578062601005963,0.674729819835531,-0.534230568478947,0.446601378464056,1.12288467188201,-1.76800051360173,1.24115696274187,-2.44949986305677,-1.7472551716154,-0.33551985084689,0.10251979713407,0.605088530228794,0.0230921559314068,-0.626462660813251,0.479120272113433,-0.166936835816701,0.0812467178593588,0.00119157567493288,1.18,"0"
74,1.03837033396612,0.12748612730368,0.18445588803405,1.10994979091674,0.441698900420171,0.945282526730897,-0.0367146038304535,0.35099499958342,0.118949540390999,-0.243289240389986,0.578062601005963,0.674729819835531,-0.534230568478947,0.446601378464056,1.12288467188201,-1.76800051360173,1.24115696274187,-2.44949986305677,-1.7472551716154,-0.33551985084689,0.10251979713407,0.605088530228794,0.0230921559314068,-0.626462660813251,0.479120272113433,-0.166936835816701,0.0812467178593588,0.00119157567493288,1.18,"0"
74,1.03837033396612,0.12748612730368,0.18445588803405,1.10994979091674,0.441698900420171,0.945282526730897,-0.0367146038304535,0.35099499958342,0.118949540390999,-0.243289240389986,0.578062601005963,0.674729819835531,-0.534230568478947,0.446601378464056,1.12288467188201,-1.76800051360173,1.24115696274187,-2.44949986305677,-1.7472551716154,-0.33551985084689,0.10251979713407,0.605088530228794,0.0230921559314068,-0.626462660813251,0.479120272113433,-0.166936835816701,0.0812467178593588,0.00119157567493288,1.18,"0"
74,1.03837033396612,0.12748612730368,0.18445588803405,1.10994979091674,0.441698900420171,0.945282526730897,-0.0367146038304535,0.35099499958342,0.118949540390999,-0.243289240389986,0.578062601005963,0.674729819835531,-0.534230568478947,0.446601378464056,1.12288467188201,-1.76800051360173,1.24115696274187,-2.44949986305677,-1.7472551716154,-0.33551985084689,0.10251979713407,0.605088530228794,0.0230921559314068,-0.626462660813251,0.479120272113433,-0.166936835816701,0.0812467178593588,0.00119157567493288,1.18,"0"
75,-1.43906881704731,0.267631399445821,3.56277034049108,3.48148583392013,-1.1601005341638,1.76478063470353,-0.558817273928826,0.442018635345905,0.348430742695443,0.393253076000096,-0.972158119880105,0.515885976031085,0.497186648308872,-1.48388981820893,-0.867129646570907,-1.02016959533219,1.0625497218801,-0.359442587045979,0.88060630724233,-0.173139545844012,0.129257257818757,1.12928169997838,-0.00697809099996055,0.497337390881775,0.13051526619753,0.525668091659843,-0.088949754690738,0.113206051157557,81.13,"0"
76,-1.02457604912536,0.522289105931154,1.78769907399403,0.202672107073665,-1.14080286639391,-0.137830806092308,-0.336555477072055,0.670704377708371,0.071670263589142,-0.518978194435713,0.687066403503592,0.249020266499202,-1.24861994658996,0.343492962020282,-0.2362997432047,0.528667672880374,-0.291314513681052,0.847538604280935,0.129468112283248,-0.278965957832478,0.315867515677399,0.847564793672072,0.148876567787511,0.549790591422155,-0.58513061373043,0.32584074269725,-0.0688714464594463,0.0597131849844891,50,"0"
76,-0.997175759175411,0.2283653016759,1.71533993769907,-0.42006676656004,0.56083784473761,0.564725048029707,0.84604655039212,0.197490821018941,-0.0972018796653061,-0.439346826403148,1.30907077715745,0.859703136161211,-0.476390307910938,-0.142352493671256,-0.974915531185412,-0.606945204714783,0.00537097111642289,-0.999965377075203,-0.77409641536118,0.244289447785577,-0.0702407620402652,0.0154449531625397,0.0726510659990363,-0.272271751067005,-0.0876815148243494,0.138132122510945,0.125901816000378,-0.0630223201763689,86.43,"0"
77,-1.16572174717741,1.48533681091152,0.156418074918382,0.924378329573438,0.131745604012462,0.996965255517746,-0.167117113473697,1.26261679285317,-0.584844218410546,-0.553365711522371,0.138042275336598,0.690798548099117,-0.420525662308939,0.978769726364441,1.09781037092456,-1.91255128168605,1.780960921895,-2.12049826632031,-1.02345972946325,-0.321114244718657,0.314751516753203,1.04664758730583,0.156403559970977,-0.62812335537201,-0.702366656172785,-0.224025083092139,0.145424640271798,0.116397681898719,11.83,"0"
77,-1.18595403044578,-0.218808439910428,1.10100483146725,-1.40699712828903,1.26178320386987,-0.337709068506179,1.19174722104358,-0.427383107846352,0.27667888731535,-0.215399199955358,-0.942965253630282,-0.473709623963915,0.0616234888665818,-0.410061486786617,0.754377242022728,0.283420753656844,-0.905689819466561,-0.738459278615322,-0.454312152417315,0.0369742231420656,-0.362830380434527,-0.41881699125818,0.521401263561102,-0.922427393188322,-0.139840271878608,0.709787019645158,-0.0762487157448421,-0.383942453630986,49.95,"0"
77,-0.42719085439784,0.745708409289759,1.76181102473866,-0.165130478701306,0.0582976883227524,-0.213413376412593,0.6473232499627,0.0734641838838408,-0.291863985973533,0.0647995254906713,1.52719169534087,-0.131505745138994,-1.69691400135128,0.48212118972861,0.586417587765179,0.0345413745923004,-0.306278167113975,-0.206029883743704,-0.118938854835008,0.0528275703823041,-0.201680707780848,-0.432070050544205,0.0131642398044651,0.161606289298908,-0.401310006081495,0.0474234164543148,0.102549224305812,-0.116571479965902,9.12,"0"
78,-0.622478371733696,0.0148813952719626,1.05248873604011,-1.6445738274654,-0.538265319440916,-0.835528209228572,0.517233526424338,-1.10596237265051,-1.311740617305,0.577468382889176,0.894683099985133,-0.685602969193043,-1.86022591639258,0.510701454567437,-0.452340475323453,-1.14557493712976,-0.323949651601825,1.46241301916707,-0.986003311940636,-0.756577457579891,0.418818886286273,-0.762122340013356,-0.0989395244018776,0.502972746892087,-0.655251281123354,0.743419212113956,-0.0205680897640038,-0.11806022852343,104.94,"0"
78,-0.291241163405236,1.51568849878895,1.51435489428021,2.51836461481739,0.583647740089913,0.425560586365762,0.598690175524301,0.0567535889933145,-1.47562054250131,0.829234155228563,-1.26861300627866,-0.42758810520628,0.94638455829924,0.0793195207956956,1.28754532197589,0.282514010267811,-0.423616438217603,0.147275797346216,1.2262483065175,0.348231593648316,-0.252658885803448,-0.613055493646771,-0.126407496407886,-0.636697022482029,-0.255688273255764,0.0195712846427593,0.382580710162265,0.194254835090405,4.68,"0"
78,-1.76040248125239,0.221924152797281,0.57994989780958,-1.41319409165479,0.804876248697532,-0.353324324017208,0.869655640783752,-0.0314771123007841,0.317739046599955,-0.118295038003083,-1.05373046150703,-0.296843762372022,0.131364139882473,-0.170066568654683,0.748794674798081,0.410891393380287,-0.749974772242235,-0.745597186274414,-0.487556885058905,-0.105203803316252,-0.403692058766006,-0.478169343242452,0.261137611637607,-0.903294970597949,-0.130708919076979,0.713907127338597,-0.0281344792543295,-0.410876701219026,62.92,"0"
78,-0.590589253571079,0.235248304183249,2.35492150939363,-2.21993601726527,-0.246820701523933,-0.833337142317063,0.934430977494777,-0.670155665840942,1.09318703804091,-0.533667949256242,1.72007458279593,0.116509950830048,-1.28926917723649,-0.188769225827924,1.19267984219641,-0.519384438558427,-0.59953414068421,0.669896165768952,1.08759214731977,0.133739109656041,0.00621066972788262,0.431366265903476,-0.441621160615503,0.556214073249322,0.166215789861237,-0.055005316871797,-0.714976036833475,-0.612121572843556,18.31,"0"
79,-2.37438030624993,0.597145269577766,0.0366560996574179,-1.40698909422268,0.299692029834596,-0.341102672158732,0.624572482094584,0.369831925771012,0.344458122582541,-0.0459891820142319,-1.16788955671988,-0.128854302309969,0.204986723399411,0.0718521594855042,0.740982548300381,0.538994244227673,-0.596465353405006,-0.736379986314492,-0.524396486119409,-0.170733778205355,-0.423322797491007,-0.527399608191296,0.162979826779193,-0.894113277713428,-0.0870176755191842,0.7181741491931,-0.0113630812419654,-0.431913511366196,80,"0"
80,-0.655264276212716,0.409898542836853,1.28915643808596,-0.32504325923176,0.545669467098008,-0.349810664410475,0.648240481592264,0.0360628816033704,0.0787014163023305,-0.829167267726513,-1.78165873189534,-0.412806782520344,-0.626220289565852,-0.113361054850318,-0.714754632820629,0.120701513866132,-0.474281674313796,-0.240594669556031,0.0408234763497192,-0.0347759899640066,-0.155727058998072,-0.477390318321434,-0.126524992708454,-0.443627776856693,-0.012118142098906,0.143172915176852,0.049782585303356,0.118280286710879,32.51,"0"
80,-3.00773905109524,0.929514494266081,-0.423720855498033,-1.39295162017078,0.0822467824081475,-0.515781701182148,0.104713792402636,0.825310565895608,0.385453110355422,0.0640002245721828,-1.29310671179606,0.0621999429338998,0.271107013071604,0.328058800506629,0.72409762880152,0.638389443832553,-0.430082217839249,-0.723590224091272,-0.562830692998269,-0.151714229576847,-0.40924608012503,-0.588831627173022,0.0680450889350803,-0.890869739213917,-0.047641092795032,0.717616984694838,-0.0540936594394297,-0.42425971753604,39.95,"0"
81,1.11104797028704,0.215351844382971,0.374072563622289,1.1500006534852,-0.329767568535767,-0.898687821706977,0.30990664398233,-0.255277291166111,-0.110655138734984,-0.0575788321387636,-0.217961496706122,0.600591209357443,0.686379564975428,0.262161286299107,0.922676979028551,0.135235271944387,-0.490174913186185,-0.392752898979319,-0.315464926788021,0.031671787802255,-0.132555303999709,-0.493866878067896,-0.0107821837368997,0.380388564169084,0.456214180606351,-0.572346756048474,0.0109814630026346,0.039295013148069,68.74,"0"
82,-3.59182616090439,1.34837036791844,-0.998492354064664,-1.40236175415607,-0.596711512934507,-0.385302391822185,0.0506209624047342,1.21088849968464,0.39025994518324,0.100784630795613,-1.4066146503338,0.206760568811284,0.34612377316864,0.559501932040791,0.712692556129978,0.775015086079099,-0.285588171182847,-0.701679614760554,-0.596122630006068,-0.212115584782804,-0.432070220180652,-0.607105549352741,0.176475251280554,-0.89179849484312,0.0451454748498058,0.727963184601556,-0.0327209943372666,-0.456138378726539,79,"0"
82,-0.888004365805212,0.913669851642722,1.14608803782799,0.656290498891864,0.67727230453414,-0.326210554410804,0.888811417549766,-0.341847739873182,-0.523849469958125,0.690440322515188,1.1607934652104,0.831569260555245,0.865075613647294,-0.0180981433440251,0.328620056042374,-0.180815907361681,-0.749368971774439,0.55253266966624,0.852984404501813,0.14275693495201,0.107833277245522,0.661992966080021,-0.00471310374638105,0.0310968214756171,-0.140882142203175,-0.373698279338418,-0.157921479508364,0.0765286595208735,5.9,"0"
83,-1.86498968243287,0.910873768593301,1.72486278713229,-1.74837114894121,0.578942616730539,-0.832531161092677,1.90144032810487,-1.91398632240301,2.11237512526886,3.01435477715588,2.02398783867183,-0.481574054647983,-1.39089738708096,-1.5997493546075,0.159606591790126,-0.0565840624762845,-1.59388183315229,-0.213254061650524,-0.448706157812056,0.274876811383353,-0.318597399376679,0.0733227127781932,-0.0616934013159464,0.547204476795596,-0.466798442117112,0.408029597981387,-2.37793292201233,-1.25554915594256,7.69,"0"
83,-0.833200336381452,0.778787122616319,2.61923666366883,2.61286412878045,-0.516937610025172,0.55834600634987,0.316871357959368,0.206647108669367,-0.738599157328863,0.214340362566004,-0.295198868481263,0.100770587929843,0.0906826264049287,-0.430302035646654,0.0274976215923321,-0.335318928121807,0.37884768615423,-0.542428037329724,-0.595637214609161,-0.0108943888040242,0.188711283323719,0.678605870886832,-0.133148107735322,0.636175834361433,0.30932909090216,0.272149946712462,-0.0784607856375829,0.00734396977064072,79.91,"0"
83,-1.89733073855531,0.955626146271076,0.0525426306777817,1.27665558961053,-3.32308406359081,3.22991078905511,1.0296311475032,1.51560676354678,-0.0596266026846465,-1.46140263860712,-0.246684066433385,0.921560835398067,-0.196534711257763,0.505960635206199,0.705137678183815,-1.32862310434834,1.91514560446358,-1.935425902224,-0.930024248916703,-0.832629516038074,0.128416131523263,0.776077578903207,0.47753678520636,-0.608981284911947,-1.12089241385296,-0.41385054980501,0.061399324400653,-0.187963516242152,552.18,"0"
84,1.11927230446687,-0.669639046767739,0.80380737194635,-0.651693123040955,-1.39566597769256,-0.800698086931713,-0.601604892467805,0.0143903557227058,2.01990542694576,-1.06754233091718,-0.672739777821437,0.116007769319465,-1.12537958663102,0.0556881939022512,1.41456146861438,-0.396080395747576,-0.0906548094442851,0.504404193054702,0.460238547755883,-0.0603597669546105,0.163686909797638,0.546516454412205,-0.176835651109598,0.402555517428933,0.563401812384994,-0.534236042147145,0.0750465690698344,0.0420007983004288,67.3,"0"
84,-0.792329167474935,-0.840663719847906,2.61046458987018,-2.19633841632446,-0.396962094542518,-0.707363176755137,-0.0579337028750305,-0.54867559750644,-1.87012733463509,1.0309162288218,-0.560520266688598,-0.279432891746414,1.70851390074439,-1.60640646784546,-1.10511439169249,-0.849017586114708,0.372443684386481,-0.585503848318981,-0.231652788659041,-0.0463166899536041,-0.525187276609454,-0.776453778431644,-0.132811191380631,0.376664414324002,0.221800291477806,-0.574395508756077,-0.419351256259855,-0.277905823428481,21.97,"0"
84,-0.481375994326719,1.00340670082876,0.90618366899059,-0.423863928247347,0.760670627923092,0.377627418532502,0.587373158048792,0.133884480438326,-0.207870789641016,-0.240405330868221,-1.4532614362208,-0.526595859321807,0.0738445671686201,0.0873495585049685,1.2305762628008,0.311246138780342,-0.620259311525045,-0.329208342285684,0.187643004419645,0.0823029907311874,-0.277507154421431,-0.752696358424248,-0.145992422065669,-1.35351451619785,-0.0955157965052921,0.175811028239865,0.14422836072096,0.0996827431157687,4.99,"0"
85,1.32788388574198,-0.735011945987154,1.50244913387839,-0.544104679859167,-1.90935048161166,-0.712497650558363,-1.29281951167839,-0.00271463610629365,-0.246027540241985,0.572523067915291,0.00854685406280344,-0.336586142051676,0.675825477040005,-0.671875807833616,1.25387708963878,1.59179218526039,0.0503920025719787,-0.785112301827888,-0.0242863064241108,0.111537197244981,0.461091790067923,1.30864730749669,-0.0460310207485954,0.764374503853251,0.281841179897624,-0.0637528677447585,0.0604055846651862,0.0372961036720404,11.99,"0"
85,-4.25759743970886,1.64948916578024,-1.59124167172606,-1.37431677103176,-1.18013599176406,-0.331039533520579,-0.117991555987855,1.59203217880204,0.415995684621653,0.159163276811326,-1.51628841310575,0.374064569980906,0.427174360397596,0.803874467017676,0.713170739365249,0.915793496657271,-0.134021723075592,-0.693337258176591,-0.639567570341767,-0.271984945531879,-0.452567807258146,-0.671702516969645,0.00142227623255675,-0.876376517702495,0.0700982199959621,0.729582298647766,-0.00294237126286868,-0.481496957963412,124.67,"0"
87,-5.10187714438251,1.89702180383666,-3.45803355505567,-1.27754276611629,-5.51775792247239,2.09836622063034,3.32960344883519,1.25096633414932,0.271500549724784,-0.305482722468726,-1.47338307942627,0.272913238050306,0.649418935168229,0.899810726121981,0.874542742818783,1.47175273507882,-0.144793356897002,-0.725518954658766,-0.698935585089018,-1.27047801350269,-0.871743638420889,-0.67887949744918,-0.555899892854463,-0.761660256352362,0.0666111325203478,0.767227442874053,0.731633869437517,-0.86030977828474,919.6,"0"
88,1.28722646741254,-0.824683124445629,1.34642285100624,-0.525627995561867,-1.83300721378836,-0.47771471041492,-1.22421287337865,0.0147739055213027,-0.257812863184438,0.602162142855574,-0.542351913240157,0.00515033459623397,0.865138144329852,-0.468678833686932,1.45624187104145,-0.635621930948022,-0.370548712528123,1.5855506721557,-1.17988849989395,-0.378924419765328,-0.147632993886079,0.0577646874384738,0.0521053807113755,0.428754688296718,-0.0369786584767133,1.11215154166893,-0.0036781387990399,0.031920218188089,30.9,"0"
89,0.270724788018374,-1.61531675793543,1.05498208933769,1.66150992680822,-1.73768723327398,0.0658942564361547,-0.313976970660536,0.089081060484319,1.0698420716342,-0.348638228423022,-0.853895732309013,-0.0182432526363106,-0.478344394930087,-0.189957268178065,0.961578820181142,0.557157430706669,-0.459495877902386,0.644156866001741,-0.707148178847014,0.754994490076606,0.475338160340171,0.496083005507747,-0.48219447458882,0.418870918923689,0.235960794484276,-0.265185073469453,-0.0010625500801167,0.120126074722096,459.39,"0"
89,-0.58985594431031,0.933069872085511,-0.268072620732792,0.125244627239472,2.39699176873031,3.87794520049758,0.189985382765024,0.960388587508909,-0.230000129467768,0.295110184147811,-0.596572414069867,-0.118180797970475,-0.211613863019969,0.0633812687719764,0.179691246589452,-0.608157331324541,-0.159369564369714,0.203083947961651,1.42450964479452,0.401336397946736,-0.154397329642493,-0.174834146347359,-0.201368584047207,1.01343875338307,0.194412480408354,-0.231764974031582,0.54114688698825,0.255373812796189,37.13,"0"
91,1.27613378318593,0.211469551986265,0.143000512396923,0.370050108552843,0.154747757298249,-0.0322548065974183,-0.00302963607407454,-0.0388869021977905,0.0307145094041013,-0.121891338443057,-0.66775952719129,0.416796290222112,0.891448167065232,0.12797407776385,1.29579881405919,0.233767076313957,-0.475059864014191,-0.772852171030794,-0.164436556339477,-0.0686876456871939,-0.279653853055914,-0.747703710787254,0.0568079591166163,-0.759463816797418,0.271640808310009,0.174757089295966,-0.010770298927071,0.00810374786889124,1.98,"0"
91,-1.8222727282391,1.2353355360103,-0.307804336520275,-1.82182380601887,2.76248234950213,3.64149863257966,-0.344614256131826,-1.54754127714559,-0.138239381296369,-0.467174474610515,-0.465556872101249,0.0186616390740908,-0.311232833495098,0.279316466600276,-0.0471468756238743,1.12062679695734,-1.45787967744609,0.107840059247513,-1.49748357576914,-0.8536753382145,2.08084818658139,-1.59188823203076,0.32163566535622,0.889257765383001,0.156445389453704,-0.960610513468275,-0.0353018526425464,0.182320648854855,15.89,"0"
92,-5.28597051304752,4.84732319710781,-1.29036838470117,-1.42784235292307,-0.621533345889751,-0.604690515102398,0.437865925106838,0.336383683868803,3.55837329973788,6.4278019661735,1.40138317182184,0.667167376868207,0.314681508767306,-1.86065309400076,0.558541544083882,0.31481518341068,-0.701307703636703,0.206092479982718,-0.208238494122918,2.96248383056173,-0.923604053695745,-1.17118681893254,0.150871587161535,-0.493322254446682,1.05055390669023,0.194864957631265,2.49050305486782,1.57537979926625,8.95,"0"
92,0.60715301412013,-0.957413453834804,0.761504742707707,1.59005044874457,-1.17729790317762,0.0112319094956137,-0.166991305407512,0.152720248155831,0.742860452423351,-0.151018327613245,0.721459238691319,0.710085753600131,-1.3294352693582,0.130804275800688,-1.12238228967438,-0.175297279720695,-0.059694845219295,0.336360543667161,0.154421941358819,0.304713575525421,0.166237128199634,0.100681792050183,-0.317000779925164,0.543778052174367,0.484232348438572,-0.330425244241288,-0.00154535131214776,0.0620979870648436,268.78,"0"
92,-0.238410956047651,0.509262765356428,1.95200070367158,0.779065947843994,-0.378940129678235,0.251136557509835,-0.0724120571147944,0.228754858539793,0.210899589494045,-0.373814133802278,-0.715860805290488,-0.046921901071111,-0.334018211683408,-0.245975394600895,0.628314055814284,-0.781586719542126,0.536186774872255,-0.283086494259136,0.681959757026682,0.00460603722390282,0.217448611754668,0.903776545439349,-0.121348659882854,0.141224739734299,-0.613853852033799,0.57592017928351,0.193591768719634,0.165131782369547,2.99,"0"
93,-0.853806863875249,0.127391777442852,1.2672771847863,0.678584065122573,-1.02985062070327,-0.487613778460127,1.83607056545836,-0.298566310697668,-0.922127301737343,-0.6456555502674,-0.0262606554548169,0.029031526821081,0.407479906126992,0.230361856125657,1.12755332917165,-0.256717550760327,0.00837543153818926,-0.117399809858643,0.426384998666321,0.776141055393119,0.252358331517131,0.179724846964078,0.476744429707983,0.724705288655359,0.526797801590198,0.502700650255085,-0.159465352145464,0.00276122182443361,322.44,"0"
93,-1.64001427310525,-0.479831345687393,1.6136303238364,2.99797900171977,-3.80378772076623,5.05181166334072,3.31525432238236,-0.303785107902017,0.67139514660518,0.744103698753774,-1.22296868323308,-0.646556853273468,-0.374187136711405,-1.72373655590874,-1.32474264338809,0.324962276369046,-0.485513702788495,1.39633216392032,2.15690530084446,0.124193432099449,-0.367932781073965,0.641890662360821,-0.405778682880908,-1.26869971421881,0.494090343786022,0.610966603009548,0.60899260557206,-0.410034097693692,937.69,"0"
95,1.05702132888882,-0.646955978097134,0.729166618803734,-0.569262361965939,-1.1743066741568,-0.5276248052075,-0.47167670695201,0.0517436300415986,1.90401819240952,-1.1766089765146,-0.164332742411704,0.760978828436847,-0.60895327837157,-0.0521298971507663,1.0059915731353,-1.16846424875838,0.488780704900362,-0.343177494721286,0.176030875807262,-0.0701368353279818,0.186184431139074,0.743093175837854,-0.163619313695516,0.453569600602831,0.615478766129355,-0.508562086508857,0.0895530601605187,0.0376169124459775,69,"0"
95,-0.343711497676269,1.1186146192938,1.29338582325726,0.0647623026512558,0.0234806934657139,-0.99274083495332,0.695814203702988,-0.064808618412452,-0.373640008273975,-0.506204372674066,-0.234254062001307,-0.150923955081569,-0.0188397987172051,-0.401925750231587,0.908911728338334,0.388386695573312,0.0166781114256324,-0.122330779875699,-0.0901059356072305,0.104410175771936,-0.265392000744147,-0.700550128568435,-0.0142797874431918,0.330615152994571,-0.165442460864583,0.0723415925705452,0.244881833769826,0.0980481585848094,2.28,"0"
95,1.31617764954493,-0.10559397597174,-0.246480374444475,-1.18571467546077,-0.119566416811247,-0.6133990425377,0.00735851330559413,-0.136794233100655,0.847826739950933,-0.784714585550632,0.875526045375372,1.28025633024338,0.568554208232383,0.443198995660283,0.941475179139175,-0.193448214750293,-0.789121823525332,0.782232082791554,1.08294809878098,-0.0422383719338491,0.0931183643140403,0.404571088452455,-0.282550625708053,-0.456798917918001,0.895367550027807,-0.561880177820172,0.0447943424160723,0.00318061289690135,7.21,"0"
95,1.19557161849305,0.258857846103526,0.635796445589976,0.641257360106036,-0.395081077830257,-0.69466665065234,0.0340864517732639,-0.124346327485699,-0.0784002507894138,-0.128968445934799,0.407234503297602,0.90433999623573,0.881174107923801,0.159115341592959,1.18925554996116,-0.115160913422487,-0.0626577337266974,-1.17685513223138,-0.604592768288639,-0.0954206848593288,-0.201249004659988,-0.516924959230288,0.199095572062226,0.412551922326977,0.122983942243107,0.10193960468205,-0.00784559346217399,0.0202140084131656,1.29,"0"
97,1.27381789287239,0.0580090544630036,-1.31242763447362,-0.0489688219755029,2.2443730490817,3.29621142010218,-0.342624648072111,0.760869775317302,-0.154915304214236,0.068384951397303,-0.161823827705382,0.0292246193395541,-0.0206316861725242,0.528189225867633,1.10597698611605,0.375591596223863,-0.926724745512419,0.292544448245333,-0.00288674673124634,0.00890562616536168,-0.0172920944609741,-0.182882699753908,-0.146980903083662,1.00470003322996,0.842882626683356,-0.314280812961772,0.0137442559543499,0.0159071705760456,17.8,"0"
98,-0.646513324100542,1.00419850064253,1.61622395046255,-0.0996280015000763,-0.12247685082686,-0.671326722363723,0.656183050929891,0.00975509061850092,-0.6359632919451,-0.0473640939765236,1.53093752074106,0.824084110047441,0.148016384050428,0.266959455514816,0.120395389180657,0.319464747264325,-0.593328286482491,0.044223291332264,0.232081457920242,0.0931905600426426,-0.147934496844679,-0.420045847357141,0.0614243996703537,0.520997080284645,-0.238845350850685,0.0301351020966576,0.140480523947087,0.101163284755117,14.98,"0"
98,1.02711436915778,-1.2725428662228,0.673656443011109,-0.747435800812143,-1.2991070607699,0.293656210351348,-1.05419978026175,0.234899955174753,-0.574990847945411,0.680725593968166,1.21834828084553,-0.247881782174543,-0.242920244872586,-0.103666776917496,0.767171902396622,1.5231419165359,-0.000751675104036528,-0.604428955906459,0.23446053259323,0.345875660383277,0.522112894018293,1.10191150591042,-0.248747022416765,-0.259413925287394,0.296057687734508,-0.0309956046666607,0.0184648520232704,0.0334818412804383,159,"0"
99,-0.883995649772828,-0.150764822957996,2.29179072147755,-0.263452268327782,-0.814535284284635,0.955840627763703,0.0976306732312271,0.474046969090009,0.139512299928856,-0.729861201923768,0.711062608544338,0.095006434720644,-1.09750534430121,-0.0597015195949617,0.234557225294908,-0.142193908419341,0.193357555365588,0.217853313993545,1.15557112117309,0.358751010196778,0.0709014399364962,0.0518320695040774,0.110297657345214,-0.260628692852532,-0.0975487192089246,1.15543923721475,-0.0211993299630798,0.0625654360473211,142.71,"0"
99,1.08103308286119,-0.256543414077899,0.426971282518349,0.918113221801196,-0.74608890807817,-0.721434576539624,-0.00165171154497852,-0.0874432978653397,0.642918526251053,-0.193126804294257,-0.871536953810169,-0.180992768845677,-1.26492930736701,0.195432880503186,-0.0657752415625342,-0.215175000869123,0.106294906240277,-0.546801782361792,0.201309044557549,-0.0420238233605164,-0.19914528931969,-0.626734757701285,-0.0407289921925922,0.387424948819542,0.38313942795245,0.265193707600305,-0.0450308491361465,0.0236951165551506,84.39,"0"
100,-0.378601661083143,0.274578968122152,-0.129487731899236,-2.68279898796446,-0.731374622729684,-0.226354213178799,-0.0069493417805235,-2.77898321007536,-0.233231930179026,-0.588714056156709,-1.30768209965935,0.0645983138103832,0.0831907930908125,0.464692016093436,0.847697870472098,-1.54979915478681,-0.319687585986572,1.0867193428076,-0.444441081910201,-1.13379893071232,1.42614567629838,-2.77692339243974,-0.466755870061091,-0.714696527705741,1.13672014940456,-0.981992913835548,0.356780521706937,0.148444038792906,182.95,"0"
103,-1.40900945232726,0.56349250557035,3.350717448401,-0.436893036215523,-1.12346735730314,0.256345113515164,-0.253389869002478,-0.795814176328408,1.42195353626503,-0.681589991684782,-0.680795734506939,1.39846316174049,1.1149291547091,-1.89459455741933,-2.18914668158254,-0.640207205790668,0.334833423615037,-0.835911605027666,-0.0706198923933176,-0.0286012310991169,0.66558541540366,0.170281348729688,-0.231556647153314,1.06722019805911,0.279905966725531,0.988255366052758,-0.105953908087145,-0.0737791122395499,23.27,"0"
103,-0.94089283998755,1.07415476403598,1.75939808911823,-0.601445606762116,0.101693491307097,-0.188519562882799,0.455755574843192,-3.46068233987222,0.44152478035891,0.917818019602551,0.877285383147595,0.338268788318739,0.646250019568957,-0.828662236334628,1.46495178250051,-0.915166509111332,0.171665239642358,-1.05413345658208,0.276801460398185,-0.209017984434795,2.27006905329443,-0.143518425457465,0.153907528940753,0.700926779396507,-0.413235123170453,1.37403121107089,-0.996161004289688,-0.836300917104019,9.99,"0"
103,1.24574380820264,0.438877833136776,0.316139712119964,1.10763386163901,-0.178446390914408,-0.941091406879978,0.28629079086466,-0.290078758689611,-0.16918768529847,-0.0144197626279019,-0.226204311031401,0.721304543089617,1.00328887087612,0.188863752059268,0.809650212377632,0.00306744392780962,-0.48519809307413,-0.273608970055991,-0.375639843902567,-0.0797760112567192,0.0386207559047021,0.208206880236853,-0.111478529801775,0.419906811369544,0.722345321637519,-0.331446190928426,0.0203370278097862,0.0224429176753734,4.19,"0"
103,-6.09324780457494,-12.1142127363483,-5.69497318304808,3.29438945633196,-1.41379209198987,4.77600042454058,4.80842581669219,-0.228197008316221,-0.525895940525179,-1.72489902822119,-0.362818000903783,0.28615530050452,0.487835785527501,1.2599571205769,0.660404704229974,0.455263193477443,-0.497643848526374,0.792268766322312,-0.978442216379243,7.74422243482949,2.22882259543164,-2.26403733889794,-3.55338061765328,1.21527882183022,-0.406072898984334,-0.653384490244203,-0.711222163007979,0.672899853277743,3828.04,"0"
105,1.00023398953512,-0.295227309545877,1.30825945328411,1.25775331219882,-0.967532356635927,0.460244740246879,-0.781849887517497,0.424415295091274,0.790908383185886,-0.0548552416028776,1.10942253488459,0.692676219577188,-1.28922950837409,0.119761286317155,-0.151407244643266,-0.0181398983309231,-0.0779534979170216,0.0687653215737683,-0.357320547697496,-0.1831577458813,0.0327297008603029,0.179643813332115,0.028786241578934,0.203488767308156,0.234992150068937,-0.408458874921523,0.0726154817250423,0.0288922433285353,35.97,"0"
105,1.17509409290025,0.408263222486937,0.552145162552809,1.25506774352009,-0.196661846641246,-0.565605334235445,0.133973043983473,-0.146201793047965,-0.214154854321393,-0.0113099220413024,0.290717393518602,0.975735119378514,1.11797884157389,0.144788242212605,1.03795397198921,-0.292528572688993,-0.142180747799833,-0.767216348526704,-0.962710670280961,-0.116438813620283,0.130585107465626,0.523639841513537,-0.0501247366334816,0.448133322165683,0.597867267728976,-0.275067087432602,0.0433080908596782,0.0239235573333675,1,"0"
106,-0.306311185528508,0.991271929056655,1.41449133035288,0.85524364437367,0.334283708948629,-0.728260272336753,1.05882294711457,-0.469840070366507,-0.534718401676666,0.0834514646660113,-0.325902466381594,0.104766198356769,0.617334626842187,-0.0207609419200812,0.989615078440159,-0.441970511465261,-0.337034374042725,0.0032178542139356,0.437685967630666,0.09011820647064,0.1280077794201,0.58032885712375,-0.202140502698341,0.416114350078504,-0.2718338748217,-0.377566612920787,-0.113644490497312,-0.0522830251225106,24.57,"0"
107,1.17512477712478,0.661341182443299,-0.477476459726092,1.10254155929068,0.543328123510814,-0.246784793144828,0.165233833222452,0.0270178670459933,-0.423143759370462,-0.574065139554621,1.85338750709333,0.87053110531884,0.49656635223758,-1.25101652850784,0.598736836436348,0.56782018880551,0.76816301951936,0.672152248810745,-0.574586718144369,-0.0694145756531971,-0.00307055575344255,0.0937380027176907,-0.154354624142279,-0.425096766539489,0.652435395978235,-0.296802233869997,0.0514246611015068,0.0418756139010888,1,"0"
108,-0.817164489969121,0.548007876102878,1.98742900112693,2.3476202744003,0.0368877421359418,1.50952321014436,0.692961314176488,0.508962009401622,-1.25429675386016,0.174445162255293,1.10403832340459,0.309737812044991,-0.837951587211725,0.214179328423134,-0.527740106897755,-0.422317897460667,0.395338553436818,-0.713973036325154,-0.217067008221473,0.23386480414758,-0.0473359938181992,-0.324229307041844,0.23197950515392,-0.335247980507064,0.161931952468869,0.0146944525029652,-0.0286911681326172,-0.0152570002248224,148.43,"0"
108,1.20606523917482,-0.124884657032952,0.118939145289695,0.0237349897103378,-0.549086910063904,-0.949920328551684,0.0708504474888013,-0.125881143133503,0.136791406984301,-0.0713090481052341,1.29067211004062,0.732146691784496,-0.841318571460324,0.502670309047714,-0.496897322296388,-0.164947888104994,-0.064146614481136,-0.247691313675293,0.577806558682599,-0.0842443493263415,-0.0181849497446971,-0.0184539828304339,-0.0845139870486049,0.627739333020967,0.456423963625142,1.09164527702942,-0.107970427358111,-0.0135916772503965,25.8,"0"
110,-1.2768303373631,-0.903556664358583,1.47710493531168,-2.58262635143846,0.635981274978341,-0.866537099352403,1.13806700345536,-0.924605090540022,-0.221503704356817,0.0966492553501041,0.982597805514647,0.737270798178983,0.521464722754001,-0.625923233929635,-0.564183198681789,-2.44488493773,-0.533630526442136,1.5773501120112,0.100918483467868,-0.431082639097519,-0.482119219464462,-0.182517593894064,-0.614101127966715,0.0376495329555174,0.793079737172211,-0.724708292810873,-0.616486478700911,-0.485984847090022,110.4,"0"
110,-0.59193265098725,0.111272818723084,0.69912564705995,-1.53607403341752,1.19320773057234,0.648895578872548,0.79670565794726,0.0169037341647528,0.789663930247757,-1.24622769732289,0.55534993849558,1.08902380848548,0.361765706492041,-0.0215200834519412,1.4338612000903,-2.62709475151096,1.17681211290546,-2.15767158390958,-0.567089194618146,-0.176300299410601,0.205963552629143,1.21619482699188,0.0933956348806911,-0.900310153126571,-0.423966470230816,-0.607856582707545,0.0177045839360049,-0.0767455100067353,13.95,"0"
111,-0.820860221930224,1.02256699049175,1.99656036169915,1.18014079298997,0.23246391182995,-0.123952548420137,0.68437085440523,-0.00825643661098835,-0.572410302591121,-0.404867209858296,-0.21218019225754,0.551737262877182,0.372832934947538,-0.119547733464696,0.0607856351396351,-1.23971372972954,0.648088500648891,-0.904013395378799,0.405413726142493,0.00516363271477244,0.000169258209471237,0.183382416880244,-0.299915114850891,0.431806370164418,0.456705484946915,-0.21329819904988,-0.0331607823937121,0.0883719924514249,9.99,"0"
112,-4.81602179918938,-3.34506105842244,0.566005641861995,3.96056779589727,-2.4954000253269,3.69136464456537,1.6033598578171,-0.0718012191562666,1.09241820405725,1.14581874359248,-1.22968693847166,-0.186777965538091,-0.0638645712803501,-1.41896284130383,-1.00637482143641,0.717839259413653,-0.333451260366958,1.20895055695515,2.24569699971514,-1.1326599747542,-0.797155075656228,0.260092570665231,-2.71227594238918,-1.02043560096365,0.0709897455066482,0.619085659323231,1.72070651812871,-1.64855313000651,937.69,"0"
112,1.10269785705561,0.103965142709557,0.934478733719531,1.15270351530252,-0.693597247497202,-0.584580296253587,-0.148439159372456,-0.112030900054251,0.196749802274369,-0.09471489685176,-0.216930687482548,0.752229419680038,1.08776025114597,-0.067945683641176,1.1955439673763,0.453200243426781,-0.667451667479776,-0.0596036413323407,-0.517138729789525,0.0370951046959812,-0.017210745536353,-0.0987807452578824,0.00333137451290343,0.39441157394013,0.33420826294862,-0.520700113221628,0.0459516846513113,0.0480047253176539,54.99,"0"
113,1.14755385606263,0.543491090615494,0.504579173142876,2.5179299142237,-0.123554818225441,-0.611119916113576,0.273075895849476,-0.173271031106327,-0.809549379494026,0.692369323469838,-0.547658436481891,-0.100281310597381,0.0546553073357424,0.333657162698395,0.436718095681099,0.593333947613198,-0.593651498010715,-0.289229422890957,-1.01408999159205,-0.0978375139247331,0.0259730727018773,-0.00828732956015141,-0.0816240790316241,0.379390351060374,0.558205979297513,0.0337555033257982,-0.0222306028310983,0.0240453317436497,31.17,"0"
114,1.19406627067496,-0.072582233439266,0.635285625865597,0.768616205616507,-0.735584338368551,-0.673465652619131,-0.146299156816319,-0.0656526148582274,0.646047714089895,-0.211574201767403,-0.757756837775621,0.131821518800671,-0.69169842096146,0.014078326711936,-0.0533594779935561,-0.144321695374838,0.0476212048425158,-0.66211620861494,0.255441031169989,-0.120276616100092,-0.300560759090794,-0.770991059375473,0.0744436541064127,0.397712515627784,0.285947050957671,0.286760296788728,-0.0310334554934822,0.0170518802455184,23.88,"0"
114,-0.284446201887147,1.0690989466605,0.930510616129449,-0.129010287466975,0.387819105384943,-0.513674806164707,0.664176393301802,0.00899871971709401,-0.260847490503295,-0.496499552216679,-1.04903082563504,-0.627843221343811,-0.24526324729125,-0.377959982848874,1.01125175176279,0.651429239242008,-0.267536250813416,0.198212689258619,0.228329087823523,0.110996657235803,-0.324077227214935,-0.885611047297599,-0.109522345532478,-0.520919598066715,-0.0653608170597003,0.125597664942937,0.240776972251657,0.0887738431883709,4.49,"0"
115,-0.182928163161652,-0.920683415484178,1.81875831513141,-2.45093615945924,-1.24755972085261,0.147436004310191,0.21862857254911,-0.407289576033799,-2.02387931859325,1.41093970504014,1.67241865952145,-0.103321233634749,1.0822814631366,-1.04409870991982,-0.319321724641297,-0.255877673257876,-0.104802034845268,0.221478485648183,-1.24028485261765,-0.242809950779426,0.0308062334644385,0.848899151150739,0.120259064958187,0.219241129089937,-0.441860047632256,-0.386686835352134,-0.291553177305435,-0.448051361613934,137,"0"
117,0.8056818038147,-0.220451375216265,2.37130972175031,4.07581730324907,-0.844073264503395,2.54639431143574,-1.43511438169251,0.94204778415076,0.330467788606048,0.83188054048488,0.312992575228941,1.01793233160253,-0.439618032759704,-1.00077722589425,-2.43149925710876,0.0988564400529616,0.261188185562175,-0.496635745618685,-1.51875700609581,-0.197553784139269,0.185844215074623,0.916782935611101,-0.0759106928937648,-0.243419838342537,0.246029361861685,0.283514651810579,0.11370422530798,0.0316968182917106,37.89,"0"
117,-1.01026659690107,-0.540014019039508,2.51862434429332,-2.27014885126383,-0.157362429773142,0.168700264268229,0.538239087259266,-0.379319119598226,-0.166360693434521,-0.226265168013901,-1.5086615471236,-0.471080665845311,0.939453137926402,-1.84208067318355,-1.79979742337781,1.33303255706579,-0.495358915286226,-1.4636520458213,-0.249813791744417,0.132299490806746,-0.103949956253723,0.153838760503381,-0.23526574595132,-0.424549401274079,0.679215833289322,-0.497094189856662,-0.364735608661686,-0.417094390763283,82.29,"0"
118,1.25491350721112,0.350287347439663,0.30248778547837,0.693114453986653,-0.371469881215923,-1.07025586479688,0.0867810091985325,-0.20283555094753,0.0351540586867867,-0.282617328705148,-0.0735918947385781,0.22482057473184,0.211172939178705,-0.284469010332954,1.09619161053037,0.480953646444752,-0.00628755005135614,-0.295312745326677,-0.196568594809816,-0.0797563716480711,-0.287592204957554,-0.832681695377149,0.128083116134085,0.339426821680568,0.215943770082566,0.0947035656084822,-0.0233542895314309,0.0308918751614484,2.69,"0"
118,1.4310534091187,-0.648101141301022,-0.331663900979847,-1.20738260249738,-0.0127859430121093,0.704439953997981,-0.732125587979523,0.183138871604336,-0.878334384179481,0.767906431093333,0.0574192744490524,-0.591459258951978,0.00451353820731977,0.0480512782477063,0.44239170146346,1.53111654186838,-0.325105203634955,-0.724348777941261,1.09984578404832,0.100777423742339,0.112748785409181,0.222295603641531,-0.244590547073966,-1.68815810712019,0.609778218339421,-0.0883659732751527,0.0104378007937454,-0.0144986111374894,20,"0"
121,-0.868565326449855,0.684978078336131,2.01374517722389,0.126390269388944,-0.493158040741219,-0.320478035868701,0.373577105289613,-0.0805006747415107,0.900231125485379,0.194338065334858,-0.996343567889207,-0.566134913546227,-1.13535696044001,-0.553999201196245,0.0162218971855427,-0.205851131306454,-0.163264125773231,0.078448029700309,0.0778381058800572,0.177090195630808,0.0272733891751579,0.573843061980698,-0.252014324955668,0.431533377802805,-0.137521043774398,0.423220586941,0.180521110937721,0.0444043115809273,29.99,"0"
123,-0.50572836193902,0.666300359810047,1.08099302025217,-0.447630349439539,1.03948959591621,0.184016650227627,0.882796990846624,-0.142339931387422,-0.608661013674489,0.0381701289096163,0.307121508472304,0.719950942327806,1.42291278143764,-0.175766659731947,0.0937922586622839,0.570996629224501,-1.31247269525749,0.610038293302826,0.737028122122571,0.435055444512493,-0.058791904639065,0.0220727996984791,-0.226241290144069,-0.986434607700741,-0.0659367342185941,0.25968490364616,0.150573486952413,-0.0425806995061491,40,"0"
123,0.968783928886267,-0.501798126380266,-1.33355848618811,0.388804289603352,2.0360913833929,3.66171431909762,-0.236794990955591,0.809585634449595,0.154500520085322,-0.0892829546061972,-0.540149745265684,0.24240838382793,-0.195637008724638,0.225998642245616,-0.131979386568109,-0.0811903266986279,-0.506312223566715,-0.0450907029029333,0.314876311175563,0.271697267705073,-0.0910521015614768,-0.561280312108653,-0.260982812072067,1.01770013682126,0.837224846587433,-0.342889063146211,-0.00346740156689819,0.0390037798917582,160.86,"0"
124,-0.614586106416274,0.975396461893104,1.68902690777887,-0.17048342188849,-0.152019577578755,-0.698487474413853,0.726557302713201,-0.0675882349877693,-0.126744585243418,0.41288683180197,1.36428285958492,-0.09908037353628,-1.47342969526717,0.34178548478485,0.328454297422882,0.297846416620191,-0.605726232973183,0.200484732317721,0.209764485497206,0.211526100674917,-0.261770174876005,-0.55021448984214,-0.00655987474031777,0.475346698901606,-0.268824811007139,0.0224187766618911,0.1991546160516,-0.0546991015212203,8.93,"0"
124,1.10525345275619,0.541842001729437,0.839421414901255,2.57093270635808,-0.279517366538074,-0.423062111097698,0.0880191903384811,0.0116217911816382,-0.715756444872692,0.65137861927038,0.0737870164072209,-0.142023838872057,-0.739457467029513,0.5026389486234,0.736688425532559,0.256745260866237,-0.0937320992128493,-1.01141559438333,-1.46549983564006,-0.239882550695197,-0.137434187391129,-0.460990832079693,0.189397329459604,0.556329106501834,0.185785849993681,-0.189029500959918,0.000207990322529455,0.0261670472578191,6.24,"0"
124,-1.71093476786515,-1.36679871176469,2.21731067303236,0.404714451353583,-0.114375223536607,-0.0759422685769514,-0.259942733167312,0.320897251827713,-0.175355040650531,-0.478714107642556,0.759642224706189,0.475061325489797,0.122646385556586,-0.119537851345866,0.489590180714447,0.180992375129104,-0.198955207886957,0.916421410485684,1.50620907963224,0.986113858659931,0.390633615123216,0.481111488438127,0.405839184115545,0.0664328180877174,0.156732408587657,1.28620050575993,-0.0939745973335185,0.0988264787273966,230,"0"
125,-2.80706450646631,1.1830983245702,2.97477937473861,2.8014770726566,-0.475110200983206,3.21782925631985,-0.401608122121913,0.384394771393269,2.40867509050974,3.35107932442158,0.106956335911642,0.367099045249472,-0.15026263098715,-2.4496711803376,0.182057040042768,-2.37231646127119,1.61425530212461,-2.01309059760941,-0.572183700247953,0.829196887938903,-0.201782060465078,1.46153507509319,-0.000330282936783249,-0.581133078257811,-0.10178485181656,0.529386142181608,0.36241057008342,0.237647042189905,43.71,"0"
125,0.853907974081155,-0.527163872834034,0.823846174697146,1.23522372952465,-0.64236996447791,0.528598207140199,-0.397823040866416,0.156763670526327,0.705793042652281,-0.270381429170077,-0.822919842520657,0.585910883739894,0.758072714996179,-0.336816368432673,0.866424326657204,0.0885585003284557,-0.336591803314071,-0.115178979228046,-0.65707618730982,0.213582484417602,0.222965567704077,0.526011895186478,-0.271286437514026,-0.384841523616924,0.466662062089448,-0.216339817952503,0.0586929715657156,0.0563631695531795,165.55,"0"
125,-0.724910391642523,0.0734750176711627,1.73954661459737,0.758588063252967,0.229542569769155,2.42206921839833,0.196687939138544,0.861076213913305,0.0991015439971677,-0.730404859835193,1.32710147814253,1.00546316440319,-0.987889570380892,-0.0907162500405274,-0.711232835863988,-1.63574287277683,1.15043061698781,-1.61038958376146,-1.04467075668006,-0.0442151698279929,0.188695536552241,0.738514964248651,0.145932699123574,-1.0321856619764,-0.0875112266758267,-0.22106278070552,0.108167891385409,0.0117846683408544,113,"0"
127,1.35648932304895,-0.221355460517048,-1.23699561807904,-1.24683511748896,1.90780883583884,3.10391131373124,-0.603383825549455,0.762840712741644,0.118338734222631,-0.129794115683579,0.00945176553165894,0.0406643498000513,0.0630203828397818,0.375077354483156,1.3228717133245,0.581875800148847,-0.803959847047466,-0.0541062832984243,0.443846398563976,0.052996902587122,-0.163828604014176,-0.602687599640602,0.0111132621014055,1.06384458235553,0.400725554242031,0.975861961755969,-0.0812200923516982,-0.00331449656778553,1.54,"0"
128,-0.549716076351302,0.90766515227958,1.59794892989637,1.298977800598,0.587993400450587,0.032375917442379,0.754252410079554,-0.306613655228655,-0.269296806914623,0.138561008488414,-0.332579655445665,0.686874249857436,0.982692102725921,-0.457462731500364,0.134497104757032,-1.36775776958931,0.445977823977939,-0.868421253103658,0.765464086144247,0.0217536063423103,-0.0114848589317937,0.417706232865952,-0.265217609609617,0.129560502794726,-0.228240584158369,-0.304780419639849,-0.190977589509351,-0.0870806290376805,10,"0"
128,1.23949480822237,-0.182609247906561,0.155058295671085,-0.928892143565272,-0.746226570194207,-1.23560825972195,-0.0616946788968651,-0.125223462486931,0.984937844492791,-0.746624517996666,1.56345897069768,0.890131708909049,-0.985158790685559,0.778734283739171,1.01697435758885,-0.429489928950288,-0.335787034053095,0.614690088138762,0.703133095890784,-0.160405632354295,0.146077125253218,0.481118508505651,-0.140019357827727,0.538260609884007,0.710720105945621,-0.621381766344355,0.0368668087203768,0.0109633193892522,8.8,"0"
130,-0.485237731354587,0.658496593931675,1.9499666216818,1.249694748113,0.426410290454178,0.231512686640011,0.585115384013548,0.0291629910040773,-0.520297446430573,0.0559114747132073,1.26531109172818,0.521276564562198,-0.83043942356099,0.157454834211579,-0.365074565515139,-1.14218703963807,0.409601003280508,-0.20487649184935,1.01048316317371,0.089377727218868,0.0072901215593008,0.328243725758085,-0.232563154864066,0.225572060947352,0.025891679061435,-0.247395420117533,-0.0253810207514534,-0.118564649787103,5.97,"0"
130,1.35328308643535,-0.69489997857583,0.970826106863837,-0.426559486874908,-1.41726332965319,-0.505710366166207,-0.932068859065768,-0.0839567827048411,-0.224207861162285,0.44674812787116,-0.540411822093291,0.0723378428494096,1.00664661216271,-0.905357238477549,-0.304202301648257,0.802625517346809,0.483087269532383,-1.34493029038149,0.649045313715335,0.126358011817793,0.284340591751187,0.99343371830933,-0.164893279142836,0.474256988589264,0.62384756929974,-0.00674976527369475,0.0460256329332312,0.022043161634447,15.93,"0"
131,-1.00739058275579,1.26194331919926,1.20720274351755,1.3075749266587,0.153211415554951,0.0622911017873403,0.508647160027692,0.0794468525210625,-0.39521086030534,-0.00615217663905655,-0.468287907189751,0.82781935550606,1.04667579114069,-0.185212586402775,0.109266578253161,-1.25280432357317,0.605940980983828,-0.831079808839291,0.772720684709515,-0.104066544890791,0.0391497561804418,0.411660756098818,-0.0803201403236891,0.121235070052195,-0.132999537065423,-0.303176862470027,-0.463913070120756,-0.16415724108346,10,"0"
132,-0.394815704179131,1.05441829737983,1.20636127062336,-0.289232389914903,0.610283923861161,0.0815293409925306,0.687720988346137,0.0653407179588557,-0.501623228883982,-0.387104735945791,-0.748656330999329,0.317262072042922,1.2094551611833,-0.0891142351404219,1.04581112477752,0.101501487445587,-0.479842164942754,-0.656485151546465,-0.0359223287804596,0.160782592150028,-0.243154472947704,-0.548387502149496,-0.10713764739307,-0.757096547015205,-0.119197083126964,0.149368195700887,0.287359727447207,0.111322399018758,3.87,"0"
132,-1.57135931118663,1.68750802712553,0.734670437858068,1.29334959714667,-0.21753166347078,-0.00267746796392636,0.147364180877205,0.515361979346643,-0.372441612815001,0.078020678219396,-0.592494907439863,0.99794100956986,1.10932838560526,0.0600476234099728,0.0861407955897413,-1.14989267358928,0.76519825435519,-0.810588623188627,0.737550435684102,-0.0936135323992745,0.0485493139851947,0.377255527434062,-0.0304355119893346,0.117608127652655,-0.0605200767063873,-0.296549879661509,-0.481570296943838,-0.167897497050231,10,"0"
133,0.709335677767676,-0.0116791551225081,-0.530212954758486,0.236330632208106,1.61174986204676,4.09191538293948,-0.862138242719811,1.08397306892466,0.786795680750279,0.112887484237669,-0.653232103051672,0.173266863908925,0.0378668020493338,-0.3878127896013,0.374892960030048,0.210211547181194,-0.644749399312067,0.554854578161012,0.622384226210836,-0.0415514902553178,0.00677525558103952,0.0900325596398993,0.271773416195508,0.98654728115285,-0.809943468286729,-0.529659539648222,-0.0658869042899002,-0.125002176706683,35.97,"0"
135,1.10176244239434,-0.119018463304873,1.13915027454676,1.84496121166558,-0.817909155917367,0.247770075059204,-0.68418103732984,0.28309582080913,0.286762552995096,0.440946202096376,-0.826293741240075,-0.769377782472298,-1.54103256328002,0.0479042224605281,0.567886086354051,0.523959446513121,-0.044064668386419,-0.425632201949156,-1.10102995487559,-0.200597230770287,0.120200713714911,0.371304975691741,-0.0160471102676981,0.113901376012781,0.152014420158201,1.12604899046031,-0.0386951520355876,0.0123388268988393,22.37,"0"
135,1.20720732422405,0.241318029071441,0.258744960667355,0.65333494001419,-0.256425758843426,-0.620309257280381,-0.0396528304896815,-0.0221386613164761,0.145190565924171,-0.305442980386716,0.0235744586581998,-0.0897945367743728,-0.564338047466144,-0.105116498946392,1.43082238854315,0.222641855675202,0.317193266420648,-0.652918625345187,-0.552422227232238,-0.156234943936323,-0.267165290179502,-0.780157602682276,0.165656820562567,0.0129556380364155,0.116175752463306,0.126406131740855,-0.0121557176813252,0.0262392973617874,4.57,"0"
135,-0.541889409867868,0.907744834353959,0.941841930881673,0.993747888232129,0.844723948034434,0.360279963035418,0.761736831520894,-0.222477053379465,0.179747695524952,0.408008155073805,-2.06190815476794,-0.71990402978211,-0.367007292471775,-0.286506809530979,0.180705099498386,-0.59346937797803,-0.250660990079749,0.230033157777734,1.63369068931942,0.14613960866094,-0.203112395365599,-0.122943687021868,-0.438461572930502,-0.996350432896305,0.0937956895469627,-0.216345753322326,0.0153753989769205,-0.0384907800916454,23.57,"0"
136,-0.568284747585613,1.1950945447569,0.69474149656075,-0.626095126347654,1.17108401930435,0.373751078952388,1.01309484421646,-0.272388391902167,0.0558697391702687,0.682043641285574,0.267372062772765,0.178172797544101,0.854316439297874,-1.00920539655489,0.353392252309136,0.854815188775112,-1.13054902389858,0.763852749156702,0.796372845597807,0.599425704179543,-0.489934828858084,-0.83852008374647,-0.286195775608183,-1.44120886363977,0.115045241477743,0.113461635905243,0.13709554389268,-0.249693919517002,13.99,"0"
137,0.753307852006014,-1.13159325678345,0.878730366275302,0.297870795702318,-1.32725016090081,0.0665956381298685,-0.535275981085739,0.17113262133325,1.18460203975708,-0.510452889948725,-0.559082123573571,0.121812639047106,-0.718595336305624,-0.211232351900226,0.663762572071223,-0.0642568148905888,0.256345466775674,-0.696030148844145,-0.190353268399697,0.295638378771951,0.0319122383824832,-0.213297997223871,-0.091660380541864,0.15183652108847,-0.0676734412461603,0.999073309691521,-0.0639848051007865,0.0491743555243216,226.07,"0"
138,-0.986639536232516,0.0546197737557083,0.892189389775173,1.23854630109675,1.15394920240734,-0.443156858403968,1.15879297118205,-0.234932879110434,-0.748284316300919,0.199997639725271,-0.377070284469104,-0.0865458979047432,0.217167156344124,0.314289833672674,1.29554551600091,-0.818801495605568,0.059642158114003,-0.689562879545385,0.684420233943306,0.744324727281039,-0.156083980023296,-0.59057640522234,0.432953110711118,-0.337631423189539,-0.272390765218294,-0.551474595881128,0.171669591342014,0.0127123886327536,148.81,"0"
139,0.951278275520493,-0.657729594475177,1.70188353276801,1.80966728327767,-1.36016210898805,0.953857646316338,-1.13480328179431,0.528569709758623,1.91440355688492,-0.41342580316083,-1.4888158047149,0.105980334378276,-1.65017861034361,-0.765610812188551,-1.18267098848816,-0.739282377207059,0.676979258708734,-0.483801273027034,-0.188162502490156,-0.192796372616494,-0.0275960281344777,0.284121153750591,-0.0920930540673923,0.0918997878532827,0.418136114227156,-0.195826727837413,0.106816908328757,0.0408805315737292,58,"0"
140,1.17547797784407,0.167881282807954,0.509908524918345,0.452332377841821,-0.215763033012374,-0.192103788679566,-0.105403719620125,0.0685168493023459,-0.249733437436787,0.0531427317518959,1.73792686089307,1.25332507136832,0.419214818545098,0.422533743260073,0.56052905321648,0.197461932874899,-0.407984598758528,-0.520951033931573,-0.188320466586913,-0.101553775177371,-0.17614700306289,-0.500566172372577,0.151262949093433,0.0183469698916752,0.122002841950239,0.106306809485971,-0.0149368758024788,0.00577092652635563,1.29,"0"
140,-4.63653366354065,-5.93171744106428,-0.227301246245913,-2.73727134622764,7.67254396636689,-0.996354541864632,-3.39118449591982,1.23626681418495,1.1294619353699,-1.46186088102085,-0.326430680230826,0.597189552495276,-0.0274676597283356,0.506505348073668,0.819288064658459,0.194869169225205,-1.17259982154852,0.596973854257166,-0.50261912067349,1.52213662869958,0.655844387605663,-0.0471578545070181,0.869558210528366,1.02075478942494,0.706124562235751,-0.20709610849529,-0.167680268102145,0.217684965257907,65,"0"
140,-3.22274501100038,-1.9327757044757,2.92324182826304,0.143573530852847,0.948116816542208,-1.07645600581424,0.811226329829832,-1.17068306685594,1.36375329889408,0.675724117534734,-0.0339473352231843,-0.308436203291224,-0.0353489301303699,-1.65500982811671,0.50501404779548,0.264900660617557,-1.00158561770434,-0.21774615279381,-0.394364057673375,-1.78673634329165,-0.657896819315628,0.983985424620235,1.30469309419231,0.804413958498544,0.686028186328033,0.455320508256361,-0.373341968862885,-1.32516429929789,11,"0"
140,0.693502988755359,-1.13423202306023,0.782844001763087,-0.592996394903141,-1.42180256489166,-0.487530734051963,-0.272320585287932,-0.0291042222611184,1.35306576039758,-1.06706560721513,1.64911855440169,2.15205511590243,1.10495810357974,-0.138375719164034,0.470191723014922,-0.314898027579055,-0.390854608685895,0.54883544440847,0.662310958168278,0.478713089746774,0.238845153088185,0.380749354844074,-0.270755181100707,0.595487402322456,0.39215654781283,-0.733621849318747,0.0512302497393546,0.0746136467913605,257.3,"0"
140,1.00794705665789,-1.2894923511636,0.666740850795644,-0.741321189390243,-1.29052345114356,0.302172443495266,-1.02690705207329,0.220562031601452,-0.607464701990685,0.669997284504652,1.25373974955731,-0.137544139360578,-0.0344472607290144,-0.142536713309451,0.745752447560365,1.51476544839523,-0.0122663852277479,-0.627738477091431,0.229871143466926,0.379483005526248,0.530548637505077,1.11356107364711,-0.260041909349946,-0.25324180419592,0.299379405106148,-0.0327547607855412,0.0179265662403524,0.0356669225097771,169,"0"
141,1.18045800237621,0.334266980447773,0.395177877384029,1.19075319681934,-0.0921576275482695,-0.388137644678489,0.104290921558096,-0.0987315532257956,-0.115804498372846,-2.68638196892377e-05,-0.0872136601740492,0.597891163495944,0.667519134140546,0.228582450327171,1.11873877669134,-0.172510381252242,-0.231202878826099,-0.596696978354033,-0.83938831980647,-0.120379330760345,0.108715301392498,0.417283268134808,-0.0921113750529058,0.108524819746838,0.620831436025003,-0.254117486121484,0.0378717065783291,0.0210776282484286,9.9,"0"
142,1.21140602376378,0.00784975619786329,0.950798394868363,1.13764647804185,-0.495189278904212,0.301371117643675,-0.51835035910425,0.095425921740844,0.817591713147277,-0.22633947839369,-1.3927278450947,0.666903920591623,1.04867797784405,-0.58264566486042,0.144561729916678,0.282077685114479,-0.602787656509639,0.104931520635137,0.0988689071769595,-0.0499124714120192,-0.107247742883246,-0.0571525349589814,-0.118932638084772,-0.421241480462009,0.556146314297023,-0.360164370638928,0.0769299077872142,0.0318000277964341,9.99,"0"
142,1.28825562199891,0.0858275844544001,-1.17948214164469,0.0643570502186072,2.19522544450848,3.38336287329674,-0.448436906608173,0.799347197116904,-0.147006077145254,0.125537072746804,-0.190735617900475,-0.000114247260243182,0.0027465926969948,0.467035600502499,1.12368504631019,0.4755097932369,-0.973083981484898,0.374351343702324,-0.102647218039713,-0.0157745862424961,0.0174854431266938,-0.0513554069962245,-0.14547985526667,1.00761277486959,0.833292660137946,-0.265485115028612,0.0205390779112331,0.0153936614859617,4.9,"0"
143,-2.14345753168918,2.10782615798639,0.213151875762876,1.28221656812522,-0.732558393859669,0.0235891509379041,-0.07325581121347,0.924142655115439,-0.356987542266807,0.141018335485639,-0.711177478766787,1.15744264987563,1.17737992027391,0.299913526361994,0.0688091673255114,-1.03152235339584,0.918291915832962,-0.790618196786212,0.701377811897312,-0.112865918642359,0.0446409641022866,0.345345863343989,0.0132326970270756,0.117188283681427,0.0124059002514129,-0.288530747522895,-0.473893869130148,-0.184488137118191,39.95,"0"
144,-1.03293991549335,0.680608051789549,1.40255012497922,-0.529928017757242,0.869578141766111,1.90330142638942,0.0332403202241882,-0.237815274645496,0.844581681477431,-0.989004576959501,-1.30616481123932,1.04765367430425,-0.075453672506339,-0.899500611447866,-3.61805982526533,0.0869577274486215,-0.723273585626138,-0.339748152861795,-0.489336593563701,-0.520240423673313,0.411651247363378,-0.94100654052664,-0.157833456558517,-1.73529717430503,-0.0260333728897333,-0.814973734311634,0.0947616843207687,0.126906426773109,15.36,"0"
145,1.12257864240305,0.222573144325507,0.481927939115664,1.13137537534155,-0.214947188900476,-0.201283176831046,-0.0565559093730537,0.0874707805726055,-0.250570246471222,0.195466422474793,1.63668250357592,0.865900010801933,-0.369633923211147,0.619830260052315,0.504038499967571,0.00770817649232022,-0.355744134342657,-0.0550667318725607,-0.620199929026431,-0.174625292155157,0.163222748192099,0.492048457521335,-0.0684497226917375,0.233484744781883,0.532599941268296,-0.281097205854833,0.0283255257858858,0.0109896804308742,9.9,"0"
145,-2.42041282408364,1.94788538506719,0.553646042950925,0.983068885733748,-0.281518066165018,2.40895755224446,-1.40161343049739,-0.188299113326755,0.675877503284406,0.158497491240167,-1.2249513176117,1.31470507781452,0.30441192016845,-0.29021759928937,-2.01454783986915,-0.772800501300637,0.696761204409881,0.0179135793213203,2.17724950048054,-0.276206700967262,1.21382598741995,-1.23861992068538,0.00692730815757439,-1.72422208413163,0.239602695225738,-0.313702950445766,-0.188280879595338,0.119830988277492,6,"0"
145,-2.42041282408364,1.94788538506719,0.553646042950925,0.983068885733748,-0.281518066165018,2.40895755224446,-1.40161343049739,-0.188299113326755,0.675877503284406,0.158497491240167,-1.2249513176117,1.31470507781452,0.30441192016845,-0.29021759928937,-2.01454783986915,-0.772800501300637,0.696761204409881,0.0179135793213203,2.17724950048054,-0.276206700967262,1.21382598741995,-1.23861992068538,0.00692730815757439,-1.72422208413163,0.239602695225738,-0.313702950445766,-0.188280879595338,0.119830988277492,6,"0"
145,-2.4194856262823,1.94934570375711,0.552997660975705,0.982710096155354,-0.284815274803146,2.41119959238008,-1.39853713503641,-0.188921645300037,0.675695454230089,0.158122713918993,-1.2248344738664,1.31439831223912,0.304424889384823,-0.290433982401903,-2.01451069253412,-0.772540312759084,0.696610461491496,0.0178550099535501,2.17731206529192,-0.277406250908905,1.21338967197729,-1.23835434839285,0.00719142601911452,-1.72417506863374,0.239721077470468,-0.313606874775548,-0.18743124806963,0.119471938852797,6.74,"0"
145,-2.4194856262823,1.94934570375711,0.552997660975705,0.982710096155354,-0.284815274803146,2.41119959238008,-1.39853713503641,-0.188921645300037,0.675695454230089,0.158122713918993,-1.2248344738664,1.31439831223912,0.304424889384823,-0.290433982401903,-2.01451069253412,-0.772540312759084,0.696610461491496,0.0178550099535501,2.17731206529192,-0.277406250908905,1.21338967197729,-1.23835434839285,0.00719142601911452,-1.72417506863374,0.239721077470468,-0.313606874775548,-0.18743124806963,0.119471938852797,6.74,"0"
147,0.912979151045631,-0.652999554539752,0.298165152865105,0.209546164241634,-0.197230543833338,0.97109994603196,-0.44946077291388,0.281896488041048,0.262492645672449,-0.0605949798284695,0.422922489438663,0.693403324456245,0.6647496741636,0.0936292269633449,1.03903401100655,0.965015288961663,-1.05095382579298,0.487147394485388,0.0154526424711621,0.299062225387781,0.0892580764530417,-0.0773064080184334,-0.237706650964096,-1.30141487289398,0.179598999122279,0.469956017577033,-0.0247386669553996,0.0283383143777616,170.43,"0"
147,-2.68797796870046,4.39023019933876,-2.36048306060258,0.360829161863292,1.31019221121188,-1.64525343083117,2.32777608338104,-1.72782515523243,4.32475181286058,6.28648734944894,2.4663953172312,-0.727390954385001,0.0261896247510597,-6.57678855343433,1.76603352212893,-0.651758648852624,2.20139193275346,0.377628567368649,-1.45011311721293,3.16934441681881,-1.04596142195508,-0.156951371760492,0.0798538742146139,-0.0125984614525447,0.207194001035003,-0.536577941708626,0.950392726564008,-0.624431487809956,0.89,"0"
150,-0.399879706933424,1.05196578765937,1.39080202251374,0.093131864909547,-0.00769935684627071,-0.717558971168534,0.588094752233896,0.0859320972992929,-0.310721776779909,-0.533284650505651,0.177463377055011,-0.272661629499886,-0.686154328631479,-0.237325713037152,1.20124884754636,0.0287133965963381,0.446918010392072,-0.60590961935877,-0.566862926753479,0.0182526997111467,-0.224926322854705,-0.573765955627525,0.0570413827431908,0.329354095903188,-0.302724005891773,0.0838828057404799,0.258834227158744,0.0963366739991523,0.89,"0"
152,0.0954900228456742,-2.557694205114,-1.13405485634425,-0.435770469930088,0.728493415067183,4.09047599707848,-0.429328773791629,0.896879023618813,1.0042442837109,-0.673619599118811,-0.561046275919448,0.419629369274585,0.0219718621062603,-0.274255244414835,-0.0374299448622395,0.28663528079461,-0.336254418764463,-0.0684119670021719,0.644496322035026,1.28012434691214,0.0800979477146407,-1.03853816813059,-0.489644636546133,1.10843999722431,0.0726030945435422,0.893182948664945,-0.146017062362283,0.113110456292708,614.87,"0"
153,-0.648576025602736,0.740564583155935,1.80038149983596,0.140825683642703,0.050646442021392,-0.257415304087709,0.920469708076213,-0.422028001868238,0.590522448601997,0.300759584280352,-0.172947795529681,-0.103424421030491,-0.774136093006546,-0.589982857734672,-0.0359467720435737,-0.935951854730396,0.240258705595403,-1.12623294593524,-0.131411402936344,0.0629142361941345,-0.22910658533259,-0.161205343615654,-0.112529796276911,0.420750205933242,-0.139913830386481,0.163192734703958,-0.469013664018867,-0.350543139472431,22.99,"0"
153,-0.903628224068223,-0.23336259768981,2.58086353129083,-0.990572326575126,-0.397920254595172,0.281755036718239,0.238618916120657,0.249101589147702,0.651330367931997,-0.881774860885329,0.939971813753546,0.397778746399661,-1.49456262738193,-0.428434388392651,-1.30794235136808,-0.0956183593821743,-0.0801697746149894,-0.432193307441223,-0.336658275618394,0.0504711870898971,-0.0750174594454639,-0.0979062674333585,0.0594478702204462,0.24454763393364,-0.316141151323228,0.754404529795041,-0.166315608674403,-0.13817709645405,71.26,"0"
154,1.19084416700527,-0.608426894343412,0.0690965208551847,-0.493509204551459,-0.944774743830847,-1.39085713862859,0.0476588701475922,-0.467883894885073,-1.24887737428986,0.570877508476247,0.276515957444852,0.206483455787558,1.40824036194911,-0.200683588860116,0.359211437719987,0.718362666807961,0.406068317688788,-1.78603048662135,0.438820548739507,0.37426762792911,0.262280356547494,0.489142757167071,-0.186644880532543,0.797720641784015,0.630575251681358,-0.183914266199838,-0.0293015432982274,0.0335084902332514,127.69,"0"
154,1.31560130547239,0.413148285003167,-0.0189531040851057,0.48783438371437,0.132330692106168,-0.574306547058334,0.146563266758931,-0.215922857789867,-0.0802761747669606,-0.314456603340681,-0.623759227677014,0.557736092551199,1.49812182457423,-0.561514237040532,1.03095256670366,0.669772501003318,-0.373964238664907,-0.164368864460702,0.109735899193281,0.0183652378451108,-0.329566650942799,-0.89118811250975,0.0113523391455461,-0.477578556924533,0.365667356108761,0.14325353541131,-0.0167570432489173,0.0246401551478515,1.98,"0"
155,-0.546215294972356,0.878083882293216,1.52317638764495,-0.242853436970477,0.323931242461113,0.371851982517544,0.446595387129443,0.370077040152972,-0.631359032988379,-0.229069503067574,1.71411974339612,0.693839099600459,-0.316152534077652,0.440567025856866,0.678386646544433,-0.184842427295032,-0.0684111292642775,-0.734662411659657,-0.420404254135102,0.0363540246351676,-0.120936485626386,-0.268618466653609,0.036313229123119,-0.312671175311021,-0.378050849608098,0.113659843853995,0.292120545926481,0.103729797096806,6.45,"0"
155,1.1719535217444,0.31121325223846,0.313605077628952,0.519230420464062,-0.0580321109614955,-0.258768684556513,-0.0438428108307001,0.0395988892763753,-0.34422688266534,-0.179727145033748,1.97901576926006,1.40674626412141,0.871995166998189,-0.212157235594389,0.563275934273453,0.348119863137014,-0.0216231184943433,-0.343891187830958,-0.271035656340405,-0.0542834135039712,-0.200153105673389,-0.541916272674481,0.137491127384619,-0.00173946163548073,0.139121262667106,0.104375916651933,-0.00541421156218745,0.0187280133381944,1.29,"0"
156,0.714401041887493,-0.493905247379715,1.2694845591686,3.01149410625398,-0.8012158749352,0.929403838218131,-0.428879150364413,0.284565326132955,0.406555465390931,0.248953649124813,-1.10356340718444,0.517018446849189,0.0703565222519496,-0.690133944359364,-1.23151809368767,-0.246761403592672,0.277265679284039,-0.743478106720194,-0.984552583169264,0.166906057672634,0.16212295839497,0.454363897973616,-0.26357627145285,0.144387968224367,0.483056303230401,0.222374471953349,0.0315966601243725,0.056035759885241,184.31,"0"
156,-3.49486085637009,-2.89444973245688,1.63798883925287,-0.274975575422441,-0.389202932990922,-0.703274523812228,0.444194182862303,0.154266424226882,0.695817583847217,-0.568492239737202,1.0419564759106,0.841409533362485,-0.239347378236695,-0.415695785436682,-0.86117139437533,0.664272230059494,-0.593475405890095,0.237450522629567,-0.27236050245152,0.670036193539808,0.0170103072559315,-0.0635214954974176,0.676253817200301,0.596377135847149,0.114228989590223,0.834914728281705,0.309675190682032,0.632260840541457,500,"0"
156,1.32529522842754,-1.13867806622782,1.2762656356343,-0.207920237677185,-1.64208786439636,0.696572808765306,-1.50295490821217,0.297739613423267,0.872380951893234,0.251926471501964,-2.33201137167952,0.0475168887603448,-0.0339143464617889,-1.26631715605214,-1.60519213139101,-1.74371227950481,0.482654983666893,0.997653708473535,0.221744189398363,-0.498396658431194,-0.606347646499797,-0.803193010722508,-0.0266178417797112,-0.397272515238105,0.245699397415582,1.12740554418272,0.0230114319375673,0.0122644747436354,10,"0"
158,-0.600816388115364,0.922454525911535,-0.135951820418704,-1.25991483910974,2.43982440634166,3.33020532398973,0.0871070880575762,0.949659242063477,-0.327931944022326,0.0617085198149349,-0.157387072529051,-0.233220336669169,-0.0533324475993436,0.221138816180166,1.05707087248086,0.505629784812465,-0.899687487478946,0.0818471727849734,0.357532361084866,0.348027853864187,-0.311488589011741,-0.9272331843096,-0.0452679356500729,0.979587246671944,0.0164232459149332,0.091043324055392,0.371280248055762,0.180187431297484,1.79,"0"
158,-0.159985036673326,-0.611632858229461,2.08141930157426,-1.0481284532518,-1.08345577175002,0.254356945302907,-0.782936554073426,0.264001941205066,0.404509215360876,-0.232303544717752,-2.09316827089706,0.465104232566179,0.650495508341059,-1.51449222349658,-2.53497822597074,-1.78680271755936,0.291461234226018,0.85193607648474,-0.564583751655944,-0.510184960072474,-0.365403740456431,-0.127932001202657,0.163175571365982,0.104227427084037,-1.28676528715754,0.74762533595901,0.241777014043167,0.237055507193741,10,"0"
160,1.1714389026217,0.474973975583183,0.0117607181797781,1.2643025050102,0.116234124537714,-0.865985953123542,0.554392815083102,-0.276374984206308,-0.471301562646368,0.0291038174075634,0.252013153301169,0.740675664854203,0.588883533729798,0.480297338513285,0.799411782873188,-0.592090170038143,0.0328385154292319,-1.01236278887154,-0.799293046891995,-0.119438649293678,0.0700510477708725,0.278842901024063,-0.0974914411356847,0.426278229393726,0.744937648797926,-0.274727609420499,0.00847157384963761,0.0154921111821629,20,"0"
160,-1.55148161076975,-1.05334603401611,0.762805728969769,1.33512906135323,-2.58552304030301,1.94225236432006,1.64668686478826,0.641265548922179,-0.649862121450218,-0.894433570939067,0.988291377703951,0.882422920364539,1.05786512951334,0.211819844348127,1.15137499380378,0.721920217427292,-0.580298939274122,1.21306948214694,-0.249192642099628,1.4333971939978,0.867609116975648,1.25420071585031,1.57231455458563,-0.356253923404806,-0.210821219309723,-0.229606724368542,-0.205431387098071,0.0392579421284044,700,"0"
162,1.03996431285983,-0.53435530995218,1.86519028589769,1.14512180476396,-1.48813290217244,0.58964099054725,-1.11990041407499,0.382781129740066,1.41915965713905,-0.343118808714831,0.617488364044427,1.9268401978149,0.448318973765663,-1.07377083754811,-2.33567411812642,-0.375364037577392,0.184548437135102,-0.0490071405760598,0.604054432957886,-0.053880115046227,-0.0147010682841249,0.430842717682462,-0.0713437931700693,0.638433910094124,0.366777534067331,0.451210737182906,0.0538397645923554,0.0234511001385253,22,"0"
164,1.21205680491093,0.246405410931148,0.309165987963331,0.584744387260993,-0.381581347457112,-0.764967735357268,-0.0677828424476939,-0.0129912832278023,-0.110617107192384,-0.0914479160813403,1.49899948496005,0.513745561421316,-0.627262127842169,0.0620883471382148,0.478131201691994,0.711875624352717,-0.213038283761289,0.291523228549821,0.0971658098280495,-0.117856067570329,-0.244625312631855,-0.781194221445611,0.125371942630966,0.268166085235436,0.160142724520447,0.0796446349318155,-0.0320154995205973,0.0190520811632695,2.28,"0"
164,-0.433211486483386,1.02083512456957,2.01973019800995,3.00326068044986,0.0313076564172956,0.18706304506808,0.85085648250519,-0.143932448705733,-0.918042963995583,0.886323094011312,-0.811858292363655,-0.338453439086714,-0.0645042814303195,-0.27518933725721,0.0552246849191285,-0.646152559108547,0.313931819047511,-0.295943212413621,1.17788259155347,0.471102988657685,-0.177297912686681,-0.180259506575557,0.00776031031146668,0.382658023499973,-0.187192964018491,0.100067113449304,0.204038587808105,-0.0181503025934482,65.26,"0"
164,0.0734967056887614,0.551032960259225,0.451890424146736,0.114963844424433,0.822946500531498,0.251480314095268,0.296318523801703,0.139496906958868,-0.123050185803842,-0.142616896581212,-1.65294820941034,-0.908371307241479,-0.653478667558221,0.40930988967974,1.4906178387657,0.104649349343602,-0.402916543469007,-0.113269881283402,0.777332617866825,-0.0439197227993876,-0.128758265984456,-0.381932361915277,0.151011581840135,-1.36396728883068,-1.38907916792614,0.075412285290546,0.231749597684527,0.230170991185614,0.99,"0"
167,1.32177832458389,0.658048334909082,-0.793312359445155,0.429647454409031,0.417966106211182,-0.927679462659904,0.180923439759177,-0.236763419350955,0.0201429657349104,-1.12174278594274,-0.149294237370762,0.0825837520258835,1.19395105781767,-2.38081950169804,1.24125762669779,1.16357167497705,1.09711121461693,0.788934571180824,-0.10934006822543,0.0698727793744155,-0.248708574015414,-0.599279667151977,-0.138226450009265,-0.58757703356812,0.499087023203694,0.589338792193903,-0.0139691848034838,0.0555063725794108,1,"0"
167,-0.827464822569393,1.2485696780494,1.02382611273013,0.618081105427849,0.19109373181254,-0.208733095170559,0.964715393312821,-0.139165792435669,-0.625848230775846,0.427322432532782,1.02871964949309,0.423747719452092,-0.24231472918071,0.424507636573025,0.368675207076469,-0.0128393392786197,-0.585486705167062,0.157830764477803,1.14965140277669,-0.0906580063700112,-0.355189839597651,-0.947556834699434,0.135053863943154,-0.0741046310543641,-0.73200555569596,-0.943677905664651,-0.649288686329365,-0.368764973806823,44.2,"0"
167,-1.32906236984437,1.95588981197388,1.11827516422729,2.31843190169554,1.58253723192548,0.389936614137912,-1.28730616798389,-1.32391883251051,-1.05032135406851,2.03281200518216,0.370425698818787,0.733429931217839,1.20830136129523,0.184726432830728,0.550391786867822,0.434456928677249,-0.598240410222463,0.533996189934571,1.41498004417875,0.205083471409882,1.28696891827561,-1.2619797935056,-1.73284838133851,-0.792373358337001,-0.775037614356929,-0.0484433097173982,0.783108914458229,0.404477745553409,5.42,"0"
168,1.27496709005001,-0.77878335227247,1.16245268542957,-0.180424614010938,-1.53263119934861,-0.10180828614273,-1.1857378085811,0.0765215192124052,-0.265080339507672,0.679447707511232,-1.08266718808321,-0.30276593486496,0.655988004675397,-0.398951200368821,1.49557821330959,-0.502574657593013,-0.605092213092874,1.91262483197738,-1.16990469075826,-0.384006672415489,-0.154060871602444,0.0037129320005821,-0.0402722406875542,-0.103367397149995,0.129751636455497,0.605919185541822,0.0321665434324901,0.0367296119101737,42.9,"0"
169,-4.06686227118254,-5.08121516166371,-0.11690781000852,-1.31282927269338,2.68876224616788,2.75589497819361,-1.99909463351028,1.7264125348751,-0.413594233198214,-0.769343040305846,-1.26596290317419,-0.306976373337728,0.0961362389085825,-0.58129933212274,-1.59735760313307,1.21366649249243,0.298187370700397,-0.604047660269601,0.534227573107073,1.87693716583902,0.794925643132667,0.294822646237986,0.429790528035806,1.05931997507387,0.606301317859131,-0.183100838067739,-0.0577766750865602,-0.532404119408748,355.51,"0"
171,-0.36553173374041,1.00693184486761,1.10830366795943,-0.428693695108919,0.590512808184153,0.105473837967882,0.602926226708912,0.132309556918358,-0.636397653988268,-0.152232190572366,0.324882083878199,0.469855522207178,0.556565352066068,0.187392784381691,0.187945749072753,0.715895776355689,-1.09137979025149,0.472923128374008,0.740916146860017,0.165872525947607,-0.250030582024199,-0.663325224257752,-0.189398623626977,-0.845682201120902,-0.0557595567139737,0.124844712568498,0.263524606154263,0.0995789341935806,0.89,"0"
171,-0.957819798032566,0.247979462912852,3.77285685226266,3.31138504647662,-1.30542724637226,1.66837856716117,-0.671931222943689,0.453987296034626,0.555107072903718,0.785059044667756,0.0188217794670076,-0.383684430550305,-2.20712311276094,-0.949910908599031,-1.5303996542489,-0.47774006868046,0.56276574343564,0.91927722861292,1.55673679295847,-0.0653134612408482,0.107106382542218,0.866859294191806,-0.43198589024869,0.581400453629233,-0.0157145794209186,0.462414334558448,-0.179223585264262,-0.171543640388857,71.69,"0"
172,-1.42853496087881,1.79357777814503,0.545758238752692,-0.399309006814974,0.673576896820109,0.745918946346657,-0.358474608750901,-4.04472443309243,0.232361774422223,-0.0813198559038253,-1.28116644603745,-0.487201784557934,-1.01069578603674,0.297234744304846,0.515040615308738,0.229073288915899,-0.517037974382198,-0.117545085708612,-1.23376119465743,-1.01285324681768,3.84472860121912,-1.09370505489749,0.256804199770332,-0.869686899271315,0.252491468730498,-0.452726463959916,0.0552808512986387,-0.153210997955991,2.29,"0"
172,1.26469866632806,0.168285518448668,-0.275340023525956,0.220631300601037,0.459215303173808,0.4686238215203,-0.172793943255958,0.209104024232232,-0.0286231687155711,-0.134272020257908,0.53467213666666,0.179221318258263,-0.375907529899384,0.00270456167512467,0.823227179959776,0.806188236996032,-0.42136310577793,0.272558270243345,0.241154938624379,-0.106011948140944,-0.304789291437696,-0.908607410243599,-0.00943884296796009,-1.37677371396273,0.266823096470237,0.191966819644711,-0.0168440122379566,0.00203429150869766,1.29,"0"
179,-0.431091691864319,0.890751790096124,1.72054284650876,-0.238246455182136,0.273262886790457,-0.970190618616908,1.24991037618054,-0.48367608591831,-0.871156531752796,-0.34568909971149,-0.00936037735928275,0.168270519674582,0.715169146085506,0.0178959375398126,1.03167394989099,-0.380192799690851,-0.0434599612611935,-0.857500149283869,1.16742233748176,0.290504853232492,-0.412643827424996,-1.11200492344479,-0.0576836791434496,0.430112171429807,-0.0632502615932806,0.723811360988256,-0.210696830101016,-0.161057644023526,27.99,"0"
180,-0.782666195196938,1.01798650185743,1.50585132973181,0.920904617400178,0.758765089674519,0.392474820943775,1.35762532940353,-0.666453043131856,1.0711302644923,1.70269209897568,-0.812493033478365,-0.914154910170346,-1.23417795289475,-0.856785660686296,0.551040621871813,-1.40229016692791,0.0604324130370819,-0.547990244098793,0.858789261809606,0.66380654777803,-0.410456551985432,0.145970127094753,-0.248113198102527,-0.452120665293418,0.0142275439101859,-0.2819608732453,0.118371377001998,-0.508471448836063,23.63,"0"
180,1.29403278460023,-0.762808543037382,0.111245009264182,-0.535421072559916,-1.1343960069298,-0.937699155607381,-0.477580647124738,-0.0416936010973029,-0.685741138300988,0.801350784533743,0.996133857880344,-0.960861345541869,-2.42059462434138,0.47747425856214,-0.690166383659179,0.773869318612802,0.578842806260028,-0.944706420967501,1.03046716227865,-0.0224372040683131,0.211623438614098,0.432048377923418,-0.15699615138822,0.52605477501111,0.639294871237035,-0.091241541193197,-0.0349395423151928,-0.00270950749097153,48,"0"
181,-0.723637212116882,0.154495650156384,1.26316333895498,0.964978490669645,-0.0271696549211725,2.2852017799546,1.8917025210081,-0.141477560331158,-0.110654766345554,-0.14758663155975,0.411560461479348,0.0599497336436348,-0.302443288772934,-0.243116379342127,1.51008606673007,-1.79772302235435,0.981416457710277,-2.14989199309255,-0.885252319995889,-0.013163843764394,-0.0787884202706113,0.424113734185751,0.206427531725486,-0.966410530484659,-0.761682089416651,-0.437223201498223,-0.0511091801083967,-0.38073757727783,318.5,"0"
181,1.13675205349017,-0.103769566563379,0.904686443617774,0.488210755231466,-0.678523514606376,0.0398607287755719,-0.581293920509389,0.27099619815761,0.25653956121484,0.0680916931076459,1.44518365850316,0.506268151900735,-0.850214520356013,0.464222959874078,0.963247297709683,0.522011841142238,-0.463008421525865,0.0290218231029976,-0.386661217345824,-0.166087120316609,-0.017526913330454,-0.0931591658381515,0.119722964804821,-0.000588012208916089,0.0262521922423767,0.229223265689328,0.000201188152614623,0.0109449634148801,6.47,"0"
183,0.726749303819795,-0.528042417503892,0.0503655151688558,1.37362146854801,-0.124121987339607,0.415687584188995,0.259554811783125,0.0851137029240687,-0.00302542461938833,-0.0622905763859068,0.906660846748178,1.22847545351428,0.0866114714293523,0.250634863346405,-0.765775296893332,-0.412023173206145,-0.111942606453853,-0.356576838199312,-0.0249368081291907,0.285748847089959,0.0618884753628074,-0.101837919837736,-0.308373443330996,-0.270673358091213,0.604409937132335,-0.333689323880949,-0.00394431489742357,0.0406847320844515,224.97,"0"
183,-0.598071289304104,1.26413654605302,1.41032604626532,1.69517498097116,0.391727694452607,0.192575714458048,1.11822086275207,-0.050613499370797,-1.71696695755777,0.457353407535887,0.855787531713676,0.594038398169339,0.821723219706958,0.189483809415336,-0.53063723301901,0.75264473314706,-1.01193527744922,0.379097043360167,-0.435816317041772,-0.0153709230832566,0.142545033098662,0.317850631455457,-0.199074135874468,0.0143073055709505,0.150579728245192,-0.0157099422911503,-0.0716422139869667,0.0343709146015481,75.83,"0"
184,1.1992776677352,0.365737836066884,0.428155251218197,0.617732706954643,-0.34260966917168,-0.845869259025111,0.0419194913630878,-0.114616736554335,-0.360599588201368,-0.137369319122408,1.94886819376499,1.41029742734528,0.894622281152133,-0.23568893740094,0.292096328882863,0.578699330613356,-0.227218791927365,0.0331302596951356,0.00913163642015043,-0.0253177339024304,-0.213354871350362,-0.615516878682609,0.132390787958473,0.517044673408837,0.185487335784111,0.0616860360374101,-0.0215038711006752,0.024434217399043,1.98,"0"
184,-0.143256002557238,0.743648517894901,1.53407220650256,1.06217009444433,0.208186779585111,-0.838622933159118,0.524151228462563,-0.294660551601271,-0.478855844059778,-0.00609656066279579,-0.121309695675976,-0.564296678984861,-0.352630238643394,-0.336510143056514,1.8800621004432,-0.323677600411733,0.541293199160804,0.139300206008773,1.59284293150369,0.271422691063988,-0.205014456669455,-0.460893452351097,0.0474065998439208,0.339242969357216,-0.779438589755555,0.234456215771612,-0.0241249285024592,-0.0498975320633895,1.98,"0"
185,-0.24130170318649,1.08931147158171,0.70398882483963,-0.265987043588385,0.692897788072936,-0.179352317564557,0.684650766636319,0.0207098827416288,-0.286050170036438,-0.508542204680745,-1.47915841656437,-0.59152822138059,0.269664818908614,-0.494763598498854,1.00630743006952,0.795481784686327,-0.495216911015884,0.329829132625858,0.436667057696483,0.154853647580897,-0.356467398065734,-0.954377329614788,-0.184437223389747,-1.07082410532053,0.0233792128271861,0.158949152981082,0.242899701915789,0.0838925897522212,4.65,"0"
187,0.0660607724103991,0.876263400106492,1.09399296779106,1.55615051603286,-0.0723181296209833,-0.671902296474181,0.56970715581892,-0.143791230915684,-0.609469492731212,0.122388482770488,-0.477548435454898,-0.348544455392073,-0.275911531744269,0.469809094351093,1.61987812296959,-0.637980696891107,0.179422141530213,0.263764793196336,1.33268955843488,0.126786431510173,0.159757255526686,0.497796845243291,-0.0432657550037467,0.397922924835314,-0.358151033494396,-0.186331411468115,0.135738678869073,0.0988396531929543,23.32,"0"
188,1.16843338889501,0.319977589151556,0.589693417993741,1.04477398228923,-0.376941822096438,-0.677334529633465,0.0544721524147416,-0.0876701943615841,-0.304109942669311,0.147234468620671,1.61102011529744,1.27834513469846,0.482879493193174,0.428824607355717,0.24412760274295,0.284007739446127,-0.68367180098992,0.193288120786798,-0.165282074450767,-0.0915233299869815,0.020051373160666,0.0669697186716632,-0.0172742286337431,0.532428567780977,0.502070236174888,-0.470804150864118,0.0218927265724964,0.0193366399768915,8.09,"0"
190,-1.5057791635308,-0.215325117259078,1.99129427646285,-1.63149338451985,-0.635965146821198,0.228413858079752,-0.0342656972363698,0.0426958270503592,-0.235439929340839,0.164740343425352,-1.51828765971003,-0.317422419544255,1.12053465313355,-1.52478487374754,-1.21854635680996,1.06301355860071,0.0443910911487924,-1.34080631609944,0.715632259412232,0.232752121754006,-0.101938019104751,0.148145577476984,-0.450114636372949,-0.396558396394281,0.554223963316214,-0.340492980681964,-0.335617814421999,-0.413379326245853,82.29,"0"
190,-0.913599728792569,0.16226210632905,0.541428518868637,-1.93179872549377,0.235401733530045,-0.209262872188661,0.770523384796375,-0.407194915628311,-1.37475419380202,0.311187600807724,-1.71558068462715,-0.153918075825514,1.92285052034559,-0.484344945312324,0.194711382184222,-0.8257272104282,-0.902511054847803,1.21426050987294,-0.739848411577567,-0.591835527903053,-0.382551785833199,-0.546739014611405,-0.320021560350216,-0.928384590261589,-0.0800092483788183,0.908687227395315,-0.286880970883231,0.140450013154078,99.95,"0"
190,0.0757496976674046,1.0269856842349,0.834890510267756,1.20891253696839,0.107553957289102,0.465977241685043,-0.330959329140508,-1.61987280004212,-0.436603913028886,0.0607150245126844,-0.431212703108423,0.537036416130917,0.942512347553566,0.318969800280826,1.59656904464646,-0.327721026694704,0.0169796414580334,-0.407591354328628,0.243005096685074,-0.258697272189957,1.49069607490377,-0.532413828886767,-0.179765149504692,-0.422716906540924,0.774770004701913,-0.172429220916817,0.265078248040854,0.230016189527393,20,"0"
190,0.80384592083057,-0.571718051824685,1.04809269513128,1.1676766743328,-0.70229191680914,1.00000258827228,-0.692965323549176,0.483593496081297,0.577314402089821,-0.0972769286329401,1.36632321477042,0.946058203273355,-0.533524105591691,0.127500770620155,0.498989903154023,-0.11271810228569,-0.0600154540962201,-0.113533179691512,-0.901974944543073,0.0291845975912059,0.300503012211608,0.778198922236168,-0.144781428228716,-0.277469207278805,0.272133428385887,-0.227466876377738,0.0722366825021862,0.0389447397720385,127.75,"0"
190,-0.549414252248888,0.676860674262272,2.15194997605339,1.01452299199251,-0.62001180219058,0.0761544924012215,0.0415784218575771,0.342671670465954,0.124722816637204,-0.0480916925737614,0.737980149087641,0.19730015683591,-1.35032912943287,0.0964656528504576,-0.391871595065295,-0.286166764135328,-0.0414527589103324,0.836919533018764,0.777120738828192,0.10475466147809,0.212024287755892,0.85020260367559,-0.185597136345738,0.544990271436085,-0.130608922019587,-0.19637372745837,0.422119417431743,0.203312923295731,20.7,"0"
192,-0.351286911319442,1.18375355867871,0.530794296283593,0.543891399497641,0.798441455110085,-0.804472168330861,1.56316997781134,-0.935793597816584,0.633634189325564,2.3036274404953,1.39889125365564,-0.318656901113065,-1.41064534114628,-0.155224571301645,0.277950266083997,-0.706227660477734,-0.780092413103,0.354093931125044,0.618677894122529,0.596401202364473,-0.12175458387342,0.668123705984537,-0.0573799781291892,0.301398017713342,-0.730945515143074,-0.538615997130842,-0.037212112892173,-0.479956078644041,1.79,"0"
193,-0.922515163569518,0.841576789866707,2.07800001434311,1.37307134454847,0.666526104133339,0.779011905983349,0.609457558429438,0.402368799809817,-1.08837098417629,-0.0966321439549081,0.449566508843636,0.397328103245808,-0.541616350910631,0.0153211530324728,-1.67226177360262,0.454716296545261,-0.566873638656638,-0.384643684561475,-1.0884923234599,-0.105559347852006,-0.127425289668646,-0.45804257590476,-0.0673865728299304,-0.350802113495479,0.0391759436719391,-0.291078195039519,0.0586070623795559,0.0897600813488729,37.2,"0"
194,-1.13151717857972,1.01639866937831,0.735810424808674,1.16661377281988,0.790236399604177,-1.18719615105033,0.736468997200688,-0.327991906928581,-0.555549246911519,-0.454532752892172,0.0232769261920555,-0.186312976591524,0.395096170796701,-1.30890082345635,1.22046745869836,0.116426362611666,0.862879580529616,0.649778331288888,0.317546511367213,-0.265970993377569,0.00961259040779848,0.315738653455761,0.0542099432476761,0.294232444463887,0.00387683464652577,-0.314158620311323,-0.0995122668042986,0.122697401750762,1,"0"
194,-0.773295861622834,-0.190661402386917,2.40494626076765,-1.79988075414783,-0.396516457943764,0.199217657669888,0.257805624374725,-0.341961661770583,-0.0697277302262612,1.18136747122766,1.46525144315635,-0.105116481076934,-0.232535810945632,-1.39711897869781,-1.21718188021664,0.568078153640152,0.0365881826167954,-1.27257087233288,-0.0902117416076871,0.436142396797157,0.235139826433439,1.447800396277,-0.320606648031116,0.271029137914952,-0.0682992709357898,-0.266823197743011,-0.12705897602667,-0.392033031697852,32.77,"0"
194,-0.931154307391249,0.825889109558541,0.168007968161518,-0.0772116893811632,2.96645184654341,4.09950648158112,-0.146900852130801,-1.1112509684444,-0.0231833556507097,0.395386727405323,-0.474706737869755,-0.181066302817278,-0.346984397015449,-0.252545938101999,0.066340089262886,-0.636039898359756,-0.326118565130214,0.140925881158654,1.20749982903111,-0.181541983475633,1.31746733134724,-0.700836478491519,-0.21769408476376,0.99648019990238,0.292649007788556,-0.317728252794106,-0.221212331095861,-0.300920241597656,5.99,"0"
196,-0.278287824772175,0.866213738492535,-0.300620201300078,-1.11734547852151,2.54224193802969,3.27064626514424,0.11700338424232,0.93468576144286,-0.503871254223303,-0.445162241521212,-0.0103152511195142,-0.33258063443127,-0.0796438792554628,-0.25872124801642,1.09752991933649,0.715429473342532,-0.482517718240557,0.323553969460801,0.282821411783524,0.221469125061593,-0.320542165778505,-1.00567223648619,-0.055448851287847,0.935789804793149,-0.00756447427494833,0.0881089325166829,0.248043043921764,0.0908374863634487,0.89,"0"
196,1.19865849537628,-0.420333822439695,0.0145991576913241,-0.270792868157849,-0.471074009012534,-0.384610464775999,-0.0838904274051245,-0.0775699828115974,-1.5375078186307,0.846368148744967,1.51257605461809,0.858692689127284,0.410549917071739,0.529565297813102,0.14744838506096,-1.57395102771633,0.0242884771316151,0.499010405487753,-0.739676177653824,-0.401552281854424,-0.630205814566185,-1.50443199682382,0.193770549695669,-0.0174580242655623,0.0583869116727395,0.145372851977081,-0.0349038372428145,0.0110370355622865,63.9,"0"
199,-0.923891760950516,0.568852441669226,1.24423599938305,-0.597472514285987,1.08489697730053,-0.376975840931404,0.568214821051823,-0.00927150108464617,-0.246538352775275,-0.200770189529032,1.325403043466,0.358180354621574,-0.379146077966008,-0.401695799878486,0.0749290663917554,0.557586930161598,-0.462408710521267,-0.0473297483959502,-0.728369548692097,-0.0177144977309849,-0.215560063555881,-0.433264259979611,-0.083938141041051,-0.363649077723052,-0.59989688892625,-0.114448127283471,0.101574819037461,-0.0333015558628419,6.45,"0"
199,1.02926861988186,-0.516292307231105,1.29178533906443,0.364676364221689,-1.27846337876659,-0.196378321385159,-0.610174765160246,0.11179403576906,1.07534992812552,-0.537594444752599,-0.000486522788674625,1.13476791017511,0.424995473077729,-0.593341681446501,-0.14491811241863,-0.587708828760139,0.587058522573673,-1.31997761675506,-0.114311928672634,0.0155535668323723,-0.132859061939764,-0.18148997858508,0.122150706554605,0.698453419965406,-0.00846987526824089,0.931970824238596,-0.0227786350365961,0.0266402868527076,61.18,"0"
199,1.18770633373201,-0.141019354828208,0.563458521797918,0.76638258477444,0.151071026045509,1.59693699477665,-0.742474536837676,0.458518378762443,0.669476119878705,-0.0897586427091673,-0.329412834758794,0.956379503173494,0.741039588741231,-0.339639868213434,-0.199561539383922,0.462226356218329,-0.877941711041922,0.485550140811596,0.367603273217722,-0.0647665481010104,-0.0905170527804152,-0.0234523583920635,-0.207476674082496,-1.68613652725461,0.55974306392139,-0.29157965172291,0.0860832463903509,0.0084218521170676,9.99,"0"
200,-0.304922925009803,-0.521387699016404,1.34118051421572,-0.255797283141015,-1.1209159264394,0.91826034715928,0.17434811662164,0.358936081787332,1.20837961309651,-1.11511043318536,0.792522517730734,0.947250295996408,-0.637521709619869,-0.0507956203932772,0.548192833157653,-1.54689584817858,0.732697001238345,0.491793062104553,2.64244505794269,0.490222139220635,0.124286738178446,0.405697717510162,0.418190996171379,-0.305738136789413,-0.487991442618742,-0.559780152175086,0.171079308504423,0.107152651380715,196.7,"0"
200,-1.2694612985858,-1.02715254903322,2.26137299926851,-0.504356013518014,0.693421365367188,1.23776122583438,0.0560653372934952,0.09191898971137,-0.676680063150605,0.329999625472077,0.426491433493327,0.48536022981082,0.795882263663876,-0.91086735313718,0.715258881021535,-2.74493502393624,0.679419159393142,-0.700312693083099,-3.46399323173084,-0.527727086627739,-0.131777408067721,0.697266172947613,0.288501059285334,-0.644486714094666,0.0274093734356334,-0.329713692703339,-0.291794563971868,-0.381556141001482,79,"0"
204,0.860652097177395,-0.247375223628961,0.75408223493239,1.18549170721227,-0.486174311985842,0.241012928570223,-0.197775505039792,0.136015067619809,-0.13892013972183,0.0698161543910854,1.6306275323201,1.42259905601193,0.929052853807675,0.190489661223303,0.688744902548945,0.336009910299025,-0.63372675477221,0.158199078346466,-0.740965871196868,0.176969315502838,0.285398312842957,0.612468202263244,-0.17576131705203,0.0475026538300261,0.378591616195335,-0.30509151529483,0.0376256674122205,0.043643521975168,137.3,"0"
204,-0.938225555281122,0.104717343525996,1.30964170151788,-0.867536532547002,0.45068525571859,-1.43750217647983,0.650603583409483,0.0283599109647461,-0.588678489907382,-0.556394134944651,1.15611314128026,-0.218437377136936,-2.04926320546929,0.896911812836381,-0.276749044487449,0.463415471785094,-0.500606335884388,-0.2212008354292,0.012236948943193,0.00438023544444648,-0.237085533920643,-1.15082927836629,0.262462123369402,0.475206183905726,-0.516789844383898,0.426883031877025,-0.0581980382100072,0.107995679081434,39.94,"0"
204,-0.188423950358007,0.877601830191909,-0.734685909616468,-0.913403699923592,1.94177035140798,4.03742271321334,-1.70711836706014,-2.53764084258138,-0.590337623957453,-0.763038647678628,-0.154033225134745,0.252520188987501,-0.279930472332461,0.883568857275761,1.08394328682619,0.826626293379508,-0.724612715993116,-0.000784140938662033,-0.00110810517255215,0.543408831792258,-0.824078772347852,-1.04233068562486,0.168264918412164,0.963855361351864,0.887849694712264,0.171166713998661,0.0122839662149045,0.164537714720755,1.98,"0"
205,1.18239888187218,0.0594886883256737,0.310672611689593,0.828817334970969,0.341209077754672,1.11259294696874,-0.29277795443855,0.287394090811614,0.268307130650127,-0.0875754273725536,0.151276896671448,1.31588268320967,0.930451889587228,-0.138173544724554,-0.521815311538462,0.0951495833798615,-0.626292731708047,-0.174092778625185,0.488467737374341,-0.061462540839839,-0.337817781006922,-0.77684049947131,-0.0564860598070945,-1.35698586973381,0.475789717162321,-0.546518635414247,0.0630347385255088,0.00804669582889129,12.99,"0"
206,-1.4997610740042,1.05958804684433,0.49691235306637,1.00606923707578,-0.672949231338245,-0.490299273406939,1.10243285857906,-0.0848538474773431,-0.599232627720757,-0.0726643629164024,-0.527734369691836,0.193356027111641,0.57169437073347,0.369248043111508,1.03785370605747,-0.145020599487359,-0.131197506189728,0.0556432042255062,0.507018754778947,-0.634803520820158,0.08270952954114,0.610347843693126,0.257934000725095,0.426521345897374,-0.145908899230294,-0.348519960242175,-0.215145688877782,-0.0276023519827909,153.91,"0"
206,-1.42715155908329,-0.527766418795342,2.46015327181375,-2.80748189093713,-0.457111342393143,-1.36570894510866,0.516031464099722,-0.132600601247781,1.65415867739021,-1.8619686577599,-0.37504690840989,0.347861160601446,-0.476259222034667,-0.591427377473048,0.226692071510303,-0.0535850903744281,-0.642540807378569,0.107727367740142,-0.995080434446546,0.332844185841849,0.175522355869719,0.575655240274272,-0.111697209501325,0.752947599757678,0.675003749106432,-0.162285583544712,0.0581074339311106,-0.0862608742976926,101,"0"
206,-0.370562536427162,0.599809964742777,0.216683001924491,-0.513092692514376,2.69714255452095,3.8827953035269,0.295544670150552,0.850059083378915,-0.297189191664397,0.191989943288663,-0.92547106698343,-0.369425197471302,-0.37779356544173,-0.493814117611803,-1.48133578973935,0.68436226960677,-1.04820515490823,-0.256700186442455,-0.859905688517386,0.113889610396822,-0.147919656951469,-0.176213673512937,-0.120574834850702,1.04229749281523,-0.391704857407862,0.675404596861299,0.163594994459003,-0.00499653535325938,10.27,"0"
209,-5.85246510836535,5.26737615027487,-1.76189493465506,-1.44125006329158,-0.988528967699792,-0.672186731638122,0.0757596688257982,0.774198152595515,3.58011219757556,6.51077922624328,1.27649568640297,0.837057429061695,0.377257167885103,-1.61480922282647,0.534728164472352,0.416673221138968,-0.541827809557359,0.228258298491221,-0.243878981630868,2.98326208117253,-0.91091033218184,-1.20498848652996,0.215766032254529,-0.498065935290428,1.12591800795993,0.20144973734209,2.46886710141905,1.57308358371323,8.97,"0"
209,-0.742877145631453,0.563251742882704,1.20724326284771,0.912388003754464,1.05379070530765,0.574722633310081,0.215632907280767,0.253663165164837,-0.434722395514026,-0.0480105165376562,0.252837087913415,0.432428929925016,-0.429693555465635,0.210474808994396,-0.52915389274327,-0.654788127064969,-0.0113316441174113,0.0753684937367683,1.08980618009368,-0.118911673903155,-0.00717801527266781,0.166434241336789,-0.370094052141089,-0.793211476482979,-0.0146474171227271,-0.2512522016934,0.0863128210414382,0.0892173785534057,1.19,"0"
209,1.22850116135076,0.0918704732345868,-0.268384945213211,0.748905031032806,0.449026679922148,0.453603590442292,-0.0130595483535838,0.0985256402458252,-0.0689264214564155,0.222077561753704,-0.324228060202885,0.0165798419578711,-0.299508893568877,0.542127237866539,0.475754102915513,0.94812734875875,-1.33598838641241,0.962845574288232,0.505213509293528,-0.0269450627139609,-0.0986938624132104,-0.410240278526712,-0.271816803191046,-1.4199768079351,0.701940046958795,-0.335894752811048,0.00343496266889344,0.00399388140860901,45,"0"
209,-0.572010633445768,0.374980871055565,0.923823032724171,-0.954005872315245,0.753635444187849,0.139494795433016,1.45074773940628,-0.551715607125337,-0.126158540017941,0.0684448790819131,0.351181327339534,0.224943615111342,0.448234261671864,-0.362391077337668,-0.29747225625761,0.828896267295928,-1.64672970977544,0.559570501457162,-0.203285080352878,-0.127564678412084,-0.0303236511688595,0.334778622363673,-0.192455176036111,-0.790313074175178,0.110172912071476,0.309764577305615,-0.504722784068263,-0.498287038830461,95.56,"0"
209,-0.429224487181263,0.698849365672091,1.5889824279367,1.29715659373287,0.119330665982804,0.214132796014113,0.387461417383324,0.276523894018137,-0.483147501770017,-0.0913515577333359,1.01143226043614,0.189488597499413,-1.61934664970611,0.5329846847151,-0.354372269340664,-1.01330133276548,0.53398858769647,-0.0726751461576459,0.977968783985747,-0.0551862538188857,0.0733246022515293,0.324849198896624,-0.102067667397953,0.214137051511371,-0.251234424486377,-0.267043848866119,0.169115333645968,0.13383226031004,13.99,"0"
210,1.29392704695816,0.338070714110131,-0.0427587246360097,0.502133796313512,0.0722825828180781,-0.583457916476699,0.123778874333217,-0.187467519856221,0.00188297985027238,-0.303396210627345,-0.717596678465567,0.265054232068262,0.94891111241074,-0.449331226130304,1.09281081709944,0.697079095955573,-0.342141341246313,-0.0944906719976043,0.109940710647661,0.00547268569153522,-0.329232512571748,-0.942138921463964,0.00826384241753254,-0.49210426339452,0.342975495073179,0.143926315720625,-0.0224405057575552,0.0253734477599346,12.99,"0"
211,0.263523486017542,-1.81289680597099,-0.31108676189887,0.412929593880618,-0.79460539681474,0.196364791759536,0.416625914552668,-0.0629911809272212,0.345392201361914,-0.363639666313264,0.379691152655691,0.911096513465244,0.13321850516059,0.118926727930684,-0.674517207695332,0.337849604429376,-0.450551999763332,-0.00117285827229777,0.858372836092744,1.01095811855105,0.00267233711545686,-1.04234240987078,-0.480537703252564,-0.414742511630617,0.111705661403455,0.819589850790541,-0.168906283609658,0.0782030100396125,526.96,"0"
211,-0.24782697327908,-0.282682109553483,1.6533542148054,-1.0148646351895,-0.680433315730692,0.886363857469579,-0.538200541818173,0.377969653406087,-1.23087919097457,0.522507865572199,0.605212425589782,-0.924201301239598,-0.363162226460245,-0.142023989543667,1.12002695207972,1.19044626293158,0.176379066090007,-0.106613716353803,1.59860533888607,0.373669489465665,0.545695993735262,1.4009620012101,-0.133992441562559,-0.810781922934112,-0.348543770203944,0.0930308619075964,0.165625676654148,0.13042221200623,70,"0"
213,-0.263380494288141,0.959102736933564,0.285739874425819,0.604067510744514,3.22881956062411,3.79950305254025,0.715285471982639,0.429148330794555,-1.15549249110391,0.873230617027232,-0.341117345807479,-0.793205363042857,-0.159974703525377,-0.0569676195857986,0.429550164283959,0.611279190678715,-1.29971445677557,0.280440665059254,-0.447446015045594,0.13995199869633,-0.0152454393304261,0.0591112879826765,-0.291824828187083,0.992903114692612,-0.128938406169477,-0.111062585194502,-0.340205678247025,-0.310296870445855,4.38,"0"
215,1.0877916547761,-0.143548187514716,1.37429101690866,1.28739919006535,-1.10064225986057,-0.0171095462390552,-0.705609123391619,0.266580256791145,0.735368230390049,-0.0119405691276363,0.959388031255974,0.825931515210821,-0.863981012683013,0.00495407671520199,-0.452153905702105,0.251123164992928,-0.379484866772733,0.461532027041991,0.00487976272708394,-0.172534082786928,-0.0039042891574433,0.112284763904664,0.0141044955608265,0.512267928821396,0.329601652127207,-0.436531406930152,0.0632498582397504,0.0290665715987575,12.99,"0"
217,-2.42122994075349,-1.36960212708226,2.26128149099244,2.01103383004119,1.87852522705738,-1.27560736518092,-1.25102856486703,0.212619224039864,0.142608348824761,0.000981629226276454,-0.504586081681169,-0.0324015856000682,-0.977309182307345,0.0283456029722722,0.462211286378122,-1.19353669330005,0.86324242618812,-0.606630589394088,0.800708776728902,-0.411784619109432,-0.0895768200851734,0.157737288736659,-0.624864827574143,0.487155904697695,0.270894071812658,-0.0933702642248486,0.330056237624968,-0.0563402787294004,24,"0"
218,-0.391724600264259,1.10635499488511,0.787765450694913,0.510525487854581,0.832968318842617,0.151659325515572,0.5881549734613,0.312914372921693,-0.77282874709273,-0.868831245739975,1.88122615520456,0.0626186661009641,-1.07083046675534,-0.701764787574994,0.742399217629336,0.0455693590344339,1.01669607185948,0.305578303553397,-0.865471673638907,-0.15576700662891,0.122192274163848,0.365017683317253,-0.213949885268669,-0.421854376547809,0.0453554968738312,-0.323299424971811,0.0806588331751822,0.0378891384055646,1,"0"
218,-1.04566850139391,0.485509650946038,1.56923231863376,0.160929385360292,0.862461840996874,0.523043100784744,0.765996932967633,0.0929983175941817,-0.0370454577525705,-0.184662859323647,1.06263555166267,0.376407281843573,-1.42323378745826,0.0751056262384273,-1.0403204614843,-0.708838949654528,-0.0340086228979824,-0.759177728064063,-0.961683208241491,-0.377133221823312,0.0128750602722459,0.359807871599612,-0.0757878578934566,-0.317591113682543,-0.0733391512616101,-0.53277314305326,-0.241139502297168,-0.124891245421183,17.56,"0"
218,1.20198934260699,-0.0344517882545193,0.696627869490866,0.956745643561854,-0.00582666728906071,1.09522318339875,-0.574523944595695,0.243435118211903,0.788418628660897,-0.283254225991837,-1.5999731874707,0.791997159817179,1.54768882122493,-0.670645288184267,0.390816285569817,0.132999511470274,-0.551379079106507,-0.213061505811163,-0.0525854072673907,-0.0310414988685037,-0.109658218198591,-0.0119037943007538,-0.166957785556255,-1.29505970109428,0.570792862080974,-0.29685433077585,0.0949552187697767,0.0240078867639802,12.99,"0"
220,-0.592060069858075,0.785903888947481,2.80651730661522,2.93546590391699,-0.356682167459869,1.12756325631392,-0.225129742067021,0.514860853890394,-0.757540590786299,0.523215622092337,0.104104509680062,-0.253154438110683,-1.28838983206646,-0.0763371423079018,-0.644122612131742,-0.0588149256961845,0.172292235751828,0.69533360044059,1.66571303651576,0.134949471846852,-0.105160641074995,-0.216886668661211,-0.190513969140777,-0.033155553859052,-0.00144503720843225,0.200179302497384,0.109606225220445,0.0843410171054803,18.96,"0"
220,1.21911209726618,0.0536941340207379,-0.180320730107154,0.680940921688913,0.521583984662729,0.893232535551491,-0.201393422534706,0.333033498780982,0.10031209394236,0.194016375863348,-0.233573338357025,-0.442221838132363,-1.48892235541555,0.803478550700244,0.866548282326095,0.789377987941395,-0.996282868317141,0.394383089413922,0.291861270166055,-0.179394878689,-0.364700153502022,-1.19873784782736,-0.0247325322849946,-1.82484140952582,0.334878474880999,-0.589181094969118,0.01998821799102,0.000532029990364428,22.58,"0"
221,-0.34287127670878,-0.199545805008564,1.97635257764019,-0.00349493382037266,-1.17036559948334,0.883500931520993,-0.151879286344012,0.16010571828598,0.137973355921257,-0.0601216564533602,-2.2010094627206,0.852035105958867,1.47889332236475,-1.6537270648466,-2.75014506475976,-1.81400187187592,-0.0215575918059248,1.10276714844442,-1.01830354502917,-0.572161856219075,-0.313443188919175,0.0862072980940773,0.109600350213274,-0.098950647152546,-0.943009393940135,-0.618657204843698,0.253306203230609,0.240271462698249,99.82,"0"
221,-1.17773139753265,0.318500555804924,1.72712263895157,-0.549578483742427,0.737291972900023,-0.0509632446716085,0.555481889458858,-0.0417560124700902,0.219520198463914,-0.262389264189424,-0.143989694112036,-0.576367217774426,-2.12898031449552,0.0450785549353655,-1.13214151919911,0.311233374868167,-0.739914395729999,0.326510618478427,0.377478043903508,-0.321357316516782,-0.279323707972849,-0.640571456831027,-0.554583863193294,-0.510508093892089,0.403269619295205,0.178327047085209,-0.354579191696508,-0.233332152748617,25.36,"0"
222,-0.352704348425182,0.975517478886309,1.60336451529691,-0.282474918967978,0.480561447009192,-0.222646815039896,0.850193971155525,-0.265018144867805,-0.283460178945641,-0.16034647920131,-0.899862430455205,0.285475922402069,1.58451537098881,-0.490929565396499,0.856471587963487,0.362685699109469,-0.936915001521157,-0.014100866487272,0.221105988249668,0.304619932733189,-0.139085968717371,-0.0623036289549836,-0.231531474943678,-0.412572193737778,-0.180926555387157,0.201127466263329,0.178832421909356,-0.0346499842614766,7.81,"0"
222,1.08697116347518,0.0451223219759884,0.475774394586216,1.34424417785259,-0.302640742896004,0.00440761024072416,-0.0964036052509476,0.182898065571425,0.193464331505171,0.0735128149998966,1.14416591493974,0.662654580375041,-1.42103070120159,0.509992074735901,-0.67944010520806,-0.529631760177053,0.153906813019428,-0.403244853238012,-0.150064240236643,-0.239993183083253,-0.0440438531871409,-0.00786944858341952,-0.044243035233324,0.213380359165259,0.562624828109406,-0.340026071693874,0.0267367498561097,0.00718534676094666,18.61,"0"
222,-0.443640309580642,0.981192772499014,1.23439717275952,0.0994971665273315,-0.0512697916333352,-0.927441220450293,0.862786135182302,-0.0971282818393486,-0.442318206927209,-0.556097694516491,-0.175863030301507,0.0229644119919055,0.336249776138598,-0.464505642356346,0.875372201989621,0.381508385937243,-0.00628756032111751,-0.144792086559184,-0.103985472425683,0.239100595518534,-0.230771957134882,-0.677441644989799,0.0997839212034743,0.334203965833555,-0.132779690201154,0.0696741996305524,0.229406500984605,0.102884057468573,49.99,"0"
222,1.08102680841932,-0.139454510365646,0.483881152250378,0.642056748018345,-0.186845482030945,0.538283349141363,-0.302749466287193,0.315920498285686,0.277327557094785,-0.102328980775075,1.39686513915982,1.05042375802049,-0.703592688817701,0.295139625107427,-0.344873194161777,-0.651014515269142,0.376377131259472,-1.0567119069408,-0.216323549966796,-0.187038935523263,-0.124039027432884,-0.190064258064333,0.0578959497058509,-0.269353556017299,0.253835253109169,0.31188557635106,0.0015913437016656,-0.00346779687572952,17.24,"0"
225,1.47877285286563,-0.551088522355567,-0.523151639908141,-0.831153455602318,-0.195412843469002,-0.289192879248232,-0.27925153351256,-0.205606497132718,-0.647805958714229,0.576602127363188,-1.76281485909214,-1.01027735060273,0.142994788502416,-0.256634660111923,-0.114715932805203,0.940801678448729,0.119767442593797,-1.18876572816216,1.33545962101973,0.131486784829887,0.0711435613469239,0.210634699951382,-0.356277858007364,-0.954150787295047,0.963444843152052,0.0191950336945358,-0.0162892432241703,-0.00638367815048097,34,"0"
225,-0.60883073513444,0.876837021150348,2.49571533671387,3.13867428543393,0.161264310620481,-0.107098570209344,0.515853834920873,-0.13822565868207,-1.03507034579585,0.851909380237714,-0.250992691345227,0.420239244314613,1.03433332194005,-0.555149171679642,0.0675405344233251,-0.680939737083804,0.366019892455279,-0.583614936480242,1.05234155572715,0.554610925480348,-0.262866246709227,-0.439237336452574,-0.00677470833895572,0.717470885780402,0.199741570123349,0.0724009541084865,0.0997560446662496,-0.136524288059901,35.11,"0"
227,-1.46538099225754,1.38217168365118,1.01978991832264,0.250367121138966,1.01141447424702,-1.28180718851145,1.18686605669663,-0.312608098852515,-0.70150295961386,-1.06734127717129,0.205773218302728,0.315038324049197,1.2975789483417,-1.9517824195878,0.410606163051155,0.622670687186741,0.534444833289412,0.485836969965429,-1.09638211795626,0.00478372418868345,-0.0381474643735652,0.0834807417237746,-0.266017331965175,0.270832695552398,0.754352711084276,-0.491529029401767,-0.689818884221097,-0.32937359465117,1,"0"
227,1.12059926346433,-0.313307918184643,0.395308800387746,0.596755719763881,-0.420411586607594,0.325861881881292,-0.40410482783445,0.283070665665358,0.630034936106037,-0.0663534826328992,0.581689121537876,0.291918125003159,-1.69604152770817,0.329314904827697,-0.639279548265913,-0.282943358568367,0.103545928219546,-0.236211822553521,0.278183755972165,-0.183093016811764,-0.0390159919414942,0.00573150652489094,-0.108843523598602,-0.283232641645545,0.44130632625609,0.579529088348878,-0.0264387808559302,-0.00708232679720763,29.95,"0"
228,1.10576757085675,0.333011980941444,0.184148098947141,1.27694823798754,-0.0781184349862276,-0.810948602619565,0.459329830018846,-0.17055249169601,-0.290556781754775,-0.000205464773059316,0.171826831759715,0.336856356769438,-0.353034589433051,0.648164147995976,0.957317219315889,-0.390555322852634,0.0637507129963216,-1.20157817642988,-0.641125570086998,-0.126872888472929,-0.282530887984799,-0.910369958828332,0.149046367262821,0.348783204041741,0.322329797456632,-0.671068883337205,0.00591269015550129,0.0282519259575611,45.3,"0"
230,-0.420269748024928,0.814760402388282,1.51324239348253,1.29278209731907,0.138053047228038,0.223342241818734,1.08808367990729,-0.150282357195864,-0.21638580106963,0.0361973935021618,-0.489127253201841,0.181306517540671,0.0835217812004538,-0.236308389988253,0.223610258665515,-1.30053565790737,0.506323814426139,-0.711513697492103,0.708409607871351,0.369869322603466,-0.043948198681755,0.313610073080167,-0.0335273541664132,0.0974872767277109,-0.0802818324838215,-0.255178709462788,0.244130618604885,-0.0133837677130229,79.18,"0"
231,-0.961507377354571,0.743351361842785,1.17358181292847,-0.222593448626951,0.740528101159323,1.7399587889582,0.313012828332022,0.699418766640993,0.354715618761415,-0.333261450777691,-0.566075415846787,-0.408623499329429,-1.51220977760171,0.106308676000978,0.878588666846378,-1.47693947930362,1.13432310340718,-2.14336214739369,-0.981798170201834,0.00587678224632938,-0.15286174333995,-0.0119710419317161,-0.0393939230259935,-1.50444010846751,-0.24824813105998,0.411290562490779,0.49731529878613,0.207499416333155,26.98,"0"
231,0.28309984963423,0.819283967174175,1.0543088300552,0.348488288808038,-0.156816751183811,-0.50916887437935,0.0503821224897216,-0.908179117336084,-0.40690261108138,-0.610898196823915,0.610229486660097,0.96677576780358,1.16791509070778,-0.419693056743904,1.12380769833426,0.0761918428263906,0.368976202655168,-0.975219853845399,-0.802955756874855,-0.165241016143373,0.509395352667725,-0.962118170361087,0.0400627094599214,0.381392059138516,0.754119113633462,0.179193198492531,0.0517907877429776,0.11412104530506,1.98,"0"
234,-0.602482640725502,0.479088624740384,0.54975037930095,-1.06981429428812,-0.501686510624379,0.21477842807315,-0.139682615257549,0.558440155193351,-1.91425657060937,0.395763966989742,1.50117861836696,-0.346972471810011,-0.716692148703458,0.661587680913643,0.471344867095249,0.251715707918489,1.11133235453487,-1.55773585620946,0.979034930196271,-0.0469528021818423,0.433866271919692,1.0392521711231,-0.0250348297723854,-0.260748340031202,-0.456975214961473,-0.117580785205145,-0.073710154406785,0.0552036292104902,42.81,"0"
235,-0.663511067150586,-0.0444432255338869,1.02925331506786,-2.49807231003764,-1.35008455718738,-0.7987742916063,-0.581071299268623,0.480997363804379,-2.51703663101124,0.961802327296045,0.656159003567114,-0.75985838488446,-0.522604319990123,0.213254241828541,-0.782823826125467,0.110467114188951,0.192158139215554,0.695763388886298,-0.56920944461924,-0.357884369037238,-0.0518952774038794,0.0708455243255517,0.0393211650632334,0.275750183021649,-0.330251339938331,-0.42393595530703,0.251988906502669,0.133956989596954,25,"0"
236,-1.16908654272192,1.09629245760701,0.669688006530676,1.05253443536845,0.422465153100944,0.703450417709874,0.0392734555446386,0.672068339421238,-0.457398803622309,0.0955430497342348,0.157094699916425,0.565152076584103,-0.332747702320571,0.456905426252527,-0.392642540637252,-0.655307143336774,0.242118562263211,0.144194927581751,1.36063660155222,-0.115601333516296,-0.0106041654991422,0.22439457370083,0.00134527953752842,-0.807531717643779,0.0357810468654252,-0.198103779254299,0.0911067211841654,0.0758839591283387,0.99,"0"
236,-0.438337379138369,1.02836375116174,1.45550171815742,-0.230274701978115,0.198899418065137,-0.35832509199353,0.659132797692198,0.0599876189513042,-0.741863319926965,-0.167485717895419,1.12305712320951,0.906575442539918,0.717445967531393,0.177484339353471,0.0940417107759278,0.459450111361143,-0.805969583810163,0.165908018733545,0.422937724191965,0.173605099899399,-0.187515798593435,-0.485441648979673,-0.0741384202386428,-0.00258550402517052,-0.153928467453578,0.0718911881593661,0.264233310842634,0.109265074602105,7.14,"0"
237,1.2602478379457,-0.0201719235487522,-1.16438653982057,0.266251440463521,2.18488640480556,3.60742119830723,-0.436996595472439,0.848744527963563,0.172270916503777,-0.0190131497393567,-0.542311281804304,0.236194241586384,-0.222535111083363,0.191842275436403,-0.150958750475635,-0.101089255781799,-0.510785080947189,-0.0760020450360611,0.363062716444229,-0.0355434937169446,-0.182468887608816,-0.481652926765807,-0.128006069287503,1.00995862335417,0.89262061076013,-0.326798432575171,0.0250390248206549,0.0127346371003073,9.99,"0"
237,-0.473290464047342,0.479627277019437,1.52853785871687,-0.0981850593485606,-0.00552002157180325,-0.773256008377878,0.667999939071057,-0.0300459586032571,0.0584195576376197,-0.806745353986831,-0.948756456699625,0.011521245172777,-0.531035686507206,-0.149683647567174,-0.772735053301419,-0.0854684630614671,-0.190333235766291,-0.573851596246833,-0.334988561104673,-0.0852594266881425,-0.143162885966684,-0.41383793984617,-0.0383967372522107,0.399344289840805,0.114655884758167,0.121233069687298,-0.0444132167837726,0.00226882799374399,32.51,"0"
238,-0.992403869252745,1.62659146042882,0.960247699268229,0.0919986776497178,-0.237962949373087,-0.55079647524403,0.108648545821582,-0.378489746323251,-0.694480269885978,-0.745466070990488,0.339333418925957,0.937414995340159,1.21478663239558,-0.265059829661321,0.94209462123797,0.071852574652262,0.57162885024627,-0.781083298695504,-0.600783142515337,-0.133863769911125,0.602089748391074,-0.69327832732905,0.209737181564333,0.365067769780772,-0.195155186063762,0.0865142591360876,0.183660533078464,0.0433636949657418,8.99,"0"
239,1.16752665064507,-0.318288402459783,0.502463956274064,0.0339040538689639,-0.584284751589151,0.0245916884758148,-0.41373755283127,0.186412000534142,0.605944768348411,-0.221309819249767,1.11579321751842,0.941680713570008,-0.744337284208546,0.111580899397211,-0.686027922518499,-0.433618407727209,0.250640521635578,-0.596921963915549,0.394674869539615,-0.138335663486367,-0.0405441754050944,0.092396039733822,-0.0383209193849185,0.115914748956021,0.319733279260604,1.12532706189125,-0.058855273536438,-0.0141915693890441,10,"0"
241,-1.14232093108918,0.626404913442672,2.52691695277591,2.82797270628491,0.619263138091294,0.897473007435987,0.536277597522659,-0.0601631574142597,-0.813748587350364,1.42685913255743,1.20025966772766,0.0942292907655487,-0.633967682355432,-0.321429686954772,-0.117594042411491,-0.722018602060958,0.241443965806781,-0.264653094872861,1.22959148054341,0.263685556196764,-0.309746479413163,-0.269173011558445,0.177396349600755,-0.0195779129856252,0.0486506379621992,0.068830507176749,-0.24650275162834,-0.230836924381726,10.62,"0"
241,-2.39844587044795,2.02296054871674,1.62846170470358,-0.540476996351326,-0.512595924447318,0.238407466833451,0.171943838191748,0.179582825318664,2.12525478813469,2.08436454313234,-1.46585011352767,-0.61068781288769,-0.661136180506946,-1.2163728916789,0.350778116469314,0.0444106766468188,-0.54951540605968,0.146798983690465,0.264154095973259,1.21302871014323,-0.4435598585728,-0.358060672718922,-0.293969235572691,-0.464450644161076,0.704249305273579,0.429738214587736,0.968048303816908,0.400390271979833,4.81,"0"
241,-0.849347742302973,1.01950772295056,1.51723621733387,0.57946759897422,0.539186512026745,-0.21166489745656,1.34650905454273,-0.989693615332259,0.904158728212845,1.62966470818257,-0.294980417723271,-1.73226541509644,-2.5833362048851,-0.255723093624357,1.72455723111762,-0.920977103725121,-0.235879981588645,-0.208125082442969,0.102785439497047,0.0657244656073696,0.00428203404076118,0.508111367582109,-0.180736599338737,0.017424799067413,-0.525661779823037,-0.480661457515937,-1.18769727601106,-0.654815655996555,12.2,"0"
241,1.18157196871777,0.241407903118498,0.0245369239675879,0.885832028186504,-0.121471370855092,-0.275551751171313,-0.142414302507451,0.0312825546559919,0.253328446702449,-0.62458834458852,1.13163183445497,1.12615168061899,0.452170473889005,-1.51746582298691,-0.98281116036637,0.366511660367034,0.726422221474717,0.558842441678996,0.39311606338256,-0.010393814942729,-0.143113930470516,-0.172135916785336,-0.156843587831265,-0.0452822622614999,0.583795268301563,0.412511399086111,0.00145383546047619,0.0308627906489987,12.31,"0"
242,-0.398935074654529,0.94195326776366,1.35928845303101,0.0134901030401388,-0.191939978339293,-0.824440908996528,0.474948313294724,0.175556956003134,-0.362986724172781,-0.283273787518482,1.32520174943218,-0.396477303619385,-2.02068997157013,0.181072418856814,0.399853328919428,0.614077430749912,-0.0528833993886769,0.537637279684669,0.135445718311091,-0.0122579089945038,-0.222209702306461,-0.704461341026704,0.0208067621812623,0.429138402387884,-0.28639685072835,0.0485793849574308,0.229095605842275,0.0858022387553144,2.69,"0"
244,-1.11894551099344,-0.0713662212566137,2.80776898008454,1.02567540015708,-0.100748062728395,0.508680181025704,0.620313325653011,-0.213137331495511,0.333039387892451,-0.0748991390860651,-0.345926864133284,-0.232475666481606,-0.162169272390009,-0.698455933660834,1.24575545942912,-0.514205881188917,-0.0517244072217432,-0.122802592299117,0.216859008808527,0.101302228241518,-0.0457817087708583,0.455553474506296,0.170942396134793,0.0762110186402846,0.197637238236825,-0.286673840660175,-0.230529528315744,-0.405084167811446,100.37,"0"
246,-1.07704591768768,2.14091581317184,1.15288375613607,2.4588338997684,0.57657237259167,0.845960887439601,0.0159868949534725,-2.76426156922472,-1.11461823731951,1.43836982967065,-1.01537236509047,0.0747815472117216,1.62344664425995,-0.270680727203434,1.07491899880126,-0.0223269704995099,-0.333327227858039,0.269594459195088,0.997790756030299,-0.237666882396776,2.42937360470271,-0.244539304055224,0.0632459558606099,-0.448631098734837,-0.236189512000954,0.233936971945216,-0.295667682827483,-0.0549445163682934,1.5,"0"
246,1.31125848597963,0.0750277698378955,-1.29283240438097,-0.483154333322344,2.13925691147085,3.18156392418142,-0.505045118080414,0.804860255397576,-0.0740708327536128,-0.217425555587175,0.131576212856055,-0.0281461490526148,0.0114597895061909,-0.112921113636626,1.30000713848075,0.812807414825297,-0.495483473241714,0.166473111833407,0.175176223606628,0.03273412430411,-0.342676244682858,-1.14850355673892,0.0952788160385239,0.946121234133879,0.369712916510377,0.110625671340742,-0.0218366061797577,0.0236383775739503,1.98,"0"
246,-1.06919985264781,1.23996334846648,0.545157121948106,1.00535398159168,-0.0256955821013292,-0.910672795810338,0.422441827573503,0.0492834241037063,-0.564600769150332,0.143901655417542,-0.323632933287732,0.862355051952378,1.64615881192552,0.103236346483886,0.885609360024925,-0.279569768987372,-0.199099999596297,-0.100956385549907,0.37431896746538,-0.134161665532399,0.146554844567717,0.602990282469557,0.132655946011622,0.427112526097892,-0.084030136896903,-0.41719431740271,-0.897884838747312,-0.462041528710841,2.98,"0"
247,-0.68576979154299,0.554019231492311,2.01482947932892,-0.5610327579473,0.683347066298419,0.00223225703578796,0.804393712860439,-0.154562903107405,0.339899947649466,-0.964056302257273,-1.60401766532736,0.617382934060338,1.38353782992177,-1.02759955628008,-1.28556377097457,0.534263331742878,-1.32064645741773,0.0449552398229204,-1.49376974213501,-0.0514721952519499,0.113872720644478,0.642716156510162,-0.421980098719403,-0.411622373540005,0.359461179366405,-0.545005668468384,-0.0402441149191259,-0.0969339869893551,18.94,"0"
248,-0.216866830573623,0.90089621784561,1.50285027705901,0.812492450529322,0.193952498147092,-0.0314883088567629,0.490795204769526,0.120990624150429,-0.907335773507252,-0.10626924972895,1.75077174083778,1.11954385991251,0.592076068989511,0.364704377126409,0.611496991370246,-0.349770202273641,-0.174297108686306,-0.0264684920793446,0.235718380276324,0.0233623168472172,0.147496520304434,0.463469893491367,-0.0451238662909649,0.224125870324991,-0.275401643830447,-0.415338771202746,0.108635141417301,0.0529809146202539,10,"0"
249,-0.788406123131655,1.12517228396282,0.934213099563731,1.15581532464419,-0.0285177249827795,0.489476030984672,0.0673771145849711,0.775357006125947,-0.507976500800885,-0.124046576150665,0.415851211443196,0.21610433984731,-1.39998881100959,0.765481453025983,-0.356870971757514,-0.745510714641729,0.501830610812174,0.119294748324572,1.1394791612958,-0.0227284509639263,0.026451189878703,0.204264803658765,-0.128794209883952,-0.319663017213618,-0.0951041133764009,-0.21442271929338,0.29152851647615,0.120686188116755,13.28,"0"
250,-1.33737490769388,1.10939119758766,1.39622251980175,0.0387177339247828,0.520267383833693,-0.259157171498353,0.806328794153777,-0.0161923457628466,0.425313885076927,0.607521570282099,0.320420847416383,-0.0928131820884024,-1.71482742492076,-0.0598307139879331,-1.38386712193227,-0.0806762660435057,-0.659479714043953,0.267491802659709,-0.127899944707923,0.137317524660359,-0.200430973424955,-0.11635415683746,-0.398651887441094,-0.0346922479862068,0.444577864427272,-0.489117797749574,0.259927297577363,0.0655471173002718,5.96,"0"
251,1.20663783361344,0.14334482860189,-0.131755553409093,0.902486188743593,0.219547240259409,-0.0281552578435466,0.0992947158686046,0.0020198291605434,0.166709161604128,-0.014765734374626,-1.07273779855187,-0.471208191355173,-0.75213351615446,0.548864045894721,1.33307729104059,0.0461361233755512,-0.401576803606235,-0.213131374348739,-0.415565038795684,-0.14914477086753,0.00641445971300172,-0.000173221945954696,-0.186809603140682,-0.77728434013929,0.686914708134492,-0.246619857871161,0.0181759270789644,0.011323875722827,31.8,"0"
251,1.07181268393766,-0.249927203030099,0.189825005451663,0.191108919623515,-0.615778945072287,-1.07410429587942,0.213633075798008,-0.322513461374664,0.0460840086268497,-0.192352281159751,-0.14552513610367,0.571661020498652,0.891624283028276,0.108958561069028,0.977413550680472,0.209149363914595,-0.348369720025526,-0.459603714357169,-0.0877335313198184,0.214073656548861,0.0959175063940008,0.0893487632156601,-0.159514354848946,0.487008617286338,0.365901028860871,1.05607260039775,-0.101425334830001,0.0227971051572046,120,"0"
251,-0.238642948851198,-0.146691283633797,0.829323343140644,-1.77673943782121,-0.0800483407076287,-0.747508720286312,0.404431478908747,-0.103808612101795,-0.753138701251281,0.663142802763572,0.283325591232053,-1.55434366985084,-2.65660059118472,0.111714584443995,-1.36623193841458,1.00322932788118,-0.0193462463188526,-0.681442344913775,0.593361977180478,0.108920148156991,0.219064698514228,0.729403523984297,-0.163950239360403,-0.0200611116941042,-0.325685409814963,-0.349222861763856,0.203501039195527,-0.0052488730405901,24,"0"
252,-2.39543391284319,-1.54536913635857,1.91939120009215,1.06251356785515,-0.627806201546894,1.15456100138387,-0.86150073881925,1.08948638979191,-1.34126755991622,0.200625621596136,0.824199618905963,1.08834840127489,0.539608343202206,-0.0710282663789658,-0.385580937047806,-2.40742244106589,1.10343414829601,1.03590010430564,-0.146973943018804,0.561230218885657,-0.120568529191627,-0.473852621812664,0.453082048430593,-0.323900292526889,0.105116690567089,-0.219200405888116,0.261788843801088,-0.12295363848915,231.71,"0"
256,-1.37724532894464,0.714822533856904,2.50751276562751,0.865082433824238,-0.29048918108122,1.07732755530864,0.0325070830004539,0.510945608460285,0.717788300837739,-0.256417813386399,0.31642371868401,0.759520508111517,-1.43942062882357,-0.592772796928674,-2.39714082455295,-1.07253894134126,0.615996407009881,-0.581450740274242,0.714980256941906,-0.125335333183829,-0.341852730989935,-0.60673121039549,-0.0997404996993059,-0.00912305170037553,0.328379170435826,-0.506683334962384,-0.032234737665486,0.13984072293207,13.53,"0"
256,-0.471795900501931,0.523168690774356,1.94896693085401,0.995503205917754,0.379068802662594,-0.577466231114002,0.521412999780771,-0.128940115030197,-0.704961976588154,0.186558625085323,1.50156590568863,0.664845538099472,-0.0187629222051353,0.25055327332692,0.421563856877781,-0.00643038330110667,-0.544373442555385,0.313879407484372,0.69205345426788,0.200163411152823,-0.0994219232599163,-0.287138748482553,0.15128752107074,0.490366664481885,-0.725252259809243,-0.741833504385179,0.00478356739442346,-0.0459768803712111,18.45,"0"
257,-0.599318040806814,0.887524820087883,1.57921401956658,-0.113727895607507,0.304991227336505,-0.182828895090489,0.503722002632727,0.241375357066826,-0.722595859395856,-0.627363824442408,1.46589690263035,-0.0147629016461626,-1.2293678076927,0.102504308571767,0.589320457624781,0.308128255696421,0.135025332664223,0.0912045802917257,-0.0392488006666413,-0.0880905631588682,-0.137630842070961,-0.524585959187624,-0.0577292844851758,-0.0589800641581246,-0.320342199551946,0.0891800917730935,0.0589785327629627,0.0984484912751826,1.98,"0"
258,1.13093276051983,0.178069338865416,0.533439523987043,1.47895526171719,-0.342933188941055,-0.379986284473154,0.0632529240380594,-0.0223912425446122,0.312977804453438,-0.118844723001472,-0.294393905001016,0.480791963567877,-0.484192621517628,0.145854431311508,-0.085468494186753,-0.804316603078626,0.399919770027646,-1.04799436654785,-0.490789192515749,-0.209400585651791,-0.0803641377398123,-0.022293001087705,-0.0234331634318012,0.400433910374477,0.607259256986986,-0.332017201254703,0.0374408128102486,0.0195266401331788,13.79,"0"
259,-0.942940340772634,0.206074135542738,1.62599203301814,1.1083915715611,0.875837899922657,-1.21571631533529,0.271172621048145,-0.089238369063149,-0.75553916066198,-0.261729149556909,-0.37881234654172,0.119446954844474,0.45333266625436,0.258750399158194,1.13874676184325,-0.331053067748365,-0.146362627501872,0.0634922800608578,0.460361871371355,0.311898357803841,0.150837698492223,0.188497046623723,-0.148636780302928,0.407169537724041,0.644706714473305,-0.193470323715694,-0.0289195849168385,0.00532276973775153,20.17,"0"
259,1.09506741758645,-0.014392711873676,1.4085521053371,1.26654595497494,-0.944750548960972,0.0295778555402012,-0.598514656274624,0.175290620846689,0.485230980297051,-0.0592393079665236,1.23998859979243,1.70394442100088,0.789333517666953,-0.325086571570067,-0.633020578062678,0.174004832657164,-0.47489538415665,0.25910843466382,-0.00469356366433282,-0.0721128650647818,0.0131070803638065,0.248009414011709,-0.00256372521003118,0.570099686164159,0.387136518269248,-0.442319387400223,0.0745306108253938,0.0322146896005011,9.99,"0"
259,-1.56948528932408,-1.93213338318792,1.24920281590393,-4.43421127971251,1.24428213917527,0.402687981862756,-0.649554377969176,0.534755946210818,0.88618316271529,-1.27564936112657,1.52530374026844,1.28699548985765,-0.303788262405302,-0.149255372278823,0.514473637140459,-3.1330933841581,0.4715875700176,0.110395401276008,-2.32107725676917,-0.178910979630923,-0.0746586900912582,0.397404663870573,0.199030320324042,-1.38601263272172,-0.141955194120053,-0.984010664203952,0.274078667182672,-0.0197843399483216,55.45,"0"
259,-0.363607747775808,1.10400832581145,1.30067845337774,0.0703142964259812,0.0751796632324312,-1.01039638745644,0.683396194279067,-0.0733779123558823,-0.401865789514364,-0.508232821974738,-0.199288744730576,-0.0380781298940422,0.188826233319192,-0.441824902046129,0.887319497241928,0.377647533489026,0.0055531477900535,-0.147300475446914,-0.0909211632091689,0.12317638908209,-0.261158413575038,-0.685436106316632,-0.0136621759160814,0.336312610836556,-0.157577368039416,0.0716994270357452,0.245538854156187,0.0990365340679715,0.99,"0"
260,1.45590577026253,-0.928378048473089,0.353459042816645,-1.37786655052322,-1.23313331779387,-0.600292233865782,-0.817625523237282,-0.185506986250968,-2.05366459112701,1.36286994081946,-0.0739967053346723,-0.324252191651714,1.27770491557496,-0.378084971530154,0.67845005682556,-0.763978915448859,0.770637035805175,-0.774297121912426,-0.517623063314901,-0.284835020442206,-0.306224122067827,-0.468313836428135,0.119444922851346,0.0525552360790258,0.255276476831544,-0.313338146459379,0.0443433524099694,0.022090896184937,26.5,"0"
260,1.02670174848364,-0.661664688010336,0.897600900117317,0.144402801485886,-1.10520536056042,0.0202450821163564,-0.707266806484984,0.195918327836257,0.743371434927931,-0.118938660818722,0.741294501124653,0.603257301381508,-0.421646961829807,-0.0428924260270339,0.0904114217343032,0.694674045141716,-0.590144596642845,0.572237291162171,0.329715853932393,0.112744748058862,0.150660748892465,0.322397709380023,-0.154736290486349,0.0976546415740513,0.174639028571346,1.10320472420182,-0.0607091412658154,0.0165983691772305,99,"0"
260,1.07522901074671,-0.335339468401815,1.68046794156071,1.19209838750851,-1.27053076158913,0.313498287545133,-0.871024861700028,0.235401729174138,1.31526083905706,-0.478206972426508,-0.37061266105676,1.50674886073461,0.848506498233365,-1.06777936318678,-1.10596607600193,-0.941599860981155,0.710495611842687,-1.05734797926021,-0.295389514150509,-0.11325298688246,0.0929295166381314,0.815226884959785,-0.0545513896148,0.731148708216344,0.431464973288408,0.580189202437585,0.0625281639698659,0.0256280720527338,5.46,"0"
261,1.26032783148891,0.299160897502296,0.527681133046703,0.614898903395385,-0.420591872514502,-0.977533147085913,0.108485268133809,-0.244502212466467,-0.0583164122638439,-0.0858278316986933,-0.0983626719361133,0.732373957528806,0.996718048182297,0.10373332366365,0.956963773137959,0.270445474175818,-0.461479594145256,-0.626390247200473,-0.124085428874547,-0.0492418664726135,-0.249401230708472,-0.68842934733249,0.128289705116252,0.398966855160445,0.240282308166665,0.0922127928473366,-0.0246331165613973,0.0205293027036234,1.98,"0"
263,1.1436489111363,0.128210203259278,0.407255475069125,1.16095009233083,-0.504531513829593,-0.904842966368683,0.111993061608728,-0.151667474595817,0.180408481290141,0.00102660140963807,-0.511755309866379,-0.233763135474399,-0.814985243438304,0.513246951494807,1.12110996981095,0.219196916217105,-0.424028279861744,-0.0523622186855242,-0.382037399808277,-0.102034097131637,-0.0360005022036882,-0.221754205663031,-0.049749745028099,0.345483343952751,0.495657727550222,-0.440443318501014,0.00820861465743515,0.0316892103736797,49.99,"0"
265,-0.293838835769698,-0.0443689221292096,1.09314553232732,-1.57647312093224,-0.10749177274586,-0.791217447993164,0.291465483125819,-0.09316391236431,-1.40636581337182,0.0610245669919252,-0.464045941824844,-0.111047282917685,0.566392854079351,-0.0450355426540222,0.383371561398139,-1.45761634911991,-0.0349080198013659,0.466330848776022,-1.72644851446631,-0.451588470921918,-0.235571213143168,-0.286206833039427,0.0693029543749982,0.107632394669231,-0.385142022849928,0.86605498988943,-0.0176032083898043,0.039892576633639,24.84,"0"
265,-0.561092494127646,0.508697738345598,1.42846359494921,1.26164025013815,0.617083159904227,-0.226754819387607,0.407580628547311,0.0784107770517417,-0.331848785444176,-0.328413637918653,-0.666642063918902,0.265367414111343,-0.0464517149644113,0.0296300970509606,0.00649616376492319,-1.10955222141736,0.505925318293419,-0.708276221469966,0.437556712953826,0.06116646428731,0.06308493080186,0.30905830334049,-0.0371812193466602,0.0989225475466009,-0.259485855966546,-0.319379079054003,0.184780683919889,0.167585211480852,13.08,"0"
265,-0.491003017302294,0.906952627077483,1.64542281975857,-0.0835311021938869,-0.195560099221421,-0.710165000567951,0.559118538140669,0.11634025149828,-0.538190203722305,-0.122023316581271,1.33297073086808,0.24154718539358,-0.960824737330713,0.526002678860792,0.22936824295849,0.377199880619456,-0.520008382536953,0.186335971636626,0.230867162187187,0.0627566740593696,-0.16806729699576,-0.517387140513931,0.0186502119982566,0.49165164795184,-0.277795388237676,0.0438408610056926,0.253371621535344,0.111749327120591,9.03,"0"
265,0.0736314815543283,1.05120732881086,-0.281222562312929,0.853748807590715,1.06596573828071,1.21919718953887,-1.22559690620603,-2.26221427402844,-0.584441019330888,-1.41876941306741,0.958529021086631,0.890147180382082,0.275971998211261,-0.613831959400157,1.83759091150688,-0.600710684007338,1.9188180377973,-1.53381504905032,-2.47960368486378,0.420519427715327,-1.15012823957707,0.870673096151891,-0.266732961276871,-1.04873245464556,0.232705373352752,-0.262462874759364,0.187976230644707,0.231428065821567,1,"0"
266,-2.56496104960942,2.47098454163356,2.64941697024535,-1.56425570856864,1.79429703898473,-0.614741707014684,4.18590625716717,-3.85535901492996,5.43663339611854,8.73745780611353,1.68296295839224,-1.30953568707587,-0.052481298491655,-4.8907163871643,1.60814071979663,-1.6660779799987,-2.43592142509309,-1.16940153003904,-0.428481920784028,3.56413797854005,-1.67270646329749,-0.463149141229711,-0.532466362390539,0.306493528732909,0.22684414397411,-0.36541574581084,-0.936734932768158,-2.73388711897575,10.35,"0"
266,1.28967251653565,-0.694399380236063,0.986683479929567,-0.626997062055679,-1.56174079494238,-0.612823745212234,-0.94903729043489,0.0688716361592622,-0.744015779314504,0.82556819194312,1.27746260367522,0.281343680597554,-0.368153738330552,0.218534880955636,0.578279944270949,-0.719648947596954,-0.341212434716486,1.58247228264864,-0.667818510229784,-0.485381706184897,-0.41194275719212,-0.812047651471024,0.217873272348013,0.515076901754427,-0.174402121979584,0.828401743987852,-0.0392618409971249,0.0130609901947785,14.9,"0"
266,0.982539103625625,-0.229085198091074,0.00305057019042461,1.44400883014481,0.200644870169165,0.636756288762354,0.012166457722703,0.128519086282155,-0.361985518583555,0.445710346603229,-1.53986695434617,-0.838260421515644,-0.455357738243632,0.328595736704364,1.14873326104357,1.07189162745824,-0.738483983674106,-0.563834583608233,-0.499059635077625,0.168043643299968,-0.315217460961509,-1.34702421598302,-0.0338171920575369,-1.35983150921366,-0.00545915184700185,0.706075192196966,-0.0918216959007862,0.0242338052642232,154.4,"0"
267,0.992495951516809,-0.658003086815726,1.0286425519227,0.333157075647609,-1.23430992173486,-0.322445469378247,-0.445253088555845,-0.0219409018724982,1.06724368479154,-0.529322851284196,-0.655786827700328,1.01870017776806,0.822717544876633,-0.694579172193954,-0.378883778421469,-0.142589557158765,0.0989483601001332,-0.715780302069914,0.425629534532271,0.207353389700368,-0.155753771931322,-0.405975849476641,-0.0303861140715395,0.495300565719913,0.12324381053953,0.927555106539974,-0.0498383851680696,0.0359652838304058,122.36,"0"
267,-0.0710037261845793,2.11493086734407,-3.59785824489897,0.159330036837819,3.54399541495123,2.36697635864315,0.72739787719224,0.33581443736576,0.772950206005132,0.83485917793382,1.22942916044543,-0.986304485491991,-0.344604914760365,-4.14315409474586,1.41231335962216,0.896138453267333,2.07612465795544,1.83192630854935,-0.18122076530863,0.99732319703015,-0.455451990002366,-0.530552332332694,0.0462816332843249,0.63514015666234,-0.0934663770280861,-0.418992932046115,0.463129146946106,-0.139101654249184,2.28,"0"
268,1.14606539406735,0.285853394164498,0.562438673557062,1.45933613686893,-0.22589077272376,-0.34630263315392,0.13198757706796,-0.0851788766489565,0.136365128107632,-0.149999068184242,-0.0961000204198089,1.102136387539,0.686087248828918,-0.089169308102975,-0.213955765646488,-0.859372855635557,0.331942675015268,-1.19211914412882,-0.495748974662082,-0.148534056382463,-0.0714729894636692,0.0761773687296652,-0.0305666885113405,0.444843264947739,0.650036517247799,-0.335735765261602,0.0463718279216743,0.020898982056882,6.54,"0"
269,1.32062602968289,-1.17433822036747,0.713431141611634,-2.17794077909609,-1.51123359449809,0.0593142791262829,-1.30806406409623,0.298795701425029,0.788813963845565,-0.200098695864908,0.835250931001048,0.506267908862634,-0.892307727953237,0.0839509156511072,0.871964931157615,-1.85635255892118,0.163267546430812,1.67042300541953,0.061359194095344,-0.577242628722532,-0.354221196706363,-0.36528003704149,0.0648219747250724,-0.32200345874041,0.152701401907953,-0.00313066239252793,0.075102939895494,0.0109411353399647,2.6,"0"
269,-0.334463053149098,0.82678932684742,2.20768299974344,0.470566496342432,-0.534082395706892,-0.702738988200433,0.28689120197664,-0.0395180140615691,-0.398303629582283,-0.366167287570533,-0.0693927574751968,0.225014055098949,0.565925145392052,-0.0572788123884144,1.36411156388402,0.0804681816479551,-0.193560016328362,-0.0288624595833679,0.374793854119373,0.0838231071241022,0.0537462208816578,0.174343058933565,0.0108148895144241,0.735724795464773,-0.622745184340817,0.219987377761587,0.131555958931564,0.15258557056503,6.47,"0"
270,-1.35693548969166,0.0337238083583394,1.87419537199921,-1.46910162769266,-3.1259085137687,1.67705550854334,-4.92556804335746,-7.49465760797684,-1.27846957754953,-1.11877846549233,-1.77774478157716,-0.233932473729791,-1.83576202232271,-0.187562487334621,-2.59495738534672,-0.438051330902031,1.68207135445893,-0.129589297793035,-0.924228731427077,1.39463103254183,-4.1346076577038,0.864377541070164,0.153498688044173,0.669048804944643,1.10815947841194,-0.120671273762191,0.0433928351291507,0.237635652844693,52.95,"0"
271,1.1961928083246,0.245161002767118,0.631947467744274,0.642940901741353,-0.413132654617476,-0.699728161455252,0.0195327399787984,-0.112500121137387,-0.0470571437821009,-0.122711470246865,0.371980575188798,0.794397765137273,0.674412675332186,0.200158679730578,1.2118826795738,-0.105518257708414,-0.0508584114809435,-1.15157869327297,-0.603069525451054,-0.109478011379304,-0.203867812068993,-0.533641292389461,0.201929023781437,0.406872401018654,0.116137340294958,0.102674898843735,-0.00912119840186841,0.0197004574469535,0.89,"0"
271,-0.689738299845791,1.08609079947272,1.2609781845269,-0.386674925946174,0.0238993394031539,-1.13891442693993,0.752137851415477,-0.0273735785779103,-0.032901507806051,-0.559839865880113,-0.611787085848871,-0.986594436248788,-1.67868141210165,-0.131995761952885,0.649186033245228,0.673278955134015,-0.157781326281259,0.00791513584577706,-0.718732185622844,-0.101036765487953,-0.230009610144488,-0.747299987608414,0.01125500903224,0.282653053521115,-0.449784742980751,-0.0874267502274744,0.182553301725534,0.202335673387908,5.99,"0"
272,0.867478766799032,-1.10225150163058,0.608958680895102,0.826674507189373,-1.2462139751918,0.0724916028179566,-0.509152771819804,0.0873300359983134,-0.464953740497999,0.643826212632195,-0.852219191029399,-0.434294130501583,-0.768788204211624,0.080408370928379,0.601414710853158,-1.66955846748328,0.300075470459645,0.941355461018423,-1.48414140892113,-0.239897872700028,-0.242822811847269,-0.55661266795622,-0.110147645072092,0.0257222480691284,0.263808686415459,-0.324194583698102,0.0425499465714527,0.0636521163506599,208.38,"0"
273,1.12435494268587,-0.132953465351976,0.588467029912368,0.804871451514548,-0.726265943799719,-0.521874881628226,-0.167009965314268,0.059297676183411,0.368092890219291,-0.00193014865149842,1.01476547673829,0.596596494231207,-1.34644954416618,0.382686793200346,-0.791899770066658,-0.0862037354227697,-0.0757354131010236,-0.133082038369447,0.431187526273641,-0.139533219890882,-0.165165822769633,-0.44687146554856,0.0176168867576165,0.548845156243611,0.347078762843717,0.239947948684943,-0.0385644961463231,0.00676473224320238,32.51,"0"
273,-0.792970439917819,0.273688002643679,2.61204028533438,1.21349505112528,-0.225014754443299,-0.594575429029463,-0.250743985238572,0.162628107419906,0.0386325929396734,-0.401649703354512,-0.485772083429305,0.156502666465383,-0.00943865562978991,-0.224336144196101,0.761460832168749,-0.226818139947452,0.00277365202540537,0.218880553408141,0.37709526470531,0.145012027642598,0.136199841979438,0.38114011049232,-0.0206891427655233,0.706052983012079,-0.234171822014725,-0.377185425371113,0.164555212295336,0.155041966639517,6.51,"0"
273,0.216726737744709,0.710626489349415,1.22487593656241,1.13940533721884,-0.376350605735395,-0.253985540355368,-0.0345570283318432,-0.812548331399496,-0.26026113721893,-0.128467595106381,0.0536794746112365,0.0208509044463727,-0.626932857059245,0.605768303969205,1.56884839099819,-0.434883232637864,0.233917133570203,-0.534323372350957,-0.288381350914456,-0.214411701453518,0.773475780090364,-0.233609144685955,-0.0453663708549951,0.368535477983635,0.675417971685889,-0.286280940943359,0.196729840589537,0.226031238690969,18,"0"
274,-0.586189993683314,0.490033022414475,0.564065152397492,-1.22836384560746,2.86017836505344,3.36373113935503,0.263669445964743,0.703249304569757,-0.648517818791341,-0.338281228436884,-0.0882664828745096,-0.392281620650335,-0.0958920629055792,0.134683919398204,1.14045117677131,0.416862644621114,-0.942986939907305,0.0966604349646995,0.513916396497184,0.241503347881636,-0.29502555289051,-0.965886560603045,-0.207535475546927,0.989880284778889,0.257820709657052,0.114457611817427,-0.159428052386332,-0.158920772435934,1.98,"0"
275,-0.363518693983855,0.0554644052427988,1.85757123982738,-1.08542097121506,-0.981918253588411,-0.473025259248027,0.210564834083408,0.0226703813142959,-1.64168910578585,0.286994139656118,1.29854579040991,0.49763915980794,0.44837006967875,0.0760798242735095,0.153456425593949,-1.03522363899898,-0.338424472508215,1.50792061035716,-0.441384421244568,-0.25987666025509,-0.408214032689672,-0.907776138367648,0.248036844430434,0.492935992789181,-0.52488905013851,0.340449354490466,0.0111186340895174,0.0609358502228737,70.33,"0"
278,-1.09230140566121,0.43075047613824,1.24978491331165,0.429756534106922,1.27207558514779,0.548202767078078,-0.120591638356966,0.452571018279242,-0.414005494608489,-0.31013556886178,1.11927696595217,0.583456278821082,0.371111672178442,-0.298619911347828,2.28379932522586,-1.28107807142895,1.537801303842,-2.1476757369513,-1.06849113542144,-0.0527076933545491,-0.0789156410850146,0.0728696916050089,0.126237045799254,-0.648164954953703,-1.04910404997159,0.206696474436857,0.411803300957217,0.188800422231114,2.69,"0"
279,-0.857062519648965,0.204627007877724,2.18698476694226,-0.0455893797660212,0.472689255888956,-0.187450054728674,0.435892421889065,0.0104751289930878,-0.182090530953911,-0.369532838048135,0.599525509319659,0.285635911137786,-0.803135139321489,-0.10303329192603,-0.835167712316915,-0.0844790340792454,-0.35341801443596,0.105380712569814,0.928780621165503,0.175356396405114,-0.237292727879546,-0.611724040328273,-0.190795743522915,0.0033356218471535,0.212665732252135,0.295664189563905,-0.175260143071776,-0.165614292178362,19.29,"0"
279,-0.365229401506496,1.10435215946778,1.29021678250307,0.0703205963432935,0.0434320253454001,-0.985204069750695,0.72714375517193,-0.0813098081975287,-0.416811446394554,-0.51889792429,-0.187404606536978,-0.00477262986641824,0.258662055531264,-0.455462190560712,0.879676194009773,0.376498897193446,0.000668864946356443,-0.153047031597188,-0.0935017004223238,0.140779127608584,-0.25701078501083,-0.679352340547189,0.00114648960531949,0.337298660064529,-0.152680673256273,0.0712084955984254,0.243796748054182,0.0994358037055086,8.99,"0"
280,0.87879449324497,-0.266909198449741,0.409706011015419,1.50980807428807,-0.48779804796164,0.376829476453084,-0.389288343415005,0.331361140052074,0.702727614979561,-0.574106367325665,1.11196718658971,0.599725185775858,-1.2345875316281,-1.02801841090484,-0.780626424993039,-0.0818142871399598,0.979700050493412,0.385091633735668,-0.240107937120722,-0.00170799730167635,0.0250558208905423,0.11052660499047,-0.191237156775741,-0.0591991928381641,0.504350122375445,-0.27152614829119,0.0590995559005013,0.053500820553551,109.15,"0"
282,-0.356466189895633,0.725417515222339,1.97174888880699,0.831342715103123,0.369681434554579,-0.107776262637238,0.75160990401556,-0.120166260063708,-0.420674967946903,-0.0599432188183031,-0.508270231790023,0.425506043041155,0.414309244458954,-0.698375266726369,-1.46534865127239,-0.119008625259757,-0.144735012716226,-1.33222124868776,-1.54744049309526,-0.133602120335957,0.0208037896947035,0.424311754701893,-0.015989128605844,0.466754445207633,-0.809962007197632,0.657334415234234,-0.0431501856619478,-0.0464013951451372,0,"0"
282,0.0577799473883394,1.55035563102476,-1.95040789127973,2.04147284682958,2.25842581160402,4.69201245680565,-2.30390721573361,-4.49213343553933,-2.0131129049969,0.108543876628383,-0.444927876407597,0.0792469166580135,-0.418820460529987,1.64257503801011,0.914557289318947,0.379159778767769,-0.199043721195383,0.250599297100118,0.591391396606646,1.41934330744359,-2.47711057326212,0.803885761848928,0.284486744686328,0.993048818450469,-0.0392524194887331,0.1734063267318,0.181839892265238,0.378080367888493,27,"0"
282,-0.426029991131099,1.04118389014423,1.0637931753665,-0.407920575421307,0.0776151253945755,-0.810862241706088,0.620734095073772,-1.04858884919534,-0.416712413877939,-0.575246100119763,-0.46557097693903,0.662807869058568,0.974220942856398,-0.156006298493464,-0.253610096727405,-0.434466384558741,0.0666921815227437,-0.720718702568471,0.415395580691782,-0.139565464778429,0.758833898343153,-0.107203543133265,-0.139569166545177,0.500354815273211,0.165606515690848,1.05225042898311,-0.0243882059313795,0.00839750280212946,2,"0"
282,-0.669415282482136,-0.169043614878115,1.30183662783031,0.37052463707672,0.950911340679712,-0.413911032707,-0.149037728292557,0.127021465671415,0.463115617310139,-0.595657984685137,-1.77873843654408,0.443601043669045,0.892825208869577,-0.569168889289998,-0.752073710631786,0.229793819797075,-0.842795468242794,0.304661459195123,-0.519398005004304,0.0601597607824658,0.297489639593816,0.890769502370193,0.0127421796835114,-0.407764088872304,-0.678186258939156,-0.513178445326872,0.25335005244919,0.254336125901678,11.64,"0"
283,0.948031796863003,0.318724756759898,0.73059089788814,2.58397516856836,-0.206464837654133,-0.213179700488748,0.220328528287439,-0.0620703026994141,-0.868018102266721,0.58117363806146,0.101195398638146,0.4703996350801,0.67528086964958,0.209463494622259,0.704330417004262,0.309108159161806,-0.28168058719718,-0.924687991899896,-1.52130691294442,0.0349714044679109,0.0393146758309343,-0.0698295915573316,0.00409419770980472,0.396458820391235,0.295033036368195,-0.0762257759145556,-0.0044476476876885,0.0416880952357602,94.5,"0"
283,-0.529995754566706,0.766553613360556,1.75939342684182,-1.16007391448837,-0.501039670569579,-1.40451258757377,0.679279031254112,-0.242593704311249,0.520867782727494,-0.117279870763226,-3.20178274998834e-05,-0.320075008129062,-0.886311371092757,-0.176522503410487,0.606221064732144,0.426544296955211,-0.568054204832219,-0.496516185632066,-0.982597608414238,0.138236318936897,-0.163030547200363,-0.21940760590001,0.0169593343203178,0.934128477791185,-0.32738347198246,0.668478861243458,0.114264184903769,-0.0913848060416617,2.31,"0"
284,1.14143647517214,0.0818934384999548,0.503624884582198,1.48721228120083,-0.473169877858052,-0.411384333340749,-0.0531932580145128,0.0710358562465564,0.553486017437391,-0.0696855813104158,-0.566056642110462,-0.36348474915932,-2.0695403034823,0.459588280433354,0.0885800555520675,-0.72992261761297,0.489465113050561,-0.853730628108486,-0.477573661587652,-0.322354733822723,-0.102340783793485,-0.150234456959343,0.0013219810767424,0.369459252560801,0.556294535169735,-0.326644635891966,0.0281009666080974,0.0152153227079325,7.89,"0"
284,-0.942623062836132,0.657317958481619,1.19154438444274,1.32649709537444,0.976744980417237,-0.832970031959888,0.238932867962981,0.163401502866342,-0.584980704195827,-0.78963933406533,-0.144501037430694,-1.44516103856932,-2.11588511176142,-0.617131929386945,1.96683731648052,-0.203704313588247,1.50069170194145,0.586786086504707,0.271466390269338,0.115262873126789,0.0621654394810816,-0.0160764862302391,-0.236314329098232,-0.0828019702798573,0.357494184001844,-0.110529973085748,0.0807957182211791,0.113264047958142,1,"0"
284,-0.764965866218257,1.33950625823146,1.20938900841593,0.00593937653588504,-0.331807720416276,-0.91924268757284,0.434379874372525,0.308839764048673,-0.698558283850425,-0.568186410059283,-0.397372655340404,0.572462624380545,0.965210890359118,0.28558843133616,0.713760962579374,0.280847041558457,-0.274688875295131,-0.41823132951761,0.000655599299615423,0.0620441546861794,-0.170506845982771,-0.534737577736289,0.0431756428613801,0.388210346746866,-0.137030692191127,0.0704177808183167,0.142734817884453,0.06053724926975,11.99,"0"
284,-1.16721188447311,1.26364780917364,-0.109848779049178,-0.783619310769871,-1.47269402833547,-0.212799326017021,1.73268250069725,-0.882945355787125,-0.331912326577602,-0.832908391567663,-0.697049652104285,0.780408852124592,1.02631990073434,0.0496491687114007,-0.748250094432551,0.0310184913010746,-0.124821125907232,-0.736029681196472,-0.336145555758669,-0.368898737265918,0.770748067205388,0.105265467676626,0.127679768314317,0.50960586073136,-0.401950569307811,0.83523631700188,0.286015332322687,0.0672643947687681,302.1,"0"
284,-0.810756466060034,0.654499424426534,2.21725732574556,0.104341351434792,-0.286800770532448,0.117832509743492,0.287551850910432,-0.73646133072427,0.69909221431486,-0.625572559146336,-0.767733063221959,-0.424145670048242,-1.68329567969539,-0.283895916398558,-0.394812763905434,-0.235163973893841,-0.120244691044794,-0.331525944084621,-1.54027379800996,-0.455075511908989,0.938193556303692,0.571650760282813,-0.101609212634379,0.363928210745821,-0.170947474119312,-0.471523674341906,0.0589577209903834,-0.0791572820726572,30.3,"0"
285,-0.931805001457903,1.52773726003966,0.818889180953467,0.0569902150162154,-0.319929644170087,-1.05473646755652,0.358789744957514,0.35407266962061,-0.392589551415122,-0.432677089907912,-0.311277877412686,0.16612034436466,0.321497602044543,-0.210513992905578,0.85717693466675,0.479781685444804,0.159892511982786,-0.133632195778885,-0.127680212499146,0.143479693628748,-0.249969035646293,-0.713790731887195,0.0446335043025333,0.334422677305381,-0.0814127929621052,0.0782150652734625,0.231701026865282,0.0909196779401412,8.99,"0"
287,1.03007160431156,-0.29508847878138,-0.10992364428518,0.0715396509986017,-0.318253285057154,-0.912975894513205,0.431930060819309,-0.302890542889833,-0.0444332176466603,-0.229745063708241,-0.498113966829366,0.318527982512666,0.521522275937558,0.316361181531886,1.00095451431887,0.401468723930041,-0.457092943537801,-0.866847930516673,0.405462113239376,0.27936075574518,-0.458490415399507,-1.72668021603472,0.0874289187923545,-0.108541358725314,-0.0234114118938438,0.525920563651972,-0.120269108443994,0.0312052349352604,160,"0"
288,-0.59881954604639,0.0732535394372884,-0.113786119447978,-2.31518896518991,1.64438184155922,4.3895221624194,3.17420283833094,-1.03238985496865,0.673033403346971,0.892547877404809,0.38667255228961,-0.929109800000108,-0.215278528924076,-1.21370162305852,0.832917217367282,0.36129855063719,-1.77813409480893,-0.320266872664109,-0.00390198719973481,-0.104450451755608,-0.588539279133217,-0.49647260008731,-0.276571030585363,1.06960157686159,-0.629077672253277,0.401503224034049,-1.34657777206053,-1.22850711812646,380.95,"0"
288,1.09858448926493,-1.22249063470115,-0.319124613547036,-1.72338458566426,-0.416167765285035,0.635064700201237,-0.417852270490938,0.0604530439493746,0.0836455335393914,-0.249495435301449,0.213148667434714,1.60434348205206,1.6261544345215,-0.229101987015862,-0.160730081119322,-2.20200252988268,-0.0957168492677492,1.265874713476,0.570777464359133,-0.123442344728784,-0.511241837230775,-1.00611222293482,-0.227109560396264,-1.3350928406942,0.563137754617182,-0.605727898988742,0.0718811799751471,0.029738595681039,156.98,"0"
288,1.26806876340874,0.285831650396011,-0.147276025461222,1.04774172573764,0.672115439500528,0.656656255626285,0.138314672637385,-0.0107854481089644,0.158270869375423,-0.166168993765532,-1.53116732902866,0.871081072233206,1.62485130002622,-0.319368703673909,-0.157591231159468,-0.385908134968166,-0.331838626858768,-0.707136534042879,0.150423262781333,-0.0518277528224871,-0.177626950227441,-0.189526076786979,-0.251549306774214,-1.26623556955512,0.901898690410455,-0.230844608605717,0.0482707013695798,0.00476375879890557,6.54,"0"
289,-1.7821164916603,-0.32607924408457,2.28209228454167,-0.381814267571669,1.06129006005148,2.66635487078093,0.31142614223281,0.364125230781773,1.08038229048462,0.652494124839827,1.21828187771946,0.121397526346695,-0.952894279423386,-0.905587150054093,0.803764247126445,-0.971253016362369,0.209509727583818,-1.22533935709948,-0.726363602554326,0.179086759881238,-0.316547015648476,0.480398017148986,0.193990707946081,-1.86720819183471,0.145657700641536,0.491213314897229,0.248133116704665,-0.504044674732973,74.47,"0"
290,-0.695817814950708,0.581772528955849,2.37817954577937,0.0633959562524962,0.329118684252992,-0.449864544784381,1.26910390489031,-0.758362744547145,0.381712455967123,0.1170143102437,-0.611313802489067,-0.482482730146686,-0.778519615515756,-0.749911661528868,-0.170637258979772,-0.650813402136647,-0.19768757029699,-0.561825384034187,0.501290063259707,0.0670652132365892,-0.3279475547873,-0.36968260467414,-0.426986976965982,0.420169621710623,0.235207358277145,0.194956558531033,-0.708471173646603,-0.621218517466121,30.5,"0"
290,-5.16629893298859,-5.4493690565251,2.98849761909769,2.65899079018119,1.94815212531973,-0.854470186977013,-0.326394126486653,-1.0173641627835,1.98390085020321,1.05523496445906,-0.503509369206409,0.234324647029047,0.847507646079169,-2.38549090131182,0.326192571153964,-0.935838209183168,0.191502866478061,-0.227426328016022,2.86270605791208,-2.53894148648605,-1.29722090323075,1.1722776116748,3.15041349854235,0.57408130232352,1.01839447231331,0.987099032270561,0.658283366095109,-1.60971566416298,85,"0"
290,-0.487233806417431,0.505825332677801,0.880669884051522,0.972986394383984,0.823366603031479,0.287737595747975,0.725038781807074,0.0210404650813969,-0.268138120739458,-0.367036477217974,-2.16628722577817,-0.445540608025697,-0.0164378037250066,-0.0391780755736062,-0.0903000013643468,-0.384981861098362,-0.260995545126631,0.243463141277284,1.32932677508572,0.220836017423361,-0.052209453608605,-0.129566882709366,-0.177153235930501,-1.00411590952327,0.169316754855183,-0.234251736468837,0.129243784017059,0.139251491997244,67.36,"0"
290,1.35515717380309,-1.31893984136006,0.166357131472051,-1.57482234968115,-1.27926734282674,-0.182794489339055,-0.985599130604837,-0.0128549505835804,-1.98093163321874,1.55827620791651,0.483375578519128,-0.630430436226746,0.14893596141429,-0.0583294517690732,0.077656679982339,0.199514940708759,-0.0513880495307417,0.5958579858673,0.421528906285006,-0.138870123226828,-0.408999825835799,-1.09093908333466,0.0262992242903016,-0.573380669401509,0.152089888675258,-0.453983668522233,0.0113165021149017,0.0239637753229069,101,"0"
292,-0.401848585025764,1.01511141594469,1.30200996346757,-0.0422080298431859,0.0558057367635339,-0.683092650823599,0.561144191296759,0.106407736944423,-0.570879921327095,-0.325787048436954,1.3920989430087,0.32059416920488,-0.509960375824505,-0.12338679181771,0.254185485045803,0.60484151981296,-0.211674859695241,0.42537718416966,0.202856562150626,0.0985466314481312,-0.2159296329637,-0.623168479953529,-0.0138802830778171,0.262949764725205,-0.2073492058003,0.0563617608825258,0.237040907892129,0.0874556770861026,4.45,"0"
292,1.25218924681481,-0.126779100238363,0.28028513549035,0.579415530069675,-0.374124541261067,-0.215216606020618,-0.193078227262138,0.0110756673804339,0.770448145820932,-0.197201332409265,-1.57776443065093,-0.377882317029664,-0.989381800395616,0.0525916168449792,0.0553251791978785,0.118796031473447,-0.229318028248964,-0.336749758579031,0.572051216243511,-0.12225480319481,-0.36029591383568,-0.959572559237054,-0.0238373975597968,-0.462200767130463,0.38173237566723,0.340517502170815,-0.0349292308642983,0.00752488234752279,23.88,"0"
293,1.12331106455199,-0.170142077528089,0.898773080361793,1.57244548824479,-0.727420684941568,0.22664122573773,-0.522651385084538,0.28540675846094,1.17396543845891,-0.194914858893886,-1.19210081032446,-0.395355037116502,-2.21383434078297,0.00535115356897782,-0.485688847230033,-0.727260383946188,0.554140337557998,-0.645275881778904,-0.241630845378786,-0.334909443020402,-0.109955073022568,-0.0321971995477371,-0.0442573239003962,0.0423501364620287,0.547189708027633,-0.250555676021744,0.0607408327913708,0.0176998724649731,5,"0"
294,-1.09747696412833,1.24623595908096,0.464854601298342,-0.178196024885461,0.249498839755712,-0.725057558688016,1.19775977321208,-0.358584593369482,-0.153111964992736,0.383806838328703,-0.822650574332188,-0.0728478276134648,0.450498421873744,0.00162014414179264,0.581122293477957,-0.0185602098491146,-0.542761272391087,-0.238505687174197,0.195417865448928,0.0315871727659011,-0.0501482119571836,0.114627852016765,-0.188973746762754,-0.0667265649679921,-0.160963845865116,0.275263069802887,0.117646717746341,0.272015238109567,73,"0"
294,-0.745115694204064,0.446439707976385,1.7141539505154,-0.146626010625732,-0.244287322310845,-0.963058464692603,0.566536538116235,-0.0449978492615854,0.27447508720416,-0.686536086541312,-0.788683459068552,-0.213757343989112,-1.21517622258607,-0.0568786668053385,-0.700208095156942,-0.096156942990328,-0.0799096325702968,-0.625466425337904,-0.376119650711733,-0.220636155898883,-0.149226877522366,-0.440704451574363,0.0888596663975207,0.708176883875744,-0.570540257122953,0.0369921065509584,-0.0417324925157114,0.182178050485667,33.33,"0"
297,1.16845959651699,0.284168629066966,0.427984727675204,1.38202659683519,-0.0575863317239828,-0.157169909573132,0.1329887170746,-0.0707088189487655,0.141838111579163,-0.152931765742559,-0.36840940927533,1.05371629926662,0.854168196026856,-0.130719267429662,-0.2022826684607,-0.769572559931423,0.20723262865241,-1.09943288831306,-0.37387271616871,-0.130219175434775,-0.091412376939018,0.0251315621026187,-0.0724335949641637,0.121771490424777,0.697131467550592,-0.315948987066649,0.0466101596330695,0.017890834415019,6.86,"0"
297,1.17148793760833,0.111366523938922,0.358993727585876,0.210843612934186,-0.560816078029034,-1.40854243232246,0.354584489745602,-0.353311276332696,-0.118270104917135,-0.226567181029683,0.309148611728518,0.849664697035804,0.795538191950766,0.269098466953966,0.902375107858833,0.0730922617005436,-0.193528124955786,-1.16115782530185,0.121038184992974,0.0587190373459264,-0.454727401656032,-1.45183142159232,0.265728758734269,0.715639989084015,-0.0334765481747187,0.285188410647076,-0.080931335600604,0.0249250875375767,54.75,"0"
297,-1.14803754695633,0.36762617013643,2.76971676396413,-0.356561537824344,-0.268456048125319,0.323422698470597,-0.108717803385305,0.452755262494751,0.166990199280024,-0.752053288460085,1.03445312692166,0.563469257194713,-0.969780396998635,-0.203454488655467,-0.748644179819335,0.176891758716397,-0.250893329299568,-0.0782077676417951,-0.665423507614962,-0.165653988447847,0.063334067714207,0.16820957992535,-0.194521211610136,0.228655186372402,0.10774395260713,0.22233054021086,-0.109159520283398,0.0897665716689023,6.2,"0"
297,1.14561376267746,0.0041483782726617,0.772421614020574,0.916543293646222,-0.568699307116733,-0.281603075031338,-0.161752495846671,-0.0254803481875827,0.479307390069248,-0.290947239165931,-0.118965422211831,1.13589385251947,0.734979016015666,-0.329917496987975,-0.245924329903164,-0.764725068322101,0.427096955916091,-1.22950987500873,-0.301616208109861,-0.0981730137625936,-0.0462799782762061,0.174420155192079,-0.0148307800872784,0.481152771080225,0.460998322139562,0.417277218774251,0.00788251763085381,0.0148935630488622,12.31,"0"
298,1.21841703838567,0.0777923088885188,0.533943622185738,0.843849430241147,-0.536021561349194,-0.702280580555322,0.00665563167604599,-0.153410745927838,0.421584057685338,-0.204985940507796,-0.615400833090661,0.62096018011821,0.238575292832844,-0.122444261508979,-0.240002497652276,-0.294719416106693,0.0167602953056343,-0.746129180697193,0.214192944729668,-0.087688522994442,-0.224557948559465,-0.466722157613903,0.00366304138039115,0.438025580973191,0.460759606466171,0.267055846785908,-0.0219158612486985,0.0148117632532485,13.99,"0"
298,1.33141172776624,-0.715870868359091,-0.00599286409369023,-0.528407613193513,-0.880105463852488,-0.676409911764639,-0.461655957895329,-0.0432818414291388,-0.439032422145031,0.589483701464184,-0.635633933202456,-1.5455062896724,-2.15973850521526,0.261961107957904,0.257745516981722,0.335092389605237,1.02439580444196,-1.84506456012919,0.461944146019464,-0.0727101827329142,0.168776114412014,0.416170151665727,-0.131544599379798,0.0683753932379049,0.633619312611878,-0.0307373323427447,-0.0115747885596793,0.000254393639917808,36,"0"
300,0.00704253661877746,1.23950444542083,0.417049708498481,0.530003502730117,0.942324174092016,-0.559967830853038,1.50298129030318,-0.75156258816289,0.0127127031366575,1.61920784898308,1.23769581440245,0.446130820042407,0.156190261392928,-0.152586462359093,0.0764277142653942,-0.571060630323569,-0.860983641110493,0.329830689913481,0.744637432654022,0.557375287851282,-0.0467222551210281,0.720869895470336,-0.141872911363252,0.0197472283050976,-0.665861185842723,-0.489939810738742,0.157919475179754,-0.332123188546115,1.91,"0"
302,1.07378531625104,-0.170037328249167,0.790655939322141,1.12860451505138,-0.585960036478294,0.0708074915359263,-0.414937485597833,0.0579485616898594,0.503324119383307,-0.0369170941444557,-1.17760006797923,-0.0264883272471123,0.450775650894757,-0.0897964419516984,1.46399832740599,0.925483307626312,-1.01717950914765,0.606265450630536,-0.414612132358212,0.0866930781645411,0.100286632526696,0.147604016997458,-0.184878262724777,-0.460810918676667,0.423908824616377,-0.318167877897457,0.046110889448767,0.0468432744570581,90,"0"
302,-0.986171235822638,1.73293386683663,0.857586934440324,0.178949727232794,-0.794223167745776,-0.0884693410579554,-1.26679013211446,-4.9222239057151,0.0103086182483765,-0.00305946382853936,0.0716756983431027,0.947121029013481,0.474475359722678,0.362346801072261,0.797349837276344,0.238125188462062,0.0368231352966793,-0.606260978062316,-0.418371798001113,-0.991289201912111,4.33285775130407,-2.33139033948621,0.568103029117826,0.638795724218836,0.867788271751261,0.181051281156078,0.225638419316151,0.179026564400276,9.99,"0"
303,1.25425812093564,1.21837567372921,-2.14861470948065,1.15595747564582,1.81389240857858,-0.238358021145848,0.62388825640459,-0.0602653153413212,-0.739258245785992,-1.44811402191206,1.66248001897249,0.2728903936897,0.801457506438616,-3.39499407301388,0.633705385354323,1.29863246868676,2.19476729131113,1.72481022712965,-0.400217091884357,0.0424152372035846,-0.210083198295396,-0.463848557788544,-0.370852294966202,-1.64470712052905,0.962669578150792,-0.200548054539722,0.0557462409982941,0.0716535700254352,2.95,"0"
303,1.03113202174389,-0.168277305714471,0.77697896740946,1.07203301861972,-0.337392115370095,0.557438102073505,-0.445769856044941,0.15722623726598,0.394760056299401,-0.101373716756135,-0.838176642097242,0.426965658549465,1.12331436695229,-0.199244404286289,1.63995133707163,0.600513499562573,-0.778326251147034,0.0723501943474258,-0.777714121444473,0.0992928666920103,0.135881386626705,0.318726413126857,-0.16365274821084,-0.752860349043407,0.374489023488655,-0.290798878476773,0.0671205909137161,0.0449203292439474,90,"0"
304,1.04963938739163,0.0664370560156121,0.0592125797709592,0.285469338605954,0.635753534546445,1.47307365676671,-0.37699314996096,0.579044736539123,-0.182239904838543,-0.297006897520052,2.24748137729492,1.04790751209069,-0.137403399409543,0.0617529138657223,1.53616737561479,-0.481417414942443,0.841496877907865,-1.60682104194073,-1.33223139683227,-0.212006014520426,-0.141136810366492,-0.304711736845938,0.206104571816254,-1.39754696584082,-0.093121025564542,0.227115060161395,0.042339963058176,0.00197246644815605,1.98,"0"
305,0.439949564265165,-0.949842463341703,-0.112591827988822,2.57253596727793,0.149828998197281,1.54454197967471,0.213718459166058,0.278461147050956,-0.374166691277153,0.47800558453561,-0.327963636008177,0.387190472384342,-0.172660757796239,0.0920670862837595,-1.17309420343092,0.449888675137227,-0.580391720442591,0.0685164657258165,-0.300062427426695,0.594318625637719,0.136101477217925,-0.275473457641134,-0.554799509805364,-1.27806662444098,0.554427288942438,0.133134818163719,-0.0530532392281291,0.0580836823407608,379.63,"0"
307,-2.65828844483766,-3.01477627488288,2.27163593780045,-1.21820374574788,1.54654137474394,-1.68206356647817,-1.5249132705979,0.0884252218399833,-0.761265908666737,0.621252885947948,0.671972657149344,0.0446390986948081,0.0192311169708369,-0.295525278822094,0.135417494094801,-0.394039203579285,-0.980390215428639,1.97949029338391,-1.14740966821635,-0.0170648766353071,-0.212736022677619,-0.587618198825832,0.320803671289854,-0.0132269340369785,-0.233772149817833,0.742312502974664,-0.505255725453825,0.394052769739368,52.9,"0"
307,1.16920882495847,-0.032253822032531,1.01169700114988,1.353641323135,-0.876061895236087,-0.320566874315943,-0.443363657334974,0.0531430622134713,0.868260238901517,-0.154677516219539,-0.925866083253566,0.133228525631607,-0.560607538802192,-0.167477442365408,0.11551656111186,-0.0702084566702783,-0.156935851546568,0.067246593985156,-0.228934472204993,-0.173525499021488,0.0835298305113277,0.452189773382252,-0.134359352750535,0.407710026858673,0.633323987394389,-0.213843934941431,0.0562804068494354,0.0289972646378028,9.97,"0"
308,1.10387021387758,-0.379364955439257,0.699437058576575,0.174333313020335,-0.918020872336597,-0.418444610412684,-0.394105947247768,0.0615864760802412,0.43648742755103,-0.0844394743520179,1.11003566186983,0.807998816408173,-0.417074931462025,0.142484339094353,-0.181188756780838,0.352516918695879,-0.362178329135518,0.108860713467597,0.395958231610548,0.0209786436581509,0.00821964579181225,-0.0163499494495039,-0.0508211984358366,0.398893635835741,0.2022831771778,0.992403516044696,-0.0741689389368434,0.00668210707070892,60,"0"
309,1.23952614507919,0.602892210817546,-0.257987468646464,1.31958050321831,-0.0508045967839494,-1.2165278124532,0.235433914389055,-0.192577121473312,0.0561273178523648,-0.539113725322108,-0.117825080390849,-0.538678061219088,-0.936744767373211,-0.872396826969356,1.15878116848446,0.548128606833329,0.723127900046235,0.578881579248784,-0.574887985471455,-0.163519697184107,-0.0627415564294327,-0.15389505875931,-0.108973093859901,0.246564816550081,0.661411761999138,-0.324202307085213,0.025959731347448,0.0492538965851306,1,"0"
309,1.03138076172948,-0.0894440680587106,0.421362450934389,0.62087459530093,0.330241871781021,1.35198828832651,-0.287900709923664,0.412093580072174,0.313047407056012,-0.414255784142138,0.440656267739833,1.31351863679632,0.767262484553741,-0.12208516489981,0.783837863020468,-1.58734593435278,1.18423078818161,-2.76226608952941,-1.33886885715948,-0.184405762345471,-0.0980083288113571,0.0770844026781696,0.122697563713085,-0.898893584915526,0.166942752380862,0.393915678260465,0.0533200485896482,0.00139836486687631,14.6,"0"
310,-1.23635071773923,-0.687029326449969,2.09340721023743,0.601217071967528,0.782302931177954,-1.16711329466016,-0.675395476145571,0.232562755417781,0.5005310753381,-0.565374194742307,-1.05019170065743,0.0917484793050711,-0.198063133561123,-0.277611020561425,-0.0426390103714,0.357374923720832,-0.653671006211142,0.382050498479916,-0.975039278153086,0.129688377693634,0.378832119891352,0.841498783239578,0.150103308489993,0.391760103603821,-0.542331382878639,-0.53151711320783,0.186280373329752,0.230011959703033,7.8,"0"
310,-1.01328699662916,0.512380148221401,0.837259149525409,0.408468269981739,2.07853524414425,4.6926617230903,-0.294088412248878,0.898044188233546,0.919346554981177,0.321821402182548,-1.04992305058353,0.186009741260069,-0.421530266383873,-1.02874657440449,-1.32120125976266,-1.14056095290532,0.252886911885721,-0.218197255313748,2.05891341647441,0.207566369183217,-0.470714367042409,-0.879661024740198,-0.147591261779969,1.0031812911417,0.118078920398375,-0.460627055151817,-0.271699744384913,0.0124462117764752,22.09,"0"
310,-0.728857139958339,-0.0205421023337994,1.41502605310908,1.23390219800847,-0.240077156055621,0.482240459853749,1.31572957737628,-0.0109029586238899,-0.360987151005699,-0.131491329557139,1.06357480301776,0.0687387199791342,-1.63650436992377,0.330739968015804,-0.498455292023995,-0.937948109301366,0.296245912025065,-0.0518091788498575,0.620119644911005,0.439814038800097,0.154089097820739,0.339030790807412,0.372441679019482,0.172196567983432,-0.230871640376959,-0.363259875231834,-0.0671744474036173,-0.06683176459284,222.5,"0"
311,1.09034862846329,-0.270145647910676,1.23591064515368,0.702070766116321,-0.85622917107822,0.485168554255311,-0.804133733335463,0.359129904763669,0.673893646262023,-0.115228173967459,1.17892356914971,1.19203497759548,-0.102568516884961,-0.172839145140832,-0.244323224228205,0.0691965564090033,-0.144427638470995,-0.183645837360968,-0.109383535628239,-0.119165021212926,-0.0114018142328896,0.152460567160823,0.0460697956629078,0.0527073382249698,0.149042153219428,0.329247897315076,0.0288732791970268,0.0139539858344724,11.5,"0"
311,1.18223808718654,-0.147518459824738,1.24851832551611,0.862034219278053,-1.07672805984401,-0.299690185548421,-0.614840318281917,0.0645751263569322,0.907341201335719,-0.2445537725264,-0.705757309038719,0.523097925397041,0.199032720790255,-0.437901946850688,0.182824280017807,0.155471835981987,-0.183113545851287,-0.254955281495645,-0.0415024533344645,-0.0912730647190754,-0.0901943508465249,-0.0573455252335203,0.0301209758512899,0.438310381263271,0.259808055989549,0.315895535071723,0.0179620006119209,0.0276111653901398,8.58,"0"
312,-0.719402298508125,-0.124183759658819,1.97930888069542,0.503415340086078,-0.732324065175403,0.394882604177532,0.280295996362757,0.118478131472725,-1.44566593915162,0.267392185632339,-0.72590923023511,-0.114619105707166,0.570009353501206,-0.264338203135852,0.617933333407577,-2.11546318093899,0.488494551248997,1.05409097011324,-0.602146743398501,-0.0580019275381973,-0.17047969839747,-0.125549956302031,0.203485213868792,0.0414844465660757,-0.0266626811790498,-0.232425278632115,0.134531296511892,0.133483790910878,140.6,"0"
312,0.230981061551682,-2.00048295034302,0.555154797649033,0.600645901824975,-1.55102364629382,0.242332933360901,-0.133182960722367,0.105984107070845,1.24854551820114,-0.701849424000435,-0.682574281865427,0.316230837916326,-0.644833787459126,-0.280816964678511,0.0853428064811503,-0.316656034559433,0.476682548407653,-0.904761025211108,-0.0430261891890318,0.834179228115651,0.0796692142390505,-0.610378421067167,-0.309128501878724,0.167024295572473,-0.137728124260367,0.922421303473504,-0.113353367664372,0.0939693265364713,493.44,"0"
312,-0.987858066699713,0.475771322881122,1.67262163250003,1.17804440736239,0.730281776125772,-0.403391397105905,0.30801382534069,0.254682318600929,-1.04560593089702,0.155400732524348,1.7937248129199,0.702015057159662,-0.319470482592301,0.685309695273096,0.877367282921209,-0.447055741639482,0.0964616475065766,-0.395179064808335,0.795531561476017,0.392655542397244,-0.319191924622139,-1.13212755434333,0.233566095438557,0.140308781628626,0.0728125015280583,-0.637664641313229,0.23187712863166,0.0627190541945503,33.26,"0"
313,-0.907420423962009,1.10391183716414,1.2884892266535,1.2436118482978,-0.0680316048408579,0.21404012839384,0.32400011968304,0.436037213186944,-0.43740889051342,0.179317989830715,1.12228155764421,0.702855841339251,-0.757837177906632,0.398639586618295,-0.435503484338919,-1.02609510412569,0.538793314811572,-0.183179502176878,0.949006459134722,0.0282508067267462,0.0225195497068014,0.399523453715097,-0.0490805424857511,0.220258114015002,-0.162924386898815,-0.286993559363902,0.0150710723389773,-0.104667534476582,15.08,"0"
313,-1.03835622793209,0.756121842358947,0.719941776227009,0.988401807344711,-0.237289725013142,-0.378861992097998,0.413667984251441,0.436786746084869,-0.4481784910122,-0.346581607896143,-0.786498012686011,-0.999026788986425,-1.96801526773852,1.04990167216501,1.48907579333964,-0.372646823742577,0.350349837603427,-0.035845283908085,0.110459559053236,-0.344187258233429,0.18954965330953,0.477872318875632,0.298491950666821,0.0293679056113061,-0.300419940401496,-0.294100311014774,-0.00990463864295141,0.0388605588292677,68,"0"
315,-0.404141785637214,0.502743590377351,1.05714828992371,0.741630350574078,0.53762377200369,-0.00337652173209873,0.458033547627682,0.219620662956367,0.171713985324794,-0.420935346289937,-1.60579549990808,-1.15966471356388,-2.44594780873938,0.435638161468669,-0.107440222929171,-0.598541570534001,0.203566580433309,-0.331005206521888,-0.0224803031296979,-0.232749741379781,-0.00155457726773738,0.0493399894021664,-0.0763644542262396,-0.488020812590902,-0.394883985102515,-0.415454200699447,0.182785769757246,0.169169042594865,11.46,"0"
315,-1.01469283299801,0.444917670155413,2.2590053598885,0.336945911543181,-0.492325914565294,-0.649977396895442,0.542460113706568,-0.20179813499095,0.491987439412608,0.0132390934631742,-0.171666745153167,0.717765848073391,0.855574354875775,-0.890737502891475,-0.241276330809314,-0.435455423016922,-0.0836710102997707,-0.326211529179002,-0.143873830459316,0.399388446225325,0.0907613002122838,0.829357951681959,-0.105668559125256,1.00576349786868,-0.0986943087654587,0.396781208534531,0.307894489360306,0.0987455098245491,69.99,"0"
317,1.38414601417405,-0.729477253805955,0.562339130497456,-0.901506242241749,-0.831961311809357,0.299019918633157,-1.08690069628225,0.111688087354119,-0.391829835334108,0.55110889281995,-0.900444216297302,-0.671544159976529,0.833700896283912,-0.549967206789035,1.39685604784006,1.45219270503796,-0.0381986319600633,-1.03104840979875,0.224376278679089,0.129870385966961,0.354588639412096,1.0200453887129,-0.204474450285917,-0.843691934973883,0.492947131547163,0.0386077512427016,0.0537175794319488,0.0147736729526641,19.99,"0"
317,-0.37848943001567,0.532042624360092,1.49835211934989,-1.45115906447912,0.245405305553542,-0.648925483022111,0.849374844343139,-0.159858943499339,-0.194441751785794,-0.48410266956809,0.810990328489424,-0.157169404606017,-1.17698603514653,0.277482370947306,-0.152823219751749,0.720353629372959,-1.02928337220977,0.293594894079345,-0.194586732324959,-0.0883471166729799,-0.0368245492821292,-0.0838547279222899,-0.184519246531223,0.0326447439068546,-0.396424445642652,0.722854319623875,-0.165667436987711,-0.124330786774856,7.69,"0"
318,1.49120502120525,-0.246291572462947,-0.386057979405869,-0.78063785071849,-0.340415627206086,-1.11070098926344,-0.00404778914645039,-0.410925506531281,-1.20318892479054,0.672477711823004,-0.577987712105562,-0.481010189368825,0.768684988283957,-0.0278316592522147,0.396406497079257,0.844657160259307,0.194668809902907,-1.50907581573232,0.820245129625546,0.109400858778215,0.161920145276299,0.441320557196703,-0.229694573363075,-0.0567763490067715,0.879712321854978,-0.055351508160503,-0.0250839727304621,-0.00258361825654719,10,"0"
322,1.20200718203557,0.108213476993625,0.591724235036793,0.56607855509496,-0.641573115917568,-0.816974062157883,-0.127402592868624,0.00437548882078921,-0.0261478207409707,0.142130857017838,1.43754038432091,0.414104282389602,-1.14281617932648,0.71431889971225,0.463185991290822,0.502347844116021,-0.52303351682781,0.0504458379834462,0.102606242009302,-0.174502714842987,-0.207683231155045,-0.70384360293423,0.165350246948716,0.493735717132205,0.114822058676737,0.0689473810315034,-0.0413497106055727,0.00804078519939723,1.79,"0"
322,1.18709001147505,0.00897979560633593,1.09449131156146,1.22103423960961,-0.676504310843972,0.0954726445769815,-0.517634028754926,0.0781687934198244,0.811484381029963,-0.223390860401407,-1.10625504927165,0.720445311169765,0.875853067554617,-0.539473636020609,0.131132634553438,0.187283279635201,-0.471786352173001,0.0066922241678504,-0.0292665468586621,-0.0687621309146041,-0.0859879942767183,-0.00244719301496287,-0.0760435201621499,-0.0962043255616036,0.506423284405987,-0.380323132489191,0.0767335111825634,0.0348895691565997,9.99,"0"
322,1.06613434246004,0.0376989739526047,0.169035053704406,0.991432284100392,-0.354436923607419,-0.143978323429933,-0.293180638102153,0.220899899527428,0.450282006945592,-0.631072895819325,1.56347520682523,0.547983819234348,-1.24027754528553,-1.13824770254962,-0.594424875704272,-0.00601817734312966,1.29082962513518,0.132375816928385,-0.162404696688851,-0.125756101259366,-0.0879291385778183,-0.0975299380934667,-0.057187898545809,0.138768443813581,0.37947758224322,0.4123821837715,0.00504142136642229,0.0325016967304283,29.56,"0"
323,-0.704133362459909,0.341397055816134,1.74002686541749,-1.6615949626237,0.872313095232315,-0.00731080370885506,0.923083312501139,-0.575938518490881,0.447696787671746,0.264464750676648,0.302329167464782,-0.589641283687494,-0.979095993957402,-0.414870004819358,0.227650953197543,0.863538643879817,-1.56095511074774,0.570081620930065,0.262596839961993,0.0183887130400272,-0.20698411502907,-0.321045183919214,-0.334626465880601,-0.813176252104139,-0.265089436875643,0.689043159902833,-0.904112856558513,-0.579831489110412,0.77,"0"
323,-0.850730608839579,0.695702821771029,2.07183756898707,0.928201003743203,-0.032107928118921,0.648932279448657,0.150909121965064,0.440485982268806,-0.564488518654209,0.0577015713983074,0.976696627346584,-0.109204861408156,-0.923903848924997,0.458685781696212,1.32465223522914,0.00479460948938047,-0.235066834172857,0.783136839367673,0.58964722501798,0.301435683964869,0.211627697642656,0.591595715693722,-0.210961540290095,-0.341889009211555,0.28191249625725,-0.0673530287782257,0.339467271074765,0.138091449579031,52,"0"
324,-0.622317102403973,0.656825677584477,1.09422463218386,0.0546647824277758,0.746404693986634,-0.97384824537168,0.386709950271848,-0.00987572973903167,-0.351713523043473,-0.472723761569304,-0.660362016558146,-0.107074265625902,0.437839197040842,-0.483415166520071,0.927097749778604,0.517585717343963,-0.190001633602147,0.0231404144412063,0.114294977189886,0.261014047031574,-0.259936620920465,-0.798558466848503,8.56837750822514e-05,-0.199902487377248,-0.0624070854933678,0.104703243537833,0.230466906855491,0.102420981043152,0.89,"0"
325,1.40918592371798,-0.383685926174193,0.256251855485528,-0.703150205050081,-0.763573514302392,-0.732256560608925,-0.350658300026432,-0.285737733966913,-1.03210294424579,0.629431438640644,-0.668417745274006,0.479063947868674,1.89029174471291,-0.237055077906684,0.845158255095909,-1.10066549920707,-0.33868152298424,0.838398514064069,-0.585140546869921,-0.343626432660788,-0.498190423406299,-0.918542231122671,0.0555484098054078,-0.0673392772018631,0.208494750833518,0.929543065841193,-0.0477509925700727,0.0109052883675279,17.24,"0"
327,1.1626866219921,0.269139448314197,0.16325807405854,0.943087700234206,-0.00322538265496671,-0.421821789804265,0.213395377390994,-0.125541511344383,-0.396782854177078,0.142439936881464,1.16854008071503,1.256287953972,0.889922325580881,0.391563533475386,0.146892022594429,0.302236362374276,-0.847188564235984,0.344972249806213,0.0258342055749182,0.00216212304052303,0.0877448256874074,0.236577241107112,-0.191414759283185,0.0423382571361313,0.720314893119262,-0.332043296487459,0.00935574606978353,0.0144566990563305,36.71,"0"
328,-4.2364194365614,-4.45978420817933,1.38181330753237,1.117079983866,6.04448632417373,-3.49844717455499,-2.74089249524011,0.372155021989722,-0.214338183400329,-0.242299844238643,-1.68184422142821,0.605227561748964,1.70299548484522,0.0754578904558116,0.565157459769119,0.515252808861653,-1.18463076442973,0.38155908706706,-0.280158912665367,1.39409341078279,0.397071817427759,-0.432517322445141,0.612506739185081,-1.01636197197221,0.630372560196861,-0.498140915033867,-0.0947744893726817,0.208038267368797,2.5,"0"
330,-0.386633363130421,0.953378782728361,1.85172644064533,1.62310811249238,-0.603151408083904,0.204916279630716,0.43889402477066,-0.313316648968181,0.359460760857043,0.585054530668173,-0.45342219333772,0.748281158666206,1.51116887616397,-0.925787590909685,0.644372174203715,-0.975487960511769,0.187552102200059,0.119377921919918,1.45639857218978,0.298617625349109,0.14143155924388,0.996964128574214,-0.205807546684482,0.481312105748081,-0.224335019234801,-0.105636238588114,-0.104202409304433,-0.0707262291796677,55.76,"0"
172712,1.75950730948373,-0.647424742934871,-3.18381388977211,-0.559468271688567,2.41067879438234,3.26145943335485,-0.361968511250166,0.799245799609403,0.865894403593056,-0.877235210082019,0.27090592989055,0.296177791979682,-0.347624151992152,-1.2065410870406,0.310845595320411,-0.0752351760274561,1.0025417352802,-0.0768099924113831,-0.0413379609191641,0.149304930729046,-0.171485410161501,-0.640609517583243,0.113572963576728,0.590864452062057,-0.0764262317810785,-0.081298578180495,-0.0121063205802303,-0.00558085509602005,138.18,"0"
172712,-0.364672835753002,1.36910255410613,-0.728574888028582,0.942155742469181,0.69069549792295,-0.142100516563752,0.27919290640691,0.304227893982584,-0.563469915752753,-0.641530787352703,-1.26530754649001,-1.26494776912967,-0.846889475424109,-0.272672630768653,2.3819063305534,-0.474341510379108,1.41256448357823,1.5066192064183,2.62118562702512,0.115919443184599,0.263262719932899,0.700804748119467,-0.428006860117298,-0.0332790958810722,0.0458949956621,0.345064208956939,-0.0533663137459344,0.0895644670255262,10.56,"0"
172715,1.61570736971102,-0.8986087439362,-0.562271977913849,1.26058251305107,-0.684711262570792,0.234818920809,-0.643285913200766,0.329930741435297,1.06429784894168,0.394147657590815,0.319164074990713,-0.657936359058481,-2.91062317852832,0.819779353941393,0.511678969479228,0.777601424283108,-0.823437299875643,1.17608600005609,-0.571677278434981,-0.0938192149759909,0.336993187098628,0.565339104055794,0.0717097037226032,0.613982160727548,-0.276258357455235,-0.618262756628609,0.0028648676485806,-0.0127951152062019,160,"0"
172716,-3.24050461218581,-2.79934472696377,1.7497765024829,0.332355312822636,1.53518019234701,-0.574599042453315,-2.13112755508186,1.03449868077077,0.110721529419192,-0.765408988901181,-0.341543282940037,0.656895646572436,0.744721153437436,0.0677013203829228,0.621832401910656,1.05174572669895,-0.800426508094729,1.54128363314086,1.0242978792544,1.06641088457386,0.553837586656841,0.351755224138678,-0.380236458049633,-0.941867930247755,0.232699455485985,0.901126076456907,-0.0305796250431262,-0.501609461025466,52,"0"
172717,-2.96924964965578,3.21685095685852,-2.87300188601668,-0.628840070910376,-1.00936619651941,-1.23940561145037,-0.868517152444142,2.09513919808194,0.298902654600853,-0.101014914274412,-1.29881177712684,0.603823536668096,0.0221753793477118,0.204752548239907,-0.30718542712875,0.827427512821443,1.18777216002512,-0.103099733133986,-0.452568210760557,0.216236526446913,-0.3143853786289,-1.05090265582021,0.387902063508009,0.598871193376502,-0.0203161507400669,0.146919031253532,0.232855822988597,0.122175569597482,9.99,"0"
172719,1.96571797290376,0.164799187146569,-1.79435628952162,1.18133110729184,0.476115519199541,-1.16264190439949,0.662956298727322,-0.3101349925125,-0.241672525178671,0.560021391886527,0.865398178741713,0.270856106053958,-1.40469617285042,1.26051675787933,-0.345654645160775,-0.241557999416314,-0.53323061337234,0.106031561094377,-0.197970339411608,-0.312053539068955,0.185295611140686,0.509576108791265,-0.0157172369170758,-0.0134256012769626,0.368181910930608,-0.502522038527132,-0.0448404625778973,-0.0716212906585809,28.56,"0"
172720,2.03772756159482,-0.0728371852768925,-1.07190666663734,0.413985547711796,-0.105254207029461,-1.12207507950667,0.192576100965137,-0.320987300653037,0.513173724066678,0.0559732862742696,-0.661400415221763,0.549756388055524,0.232378562403976,0.248952474087998,0.0696828139855521,-0.170715607865597,-0.241205191277837,-0.97783961923011,0.0704626544414626,-0.203048468919426,-0.276455730167668,-0.665801464277109,0.33766632442421,-0.00812389238859189,-0.310677676122864,0.199615350099355,-0.0679914003461567,-0.0587028632035731,9.99,"0"
172721,-0.947373168636689,-0.059860928951195,1.53760460486816,0.117117832734227,-0.315439916623853,0.505594543970768,0.342234048167807,0.244828598474541,-1.55772044183341,0.613320378503965,0.031952912136707,-0.341449026907201,-0.500255964052295,0.216078267784327,0.00388887216886019,-1.53702430901394,-0.208282939962656,2.28166000702752,0.194543852164033,0.0863853026853419,-0.239290182965072,-0.36710966053648,-0.0348977253518939,-0.561549750715067,0.591367460669987,-0.340983391648146,0.310726920473489,0.140939707980639,138,"0"
172721,1.07617508155023,-3.11635274152293,-2.05143891796388,-0.953188900984897,-1.5448380494864,-1.12464465810645,0.385570486726475,-0.698014209749555,-1.82940091513127,1.26914864291132,-0.702986938105007,-0.0305756766711495,1.73992674526179,-0.262264878219026,-0.561099083173557,-0.902514158246402,0.616007153935122,-0.550742910118086,-0.156751040788845,0.946833518499339,0.104852771804276,-0.598242659220116,-0.343163792727297,0.0882992018366977,-0.267657600720631,-0.31365149089097,-0.132090609882149,0.0560289943373439,664.6,"0"
172726,-1.3530257391991,0.289945337376606,0.173683515537344,-3.78044190641431,-1.17301645305878,-0.159307027153953,3.00943327769701,-1.54490215576878,1.42278759704712,-2.51210289492602,-0.528870668415337,-0.0592810427532906,-1.52896163418836,0.184936595077762,0.0593346594043461,-0.975440280316488,-0.249329566859828,-0.488987481365537,-0.0373738605836568,-0.639385880295794,0.415420732261964,-0.701798978091473,-0.144662779627597,1.05670872920775,1.07438088528385,-1.12944676487914,0.0337806480849442,-0.325899132066828,405.09,"0"
172726,-0.484304341895291,0.0356726728416045,-0.151704491014491,-2.21986721563597,-0.664751559041023,0.790599300946429,-0.794189945651856,-1.70239128824908,-2.01842605348458,1.81049910272546,0.228083044002642,-0.306278427843409,0.895625667874247,-0.439778556488078,-0.725171177734117,-0.802003280353535,0.48158146026055,0.7926514748845,1.15254037941245,-0.70563233755646,1.6315647680876,0.317559132032624,0.163273915894851,0.227622130361041,-1.01177256500279,-0.0949123829728653,0.0192512318711838,0.233020289521049,68,"0"
172727,-1.66116904080266,-0.565424977243942,0.294268387848713,-1.54915591863962,-2.30135882298989,2.36595630675887,-0.248880754460182,-0.857361287992892,0.137784234214204,-0.514510436027602,-1.03537497127225,-0.968980821154994,-1.66449343762346,-0.370165366995678,-0.280620801739163,0.37175035629915,1.60634172750575,-2.68581869252613,-0.44798319570464,-1.13992618850808,1.43239719509357,-0.257827667486486,-0.0724709221978223,-1.0358040097597,-0.437888960838525,-0.238543437758532,0.365302221982638,-0.44862075972801,381.05,"0"
172728,1.96614497374435,-1.0797528888598,-0.806215532281303,-0.283405627607967,-1.04319859222307,-0.792331111483037,-0.531722711964711,-0.238293234322721,-0.154274242173489,0.808411367609813,-1.19858110782438,-0.0163659139708925,0.382483643463635,-0.0967215410363667,0.19225180277298,-1.29499910488498,-0.19958374967073,1.02434810679648,-0.817361448746615,-0.40789720787966,-0.331797378084486,-0.539878621059704,0.211647926580671,-0.109720786785009,-0.415148874719517,0.537047607583069,-0.0480145864658222,-0.0356090754277029,103.5,"0"
172731,2.01398681422192,0.573802091775568,-2.6937305021612,1.26562111491061,1.34439079578115,-1.11265046284353,1.03913350749408,-0.536639017253817,-0.417948772092514,-0.173834268912729,-0.503241455597533,0.368003236623371,1.00161861291579,-0.631269478687365,0.200112318675216,-0.022028339007051,0.340908530760904,0.134155507598683,-0.463354599136553,-0.0481699985527966,0.119824098337578,0.399983755041953,-0.138401771336499,0.411077818738411,0.646334142362684,-0.440678800770929,-0.0293081499014283,-0.0254098646993512,49.9,"0"
172731,-1.1177994969546,1.90012779569532,1.82276126528907,4.24391911334504,0.0439858402478767,0.761828009456485,0.297293124870887,-0.111319289362326,-0.769843538264292,2.91175012865387,-0.888294943829875,-0.319556114821845,1.22780776657316,-0.829885049997153,0.875202089100517,-0.0941469659273996,-0.191498158514244,0.414494893403741,0.819752241506581,0.723375060510106,0.16881764308372,1.18892289017004,-0.154409659750633,0.0842836956594632,-0.282896703960171,0.512801526483545,0.354904563669884,0.273686152028123,12.85,"0"
172733,2.03345446680243,-0.106631783632935,-0.907253213736505,0.524309030540457,-0.435380300071399,-1.47876769172936,0.126772034414371,-0.306665575835439,0.659746581528124,0.101576828450704,-0.529521715098539,0.0613536711734898,-0.980948892362381,0.493773680354631,0.115603482834037,-0.182750756519339,-0.0792921019016289,-0.888266419302072,-0.0060109636864122,-0.301927202895963,-0.27319099303777,-0.700521834535294,0.404712619969843,0.433135266943852,-0.38722512749634,0.173122677461059,-0.0763758018332668,-0.0578856311652254,0.99,"0"
172733,-0.846934266149644,0.0454591740413348,2.16062008861814,-1.9358116231258,-1.86441607622356,-0.939825152726459,-0.972628648240387,0.600049324203436,-0.266025639054203,-0.321648313327342,-0.55573269638797,-0.565739212085217,-0.232107599762872,-0.591076700226708,-0.183203743274913,1.70510157981357,0.123274711142854,-0.797619389100497,-0.842032083635102,-0.000468690428874933,0.561531600234051,1.55639274116863,-0.0219181442115931,0.947181642874573,-0.506349766803365,-0.254707997411064,0.304011099535154,0.166450782703756,11.99,"0"
172733,-1.65570616732368,0.0031137271582807,-1.03324949177744,-0.869444794575263,3.34341086988237,3.32760814168877,-0.0456784953765108,1.13950282473823,-0.272901640410438,-1.37554190417378,0.184610739357702,-0.172117798216057,-0.368366870625827,-1.1713616599895,0.755988443247494,-0.502738922391391,1.47150024078686,0.228348565321214,1.1740978033984,0.183489412639851,-0.235610080645981,-0.633347387723749,-0.0382259844208417,0.602366313108176,0.690721805410681,0.206903809127761,-0.306674943949853,-0.248685991955758,40.78,"0"
172734,-1.24884697495698,2.27947804425446,-1.14482395660485,-0.263060540594462,0.0709120139607818,-0.323414277190524,-1.4541385898784,-5.06937920291648,-0.827733208597402,-2.51880166767222,-0.743765748910738,1.15701299616086,0.442444533832688,-0.0783409830030957,-0.461857018398395,0.477430087406587,0.923329273013638,0.0125431412776255,-0.54428735071366,1.03209127820849,-2.70448850108795,0.261945069309462,0.490272105533521,-0.112758024760851,-0.453182827600578,-0.694932909104036,-0.106692714325172,0.082713882999237,9.99,"0"
172734,2.11292937029245,0.173573382342074,-2.18804796498066,0.301350148778026,0.700011897104347,-0.860260044915827,0.238275117432833,-0.296057471372629,0.681069697001566,-0.51822985467696,-1.23282668528704,-0.366811810227324,0.0111202410266095,-0.856860024265124,1.05044790170336,0.49096535427833,0.161123239658462,0.818596037357478,-0.125074865961752,-0.177171668895869,0.127662732805942,0.541290366683337,-0.146848505942983,-1.13995180564538,0.371176176174882,-0.0331987670363635,-0.00117849668637046,-0.0396175017761288,7.8,"0"
172734,2.03874165378148,0.0524384424543212,-1.82129065971225,0.241283493575071,0.580418507459422,-0.392388455693651,0.0630430901399548,-0.053267793220784,0.304699677689634,-0.202359759110418,0.808873943627152,0.558926116726071,-0.30377409597909,-0.596957891370492,-0.4357678975448,0.615881601520136,0.134596482922535,0.327007079537708,0.453905191021955,-0.142130432448434,-0.331870146675375,-0.918065146930338,0.288449942610257,0.176938189423581,-0.262765127224954,0.172901857132353,-0.0704687541442366,-0.0430950925468295,8.99,"0"
172734,1.76315714219774,-0.10397991097768,0.199911133681711,3.94893314374215,-0.642361440391199,0.257214936615292,-0.679898144394589,0.291004160923855,0.187647613396942,1.42953251178792,-1.85414114267536,-1.75608674372439,-2.89854297454409,0.340133911262239,-0.204042230716294,1.28159808356591,-0.686266852522054,0.322132297271295,-1.80908733428086,-0.385254585956486,0.172698118952691,0.3721822084913,0.189281122998688,-0.115978896876359,-0.370147358286185,0.0366381099071067,-0.00857774632045791,-0.0297076326092077,52.34,"0"
172735,-0.899558594394231,-0.0477435512068946,0.717555134841685,-3.26281570066745,-0.384414529057735,-0.164528606766965,-0.227183589055482,0.272725877923214,-1.83574517367652,0.75810444135913,-2.19834208697699,-2.4164777020483,-1.46117031283023,-0.184070590110324,-0.512028286713125,-0.128983848150173,0.198559489440634,0.418220621625622,-0.417139013028619,-0.3626609211327,-0.289810100562019,-0.464730538390687,-0.434248388753504,0.00977604674573992,0.80306624293443,-0.129513124225195,-0.176856056515719,-0.190917312789776,10,"0"
172735,-1.70947825326209,2.06518925173997,-0.65505514467505,-0.961337586529272,-0.209548067134694,-1.00324338577108,0.503628695882592,0.431431417510024,0.695692533295025,1.38590560037798,0.810280360334587,0.962692419876439,-0.232481973211589,0.24735399400517,-1.03451464958155,0.0858588223647648,-0.500368612724828,-0.317239948710703,-0.0137458552331647,0.606405001212272,-0.347219788194742,-0.601462692164911,0.195967369864905,0.040851245092575,-0.203402479893571,0.145430490305232,0.742063914400949,0.415194545344803,9.42,"0"
172738,1.63417757161878,-0.486938837730626,-1.97596707370747,0.495363620480254,0.263634950284469,-0.713048872805481,0.459925327975755,-0.336878841235022,0.74367638170692,-0.990123506849344,-0.32100076253903,1.1318257817697,1.61259466029199,-1.75412921277802,-0.236947630193946,-0.0118479955728646,0.924177677428394,-0.0774337825640044,0.102177030718239,0.384052869140888,-0.113197220495685,-0.493593660841444,0.00199312720959127,0.602533384425031,-0.0499364166570635,-0.145522404017653,-0.0405536866785061,0.0248838854851932,220.28,"0"
172741,-0.214876255991152,0.792577699603992,-0.265194674799059,-0.436176845005914,1.23013410698624,0.368943791185279,0.741544088651861,0.263875216061609,0.161761973781559,-1.11646673523916,-0.218153350033337,0.0544306727187837,-0.441815955718777,-1.21646321160915,-0.142425775503422,-1.07481342994923,1.71784620748542,-1.32916245135604,-1.42453896138908,-0.105482847151851,0.17793627791691,0.980729335774533,-0.200828298025114,-0.986811153422627,-0.166342027007977,0.775458238780036,0.321541751049505,0.114959132423749,7.88,"0"
172741,2.03203063589209,0.231108208467949,-1.47266992021531,0.519948679631575,0.282146580088398,-1.06483181597564,0.243430547562142,-0.295195689018282,0.318850454714682,-0.414133845081508,0.0925282231774307,0.821848200315384,0.889057448688734,-0.991035957939826,0.114800169255264,0.0668881813470689,0.661707111732399,-0.674677152902159,-0.216116286089098,-0.120830011344117,-0.315147761891401,-0.752281460181341,0.398598012098571,1.01766409794509,-0.309606847478302,0.142320629674741,-0.052771653012441,-0.0239822823060113,1.29,"0"
172742,2.0507343376702,-0.364009836098765,-2.54284268573131,-0.729357245980242,2.38845513580892,3.318014826674,-0.479137991434965,0.791558699015965,0.403373925785878,0.0932322962383584,0.00439063666797763,0.390166351524176,-0.212555237880757,0.495543631087541,0.472633049946723,-0.171594983536925,-0.368260801549244,-0.9765716778526,0.0228694906165437,-0.154977952804284,-0.293362990419633,-0.834801882577702,0.3817404029926,0.698179490919462,-0.264798455762679,0.219274980948542,-0.0521311602761514,-0.0669400159437571,0.89,"0"
172742,1.86100358859082,-0.923887558660206,0.897935786921182,0.827005465030605,-1.56326026108928,0.453647460433825,-1.42614185007516,0.234320796680391,2.33297869116103,-0.400674751334646,-1.46233635476193,1.70029177313064,1.63817904657019,-1.67081257932496,-1.68953074336263,-0.233921086882005,0.0165277844902277,-0.315065042856564,0.21366865404749,-0.0758280609163705,0.0996942842524325,0.912326069352329,0.144014135684766,0.18798788770671,-0.342061277372788,0.729598228322496,0.050466991113757,-0.0297601750250073,25,"0"
172743,1.46573688068714,-0.618046576161936,-2.85139086554681,1.42528200595779,0.893893007066667,-0.958325354726373,1.50807441292792,-0.625691382781882,-0.369823954341202,0.21829981458881,-0.926920899379071,0.218557257469664,0.101359754514402,0.916400336212964,-0.231472321207477,-0.825682309851587,-0.234818673990526,-0.446089237536653,-0.409630696264707,0.418580573626139,0.500426091464423,0.870491259966189,-0.495409994090546,0.676929397484454,0.787687586837247,-0.254917931922923,-0.117199620581677,-0.0147369314912116,337.54,"0"
172743,1.96305409689693,-1.90061319397932,-0.846257670760953,-1.55994274764036,-1.39165440183789,-0.0507665390559067,-1.21319681785923,-0.00360995019508149,-1.35717137571901,1.63609618224566,0.771188467577905,0.0332182001846431,0.626217980568301,-0.367094516084925,-0.689753360246113,-0.276890428157843,0.226609948709728,0.442811241024149,-0.0472453113386691,-0.104238283599928,-0.00268793691964739,0.150238038588241,0.167155239936455,0.696632280981467,-0.357754984159954,-0.242082930449606,-0.00398362489975077,-0.0228819196293253,156,"0"
172744,-0.954967381513513,1.11435887352895,1.78043442573073,-0.361532203707225,-0.407569732357292,-0.406412774645942,0.210386521243825,0.429850685054485,-0.173492963554973,-1.26936856782736,-0.960159891913216,0.459339735316926,0.586295344436554,0.101810231493948,0.578975102407824,0.0467779241712858,-0.214282638456906,-0.00444920304673082,0.429980354068437,-0.0869664379159217,-0.127047611772836,-0.424786736857099,-0.204041106814116,0.0254863068486293,0.345073834146898,-0.418458463749165,-0.046577258022924,0.014827018333042,9.99,"0"
172745,1.81890710813013,-0.299814116424993,-0.252033147855307,1.51944879047978,-0.447282102925681,-0.00920426465525333,-0.322293440485087,0.134431897487804,0.939267132354466,0.143594047595114,0.48326069903657,1.3621361315374,-0.514959316707115,-0.0123317227712531,-1.8499003354871,-0.300142155443833,-0.198889912252034,-0.475125603086118,0.389513736988575,-0.245486931045512,-0.445670546912203,-1.08908469770598,0.419367040972449,-0.0710004221385586,-0.393280853725597,-1.12729158848098,0.0472992003538321,-0.0353216818525774,37.36,"0"
172745,-1.7576426055939,-0.982659302684673,1.09154020099497,-1.40953947035688,-0.662158564936964,0.0469301633088711,0.173240840824779,0.364812186244812,1.14338121861936,-1.26336503360577,-0.0940243253758449,0.472199219287311,-1.14690290757764,-0.139599101586956,-1.21871489369834,0.142176587757921,-0.318127099260696,0.328438020740288,1.01645945243649,-0.165716045123915,-0.191470573202874,-0.432979257581331,-0.292548687650058,-0.281493693768954,-0.484348673376288,0.366751276350458,-0.102627569521206,-0.458915345202091,200,"0"
172745,1.91137703481047,1.2208963246284,-1.66512725056412,4.14879803337709,1.02944172053093,-0.727609902668321,0.500744822922267,-0.198614066816997,-1.1405646493707,0.295648527358599,-0.397161365503459,-0.481370681018334,0.260046500482566,-2.5911137763533,-0.639051937859061,1.68802066907712,1.33958809672577,0.388179010707818,-1.69043335833806,-0.185466002023232,-0.429115687294553,-1.18419758734969,0.288660568754627,-0.418322696343934,-0.222728613046013,-0.335829686660729,-0.00115788590165886,0.0175559411035984,6.75,"0"
172748,0.0889145010542225,0.886409670233919,-0.539445457053798,-0.721334811984552,1.14603542630401,-0.355184541843926,0.802725063233065,0.0879564363832026,-0.212140377590639,-0.648146559567117,0.615984180332251,0.221820471470667,-0.458748599876585,-0.750894146282989,-0.863100713283127,0.650815963851209,0.0133919520995324,0.451160039192468,0.196874897225355,0.0296792200107548,-0.31316635946138,-0.826998424937129,0.0580486892949448,0.164193422006934,-0.416140369584426,0.118081598284353,0.2128083192053,0.0708193193665509,4.45,"0"
172749,-0.657392612146209,1.03898723498515,-1.49816196376673,-1.88937444380869,2.81951976063164,3.33392536682468,0.287569177272684,0.95860407822419,0.4087111162301,0.541036747805219,-0.131550384658773,0.0618603376581073,-0.374500871216946,0.14328147302045,0.0875899962641319,-0.217748602735679,-0.508871425840189,-0.891433213869336,-0.295865552616382,0.403315520431095,-0.357330485583331,-0.783553218768556,0.138470839006716,0.677220905671574,-0.306278502611247,0.17572425734117,0.580689093135521,0.281084363043959,1.78,"0"
172750,0.372024107411469,-0.671377391230395,0.141536797098783,-2.88110668004584,-0.159998256086648,0.582176498323747,-0.323089361863347,0.0885089595620567,-2.12991736501483,0.986696845226688,-0.37252458582367,-0.399683198393649,1.26204214526686,-0.655838212021648,-1.23688235148093,0.0269259324564985,-0.359213665665277,0.883658089151555,0.310768551993237,-0.202009845044209,-0.079283027266236,0.149803304946574,-0.0242412314197364,-0.36082572845104,-0.326512706283878,-0.242644429358955,0.0774774396790622,0.037744327605688,48,"0"
172750,-1.19165358668285,-0.441225922368167,1.72974722251365,0.337372689986325,1.71898921766814,5.49309243817307,-1.27310072230058,1.68639380009914,1.12680666498464,-0.67617862763677,-1.1535326276265,0.285999858148066,-0.316118449343011,-1.09422875483016,-0.761593242358223,-0.778480712403186,0.296012411798609,0.390180513413384,0.821980196380677,0.495575767545998,0.149311391940554,0.69893817859593,-0.196884779352278,0.731485388736586,0.6673912920694,-0.133346795650242,0.417417506859466,0.161966749229553,79.99,"0"
172751,2.08538698201943,-0.0336235487403882,-1.70688872546376,-0.0150996537430684,0.644668693998132,-0.245303418273799,0.125757952404408,-0.156508395485909,0.277993749465005,0.159894172805697,0.517462016807574,1.05048258551529,0.708284765328817,0.51302514777322,0.0658663585168758,0.165441910116945,-1.04368097461888,0.601773138840353,0.305723559414242,-0.143892406112748,0.256303993323508,0.862280829359419,-0.0632114391738625,0.143338705890388,0.361885093880715,-0.124856078910328,-0.0254724654512093,-0.0668360781888474,2.27,"0"
172751,-0.575198560744258,1.20322162610218,0.0715468054576876,-0.303771603112243,1.04867935690407,-0.192257778183445,0.848641746567807,-0.0380833907349271,-0.616851260841001,-0.485646208084105,-1.09312477705274,0.322356912392036,1.39503313066954,0.267370475425836,1.02884342970828,-0.587740795534556,-0.313155906284362,0.220558632183253,0.981606388743217,0.0930532593316935,0.302626211256346,0.987081802368711,-0.488776305445417,0.260396674104277,0.385657650269958,0.0400829127936618,-0.300694141239451,-0.156757173445399,1,"0"
172754,-2.43347738154686,2.85997788075813,-1.71426721598523,-1.96442714118297,1.07051484126333,-1.09824671831812,1.81472559789477,-0.50829441596084,1.98099550477341,3.7140885610487,1.13254210428896,-0.0821626304428298,-1.4233192559254,-0.173248218168389,-0.442247223413804,-0.911965136995159,-0.890274253300519,-0.0713715117134603,-0.23531321368156,1.51047962433411,-0.192003227215252,0.781493744625745,-0.16783094674294,0.682686922765043,0.110603479700473,-0.0208881179153538,0.752567409754689,-0.0295604122638432,0.77,"0"
172756,-0.564411621999805,-0.340899249498291,0.0011068240138962,-1.77561217872771,0.116635452119568,1.11626552823475,-0.211709882842105,0.823119438003499,-1.0244490167009,-0.452609572406855,-0.838949550586115,0.118004485573942,0.355977710692267,0.100858508121259,0.256385519588459,-1.84670409734703,0.530121564980741,-0.306837162987017,-2.76728325396614,-0.559057411303317,-0.146040160637774,-0.181247158425047,0.354039912601605,-0.371682391164551,-0.351547811217842,0.511620725141084,-0.16818152453663,-0.155795251721871,95.63,"0"
172757,-0.828204180947418,0.649868696431313,1.84430116861584,0.191239982949909,-0.605424259295911,0.580328691211486,-0.613623080656329,0.921704621259094,0.258664063572224,-0.724563352458037,-0.178045519289697,0.045736543411164,-1.06176758394031,0.252284946672208,-0.118078529728309,1.10791817239879,-1.01421804377429,1.48902973718962,-0.583981582883084,-0.288842104194769,0.408298558739308,1.05236384294101,-0.166667639425925,-0.44541214974774,-0.408366888509577,-0.604823440364169,0.104059099326587,0.100644741217354,14.99,"0"
172758,-0.5463775494033,1.43399225859939,-0.313252200362668,0.9260444581619,0.522388323008928,-0.565669180487814,1.06607456842359,0.269799041466315,-1.09944595740936,-0.0777533553007943,0.5346886364142,0.748098633528795,-0.338300675493612,1.01850162956694,-1.05892254827601,-0.914161098060031,0.143396685931115,0.154285287995114,1.00067335266611,0.00707537641764942,0.228158969689392,0.778817194254861,-0.175451482446412,0.0303965695441104,0.0183811775992325,-0.395993741705745,0.301655019348729,0.173585427553968,36.51,"0"
172759,-1.57030053658679,1.88059009986035,-0.559004459393732,-1.00301740570536,-0.326095873767847,-0.417224261289246,-0.477371655098433,1.12222103445613,0.613186086835525,-1.24700985590598,-1.84231589335553,-0.117293333478849,0.0934389047342454,-0.888971225738549,0.456274535538098,1.16967436830896,0.372475985933303,0.798280017433433,-0.00276004494584974,-0.0988320414061075,-0.266726688032792,-0.854690465746749,-0.0342505762459746,-1.15461734310586,0.0367395112441692,-0.233612402233912,-0.427107009840482,-0.255729188478196,0.77,"0"
172759,-0.822730850623765,1.27014031896619,-0.138565988804444,0.47961951818067,1.24210110681744,0.795218288356127,0.454283652832641,0.556038169382041,-1.55061023052363,0.523337878392336,-0.779549302959981,0.365875665956166,0.880298888893043,-0.00492658036678557,-2.58548849993845,1.06446030133976,-0.862512142744999,-0.081841434833712,-0.108818617183994,-0.0101387578190092,0.138765710433512,0.450908461288239,-0.192145946959204,-0.196218111903968,-0.261663798279135,2.3726753829281,-0.0427427474508359,0.109612914763275,0,"0"
172759,1.89491030881603,-0.427905510932006,-2.18426692345784,0.159979480784885,0.587740497674366,-0.557966435631807,0.510524466235744,-0.28158994597358,0.785446078217144,-0.155285073887623,-1.49040494472045,-0.316952546798015,-0.827954768291743,0.743761138005427,0.642005339595773,-0.380034959539401,-0.485949737957515,0.0102290564899943,0.218256260637345,-0.0319769454877967,0.122774938915422,0.202372601973607,-0.125329324616314,0.0177366062609709,0.396759170224726,-0.515947601843684,-0.0394845272212767,-0.040441384943555,124.99,"0"
172760,-6.71382562441313,2.36910366313971,-3.53476766223246,-0.36825932503511,-1.72103015475635,-1.32280772220388,-0.190876096195299,0.891148846809517,2.06847634171974,2.76969900053979,-1.476424077961,-0.0763652385672646,-0.755723978540113,0.758185506588724,1.01820940182512,0.0997965177128308,-0.0130496894414777,0.239192159478152,0.0961105594366854,-1.00209621624375,0.131247082942109,0.994245890170231,-0.00213995093538472,-0.0729785728487503,-0.167158738687325,-0.387271413977029,-2.61634121826949,0.474584213583928,19.59,"0"
172761,-0.0661357628203419,0.996296389355995,-0.918564389962092,-0.923241614479758,1.25652163943811,0.047445526359447,0.705819508163893,0.23232998177004,0.21315724722642,-0.312047640314425,-0.0592084057534856,-0.646692629737698,-1.67971645014403,-0.59104620865366,-0.615088689940187,0.805255069130558,-0.0777902646465642,0.696432249899036,0.324821705065696,0.0656802029602104,-0.397210441125541,-1.03809939526943,0.00212034978708685,-0.512741023337516,-0.349721241850959,0.168692870518062,0.316673793911105,0.120065405581881,3.57,"0"
172762,-0.725459155320763,0.194981102517105,-1.78557115995691,-3.77985954169009,2.17741964345339,2.97571302596374,-0.239695392823547,0.912303007659121,-3.15999421513317,0.95295758144517,-0.297827794028408,-1.25151502887729,0.0490236436013608,0.501249522770878,-0.0431370164056129,-1.07452707613758,0.678219208006117,-0.332379653308317,-0.23596473009777,-0.432377429125252,0.0461032907658908,0.10247983188962,-0.461027088318547,0.717646500390732,1.25303558646021,0.20713838461036,-0.630548681632476,-0.163911103108847,7,"0"
172762,1.9555471336015,-0.7246059079396,-1.70651131724424,-0.611144778243625,1.71090669689281,3.91421517596482,-1.24868981468779,1.05413263834237,1.31406410370226,-0.15055281345096,-0.222844268024952,0.496838849545312,-0.0503582832526877,0.00106699343539444,0.894690442660976,0.00141832535277938,-0.583473176705111,0.075802467358116,-0.359343913705671,-0.137289812767331,0.193605182797385,0.690196160610142,0.155951098514958,0.726775202398815,-0.0612190377953546,-0.192666013902973,0.0603468184955191,-0.0423233705287951,12.99,"0"
172762,-1.14390920817616,1.78042101036846,-0.454123770995954,-0.814393334888861,0.514688674808844,-0.926633917567066,1.1963736902278,-0.349254843284196,0.86387742372191,1.81642384754288,1.21846476978506,0.902561637746235,0.402503886753991,-0.132958732722653,-0.132436788839023,-0.584920483103913,-0.853781170341225,0.348525904455298,0.0760488853272137,0.751710034132969,0.173510644117712,1.49164779770813,-0.156953861729533,0.0538104935937158,-0.630123840942566,-0.301969675169822,0.425851578128572,-0.109067570759002,7.22,"0"
172764,2.0791374387515,-0.0287234080198624,-1.34339233593915,0.35800000843145,-0.0457907811007477,-1.34545213737864,0.227475547889673,-0.378354759257372,0.665910590373961,0.0283505891786833,-0.822911436749131,0.0497159986786237,-0.352006881240841,0.569086583418963,0.791917437332149,-0.178712504620601,-0.500820663701317,0.00747468272935363,-0.205469549793592,-0.272446681264368,0.235758179276913,0.82975829032875,-0.0020628893780974,0.00134393612199794,0.26218344225528,-0.105326972512923,-0.0223628945104151,-0.0602831670072655,1,"0"
172764,-0.764523484479909,0.588379116579308,-0.907598813843435,-0.418846818801067,0.901527714576425,-0.760802496167391,0.758544591560631,0.414697881661305,-0.730854226807487,-1.24508777123269,0.87431235961893,0.162690560001098,-1.01181863998124,-0.31778874564723,-0.88782294047366,0.482846879278421,0.681412485458828,0.486991497088202,-0.0220642559721102,0.0248696613356834,0.00352978588968211,-0.43187613832372,0.141758846139133,0.587118918885126,-0.200998075278955,0.267337303660292,-0.152951045641126,-0.0652846921538033,80,"0"
172766,1.97517827455893,-0.616244013717768,-2.62829502620777,-0.406245587504777,2.32780432769088,3.66474011934059,-0.53329691242009,0.842937031920608,1.12879786122117,-0.220744192405028,-0.590756414507833,0.654596413712747,-0.479778939039693,0.120625999406672,-0.907042471715007,-1.18626115855474,0.146953390923286,-0.681104108936514,0.295401539454759,-0.168378479686924,0.0860433792411711,0.543612682057495,-0.0321292932670861,0.768379191024075,0.477687602681055,-0.0318328151638657,0.0141508719823269,-0.066541696819436,25,"0"
172766,-1.7275028709453,1.10835628604155,2.21956068517725,1.14858336974971,-0.884198662537955,0.793083402962452,-0.527298432193734,0.866428580353388,0.853819488000596,-0.195152132952862,-1.29676951525718,0.725294638540055,0.454176690154132,-0.821823301822815,-0.713584767082128,-0.611658597387541,0.457890358326307,0.0925572786452175,0.757367245420813,0.331939915210818,-0.0947075868588577,0.236818005027849,-0.204279914458339,1.15818480859572,0.627801062097999,-0.399980914958721,0.510818314388097,0.233264656910828,30,"0"
172766,-1.13901518939145,-0.155509937126101,1.89447768171318,-1.13895650536135,1.45177696700025,0.0935977440655141,0.19135268977192,0.0922113554554261,-0.0626214357423155,-0.792066212442214,0.659941424871578,0.995402248682057,0.861815591659881,-0.300745832354772,-0.188434385852218,0.267384916962023,-0.991270369925222,0.290285451908828,0.546517286385687,0.341408622303138,-0.191026799979337,-0.631657600079789,-0.147249189752984,0.212930957276607,0.354256878791935,-0.241068195369902,-0.161716941727719,-0.149188492654553,13,"0"
172767,-0.268060569060326,2.54031475002062,-1.40091462682916,4.84666059093464,0.639105494161851,0.186479418645828,-0.0459106556678939,0.936447710117621,-2.4199860902024,0.525011611616954,1.04538648587253,0.124584503092542,0.57234390399442,-1.82071569014233,-0.138285275395705,1.10017339868066,2.32213536515259,1.34958327204124,1.09152262441329,0.111807858151268,-0.263889130274981,-0.857904369075692,0.235172043270977,-0.681793504552547,-0.668893784053538,0.0446568922975994,-0.0667506176047417,-0.0724465747869648,12.82,"0"
172768,-1.79609202165619,1.92917844015932,-2.82841729202526,-1.68984378753184,2.199572034416,3.1237319015409,-0.270714064400945,1.65749524538999,0.465803832229915,0.832930907890312,-0.344690155766798,0.2471525155616,-0.119068475622695,0.849764802049649,0.903388643194518,-0.398816003664497,-0.302906279838262,0.0365447707244463,-0.202990290920551,0.319366224485496,0.271170084339769,1.14575022253734,0.0847827526943219,0.721269432802698,-0.529905979678795,-0.240117331553391,0.129125564845426,-0.0806203044904023,11.46,"0"
172768,-0.669661752830995,0.923768896481075,-1.54316735695144,-1.56072922562957,2.83396008646802,3.24084285526923,0.181575940386633,1.28274561286533,-0.893890143065396,-1.45343220956775,0.187487639015545,-0.39079405906916,-0.289170669489924,-0.510320078179671,0.95563741804494,0.553781107854912,0.567862192618873,0.409517378236063,-0.671301284193127,0.000965375982347624,0.183856197684746,0.202670336405986,-0.373022532745989,0.651121566749473,1.07382283272575,0.844590141858931,-0.286676371096233,-0.187719026467479,40,"0"
172768,0.0328866156034763,0.545337754244084,-1.1858441357151,-1.72982773185216,2.93231544356818,3.40152925903722,0.337434015696743,0.925377429701643,-0.165662808154397,-0.386952942787081,-0.199625657557449,0.0320170456955776,-0.374730877026892,0.354051159824046,0.0412276900368513,-0.154749697516901,-0.482455467011894,-0.842462105975672,-0.206384931364277,0.0226773978327802,-0.266112815668187,-0.716336036747914,0.108519365487036,0.6885189910319,-0.460220261457857,0.161939470252484,0.265367933724857,0.0902446113665528,1.79,"0"
172768,-2.07617478238328,2.14223799504962,-2.52270357676079,-1.8880630341898,1.98278475023294,3.73294955269833,-1.21743039311537,-0.536644267196682,0.272867037849483,0.300342204979263,-0.45165599771929,0.566367643775952,-0.317804443894878,0.855741736229761,-0.0410469864006864,0.0466200555506638,0.0178221604840899,-0.772915625858277,-0.354162802242728,-0.308523003566429,2.01666611214987,-1.58826879815773,0.588482263463536,0.632443919369627,-0.201063915966264,0.199251166851086,0.438657310401659,0.172923187695874,8.95,"0"
172769,-1.02971891697297,-1.11066957911758,-0.63617869252273,-0.840815926832093,2.42435982809917,-2.95673264662814,0.283609530298686,-0.332656089142961,-0.247488140757997,-0.328270591723641,-1.08939717635676,-0.694903701002564,-1.3151459759419,0.946281319649556,-0.0730079422989683,-0.307347432920092,-0.274711501564425,-0.48724736439983,-0.014378024568171,0.218776497944061,0.353721640745991,0.488486818043405,0.29363186316271,0.107812404072194,-0.935585814577975,1.13821605470523,0.0252707056026668,0.255347485836676,9.99,"0"
172770,2.00741802782449,-0.28023496951448,-0.208113151034067,0.335260935941056,-0.715798225871644,-0.751373079159416,-0.458971906154224,-0.140140384938908,0.959971316919316,-0.0282840578617135,-0.635200169092854,0.869260944584538,0.996596272135126,-0.280317033101652,0.436079233522627,0.397439210302549,-0.557940369800129,-0.536839568798726,-0.0823490664573066,-0.143293740157705,-0.208260143263231,-0.430346565594164,0.416765334234239,0.0648194547563602,-0.608336523474165,0.268436235929656,-0.0280685466095845,-0.0413674216674311,3.99,"0"
172770,-0.446950896052929,1.30221236954228,-0.168582985911426,0.981577017035105,0.578957154610838,-0.605641009091424,1.25343045842987,-1.04260991760552,-0.417115855079436,0.0766045202708883,-1.29122804558007,-0.690868003935835,-1.48172356842876,0.753473245608918,-0.19114107814106,-1.1299038061459,0.319074098745478,-0.201861829865623,0.744415910955027,-0.203306142746375,0.851799556146017,0.305268269978494,-0.148092974805129,-0.0387121904599931,0.0102088289529035,-0.362666483952437,0.503091689408038,0.229921291418483,60.5,"0"
172771,-0.515512845480611,0.971950366568097,-1.01458024810417,-0.677036873865726,0.912430001803323,-0.316187110606766,0.396137488082033,0.532364350471121,-0.224605918512894,-0.753365119819414,0.362989999800708,0.110499392811691,-0.85350326869671,-0.383111529890186,-0.774650177558231,0.764539583407559,0.216670688351438,0.488508155398766,0.180494934354369,-0.177211278854012,-0.28030189009981,-0.849919156528948,0.300245450351048,0.000606787049639447,-0.376378947396029,0.128660278868052,-0.0152048533944751,-0.0214855615592531,9.81,"0"
172774,-0.863505647832818,0.874700924966955,0.420358355597506,-0.53036462188814,0.356560552711113,-1.04623828289691,0.757051136808763,0.230473206762745,-0.506856016826275,-1.03298981029613,-1.1875462024895,0.0558710725254079,-0.352508855309719,0.550971964093391,-0.551837529346385,-0.229313881666124,0.00417904539685337,-0.73036136356455,0.0776523481611843,-0.16213211744149,-0.108845676233698,-0.480820231762133,-0.0745127472085179,-0.00398803113565586,-0.113148981653434,0.280377968074319,-0.0773102790206262,0.0230785545363689,20.32,"0"
172774,-0.724122855662227,1.48521564325368,-1.13221806762842,-0.607190264249027,0.70949876428805,-0.482638109831762,0.548393118636441,0.343003316756581,-0.226322939218569,-0.348133713124679,-1.38162350127399,0.617932998158959,1.42829709140885,0.494490217561143,0.426827103972837,-0.229598563222881,-0.494064908759999,0.176169273129867,0.18215238377957,-0.0772017025999268,0.414620622859365,1.3075111198369,-0.0595445064523047,0.242668830413702,-0.665424463655864,-0.26986930193824,-0.170579063608931,-0.0306924981053247,3.99,"0"
172775,1.97100223582511,-0.699067301041926,-1.69754084219327,-0.617643239124639,1.71879666952687,3.91133624068065,-1.25930566168278,1.05620906936319,1.31500639290056,-0.146826701971311,-0.222958885194097,0.496509339782387,-0.051784576212652,-0.000744174685992794,0.893684047013994,0.000363169041614925,-0.58371035347348,0.0741633692135874,-0.356788791798405,-0.153581494953161,0.188757736065903,0.694418465128885,0.163002294526601,0.726364702579522,-0.0582816339815971,-0.19181279560531,0.061858394097696,-0.0437163124147341,4.99,"0"
172777,-1.26658018751073,-0.400461255090227,0.956221134830023,-0.723918708808995,1.53199339986862,-1.78860001696127,0.314741079666118,0.0047044573244653,0.0138565692643366,-0.815910558593471,-1.31197617669939,-0.94675286190153,-2.11962626495352,0.609469107255444,-0.348706780456202,0.0778711076786681,-0.357628278309217,-0.578977406681629,-0.518738353345916,-0.0295387959460834,-0.157831289173511,-0.883365154870023,0.0884854790787274,-0.0767900135345541,-0.0958326158244536,0.132719919369681,-0.0284678999164232,0.126493754253493,0.89,"0"
172778,-12.5167318477287,10.1878180402793,-8.47667066668252,-2.51047326304052,-4.58666914870733,-1.39446474872753,-3.63251619673419,5.49858253932705,4.89308908068377,8.65531963957983,-1.05236486117626,2.83486481236046,1.08814121731315,1.28840135326773,-0.931502938639584,1.0678644701107,0.586178800802537,-0.0855240913432532,-0.571605412453605,3.49006517321872,-0.944758590176497,-1.5650262004893,0.890674704800016,-1.25327583153701,1.78671683343288,0.320763234257587,2.09071175744121,1.23286442298378,9.87,"0"
172780,1.88484896380702,-0.143539932863468,-0.999943100160451,1.50677189727889,-0.0352995052962873,-0.613637755055256,0.190240961910353,-0.249058226330057,0.666458084380392,0.120907699462948,-1.13417642595657,0.677729057528017,0.345928454346659,0.00201925299600049,-0.679625718717237,-0.549981920078496,-0.199950216917082,-0.420551247311401,-0.283277937574546,-0.153996522151586,0.144008254165654,0.634646195024045,-0.0421141867158868,-0.0532056260971883,0.316403108742564,-0.461440959817141,0.0182647991599071,-0.0410683570598926,60,"0"
172782,-0.241922923693151,0.712246532203297,0.399805655495915,-0.463405516729266,0.244530937106473,-1.34366798367885,0.929368511608633,-0.2062102680589,0.106234231685447,-0.284707562863424,-0.612981510701904,-0.0666547274196841,-0.732986539703336,0.237948310946922,-0.293958765704203,-0.245496085489743,-0.174846285388049,-0.891168740948159,-0.290490523363184,-0.139511630638265,-0.228875719861634,-0.514375949093491,0.279597969287,0.371441309867354,-0.55923817445659,0.11314439719903,0.131507097617825,0.0812650602971748,5.49,"0"
172782,0.2195290548808,0.881245743149381,-0.635890849626074,0.960927997354267,-0.15297078241792,-1.01430717553581,0.42712562123977,0.121340360686438,-0.285669713965033,-0.111639563712404,-1.10923217257381,-0.453234511207357,-1.04694569480814,1.12267439177599,1.24351816319406,-1.43189726654146,0.939328414637529,-0.00237255021158738,2.89495180691714,0.0066660264624123,0.0999358684850581,0.337119908748991,0.251790775254804,0.0576877870152752,-1.5083682536529,0.144023372480988,0.181205105338699,0.21524280501856,24.05,"0"
172783,-1.77513496340237,-0.00423539870249681,1.18978624706472,0.33109591586509,1.19606256869803,5.51997972670503,-1.51818492752997,2.08082523601415,1.15949814044899,-0.594241721001303,-1.26407181940184,0.453596266847553,-0.243142490471879,-0.858718973845223,-0.766553854232968,-0.644646088590239,0.44718384787284,0.388720697120586,0.792134662376058,0.348175534120535,0.103301639975308,0.654849731110724,-0.348929090504561,0.745322962967185,0.704545250649244,-0.12757869782705,0.454379153027987,0.130307678927589,79.99,"0"
172784,2.0395597743273,-0.175233101001927,-1.19682530872319,0.234579607988183,-0.00871330094039861,-0.726571304321129,0.0170495738463204,-0.118227888875525,0.435401855087861,0.267772347450891,0.523316131773517,0.559046765075357,-0.834660332508686,0.626210981078776,-0.541493600013251,0.225361337908771,-0.605251616757992,-0.163048600200317,0.561694708382262,-0.256922418016701,-0.26804840149822,-0.717210727822689,0.297930407329156,-0.359768732815729,-0.31560989657687,0.201114369908852,-0.0808258348962747,-0.0750705159276977,2.68,"0"
172785,0.120316379951799,0.931005133456557,-0.54601214242923,-0.745096793161792,1.13031397816167,-0.235973168158629,0.812722065951079,0.115092852853589,-0.204063519469111,-0.657422116060677,0.644837326570703,0.190916232525403,-0.546328942955805,-0.731706584889614,-0.808035531993001,0.599628129130251,0.0704407517011719,0.373110304063873,0.128903790001337,0.000675832856452499,-0.314204648223592,-0.808520401993816,0.0503426632887123,0.102799589780576,-0.435870086042398,0.124078875348614,0.217939865307537,0.0688033338950257,2.69,"0"
172786,-11.8811178854323,10.0717849710003,-9.83478345739033,-2.06665568459413,-5.36447278097585,-2.6068373309456,-4.91821543115252,7.305334020798,1.9144282734458,4.35617041320691,-1.59310526246153,2.71194079105717,-0.68925560917964,4.62694202525016,-0.92445871482528,1.10764060095394,1.99169110706243,0.510632329130648,-0.682919680356916,1.4758291346555,0.213454108437359,0.111863735978609,1.01447989719391,-0.509348453168509,1.4368069070214,0.250034279569581,0.943651171507532,0.823730961486502,0.77,"0"
172787,-0.732788670658956,-0.0550804899173326,2.03502974528243,-0.73858858438744,0.868229398914682,1.05841527222565,0.0243296959175797,0.294868698501783,0.584800017281683,-0.975926063322508,-0.150188847103276,0.915801914403555,1.21475584849424,-0.675142955809576,1.16493090944588,-0.711757349978881,-0.025692855268572,-1.22117885840624,-1.54555608554509,0.0596158998872689,0.214205341747019,0.924383584903381,0.0124630383316793,-1.01622566867336,-0.606623985854728,-0.395255065710324,0.0684724700405593,-0.0535273892010011,24.79,"0"
172788,1.91956500980048,-0.301253845990644,-3.24963981406834,-0.55782812475002,2.63051512011547,3.03126009781428,-0.296826527116156,0.708417184967134,0.432454047632915,-0.484781755751029,0.411613736794327,0.0631188625621446,-0.183698687930443,-0.510601843577723,1.32928351250595,0.140715981685477,0.313501786950651,0.395652479334165,-0.577251842501113,0.00139597028995166,0.232045035925397,0.57822900992263,-0.0375008550221367,0.640133881346421,0.265745453243744,-0.0873705959041059,0.00445477213829229,-0.0265608285615222,67.88,"0"
172788,-0.240440049680947,0.530482513118839,0.702510230095103,0.689799168040973,-0.377961134444982,0.62370772214768,-0.68617998628885,0.679145459790659,0.392086712465972,-0.399125651432835,-1.93384881505713,-0.962886142890271,-1.04208165591191,0.449624443166001,1.96256312066577,-0.60857712704613,0.509928460110321,1.11398059049908,2.89784877334313,0.127433515805355,0.265244916386865,0.800048741498139,-0.163297944406659,0.123205243742508,-0.569158864158597,0.546668462188323,0.108820734744839,0.104532821478796,10,"0"
172792,-0.53341252200504,-0.189733337002305,0.703337366963779,-0.506271240328258,-0.0125456787599659,-0.649616685713792,1.57700625437629,-0.414650407552662,0.486179505267237,-0.915426648905893,-1.04045833522361,-0.0315130540252157,-0.188092900791737,-0.0843164698151014,0.0413334553360658,-0.302620086427415,-0.660376645182784,0.16742993371973,-0.256116871098099,0.382948104875066,0.261057330790975,0.643078437820093,0.376777014169917,0.00879737940024202,-0.473648703898825,-0.818267121041176,-0.00241530880001015,0.0136489143320671,217,"0"
78320,1.24356802834516,-0.20182187822918,0.214482365119147,0.49065398393265,-0.622607658773925,-0.728131576970761,-0.065293459181977,-0.191326171884403,-1.21404929603056,0.772933382585001,-0.0991504638612807,0.0960218337366022,0.172968266158909,0.378000794540161,0.857814731381455,-1.96912088532873,0.296346685762439,0.490695807007536,-1.53382596249286,-0.53779023756314,-0.324726291641621,-0.456748558779833,0.0320321099354081,0.366691812377025,0.49040744193783,-0.350314280964872,0.040606617959306,0.0266424550281174,34.3,"0"
78321,1.33627587371173,0.279491617128832,-0.390843611570893,0.16832886223695,0.554293399718486,0.247470013258925,-0.034723619054467,0.0381743340564752,-0.1511867427311,-0.119298075594926,0.13441438697721,0.502500980502986,0.724705655488569,-0.250602973575118,0.489016295927731,1.16581894236734,-0.900471298428755,0.725586212509114,0.740863270123046,0.00331962514051828,-0.346626274783785,-1.01252026000784,-0.0996998739627242,-1.43164555598535,0.426355345682729,0.183256110858432,-0.027227201152316,0.00363228909073841,1.29,"0"
78321,1.35642093511384,-0.532037743912854,0.233209934996929,-1.01869193697916,-0.415898454697588,0.249374484078949,-0.677696446666333,0.0947236467312124,-1.09726803044086,0.702306122037734,1.1329484320781,0.412598822516972,1.05677483784209,-0.152601535046213,0.304666850649815,1.3306935254298,-0.091774394908395,-1.37062672562468,0.85092117783647,0.15022665020513,-0.0555931290247703,-0.259004289027234,0.0287753539450745,-0.811018862182259,0.263448860348152,-0.420034066283295,0.0255955006089594,0.00441262359120875,20.27,"0"
78322,1.24829364072006,-1.18111400282981,0.498508601799192,-2.05025701893509,-1.73708998390878,-0.935001900209792,-0.828134288486971,-0.0133034214010184,0.574314522748378,-0.215680015533542,1.13135960267857,0.676495346333284,-0.911830021677194,0.259796022295355,0.404470360207747,-2.02726502436192,0.192440858845506,1.80606832426576,0.339117000258363,-0.456425488781619,-0.301094470817129,-0.352981150154895,-0.0199458319281954,0.523674153341096,0.340469986947588,-0.111132653589125,0.0367080445121837,0.0214236991296579,57.18,"0"
78322,1.33119242698506,-0.114377135276541,-0.698383126413594,-1.17063029371305,0.343145772948337,-0.268671607743337,0.239097505984622,-0.176115324994006,0.848452210207812,-0.868273719805537,0.27702337015661,1.55770574307612,1.08875432853491,0.216292708513153,-0.0373417698110082,-0.578901205284564,-0.656580569287831,0.510866980870685,1.61430881628432,0.0185660490756175,-0.0324577357550611,0.150489084413551,-0.404923709997057,-0.960289877027286,1.14069587774166,-0.48854183336509,0.034193602965496,-0.00688779568551528,21.34,"0"
78323,1.16102372483626,-0.453440471186524,0.851602252730139,-0.0220791195771848,-0.955556244987297,-0.135460046571959,-0.61339343645936,0.0982593993723964,0.959457295925615,-0.400443850094627,-0.436550443950052,0.470627569731986,0.0392147352973683,-0.362145213383802,0.412577185055707,-0.243308191689354,0.292023384477003,-0.864244226876154,-0.105486635755898,-0.04141699388934,0.0608978674371692,0.381578378939872,-0.0468141869747789,0.201264801617016,0.189632580639895,1.55977111700799,-0.060751483944432,0.0034146353392724,29.9,"0"
78323,-0.606320788487543,1.20076066675157,1.1358268740053,-0.0356813259100232,0.0636667552866532,-0.530095526972683,0.598493115385657,0.117780099046333,-0.0864803474999496,-0.228802659639135,-0.106839182377909,-0.424384860788555,-0.723783147308674,-0.30840864912682,1.2513534443581,0.110074636063354,0.324048409810022,-0.502641117537887,-0.474938431929848,0.154836576434822,-0.27697546162564,-0.663472955677232,0.0360270098217692,-0.00330589341354377,-0.209803643173284,0.109054067544878,0.366449054803977,0.150677290829997,9.42,"0"
78324,1.22050222391147,0.438952072632324,0.549086873231974,0.808775149873694,-0.545841971075105,-1.35523718121775,0.161796820026871,-0.291644308103806,-0.147457139047444,-0.311064892875381,0.57116835410489,0.914716257848562,1.08087172883822,-0.444418356926939,0.950972623196307,0.27891269512364,0.133835858053757,-0.589104018998789,-0.405059637027446,-0.0382467910538281,-0.242043545324626,-0.654081422955726,0.184139432474775,0.903668891811582,0.177397157637466,0.0583159323073983,-0.0160837936577537,0.0381652862189706,1.29,"0"
78324,1.21569920393958,0.25367623342839,0.164561012455376,0.934410462982326,-0.104742868833989,-0.466317412900681,0.0780927466042472,-0.0360799047293785,-0.174414072012738,0.197971360218547,0.92140168314206,0.485654792416795,-0.561898742518107,0.673163984816501,0.302113041589442,0.366412528938006,-0.765340118865108,0.51674621223248,0.0445423455435148,-0.147537596881936,0.0541497759286136,0.132857890346293,-0.14937814380705,0.00128904667187278,0.681637829740787,-0.324209666240895,0.00518608516927731,0.00647581652949583,8.72,"0"
78324,-2.29129172456481,0.00146149385545991,0.680680710975071,-2.59126048506162,-2.87053834944056,-1.18946036928192,-1.3671407011677,1.25235955368197,0.210600218079719,-0.901823585233363,-0.816981373440169,0.326510087940505,0.0896361595060187,0.54412672624235,1.67823840853043,-1.07259095976474,0.316946482894894,2.11625182432602,-0.819494419180801,-0.563091161589535,0.059782961602464,0.446158481208312,-0.0933420639634908,0.746392439283788,-0.461929178541703,-0.0411437053556583,0.147337538720398,-0.0534191274587285,100,"0"
78325,-1.2293926509625,0.246124739606038,0.0164929022386809,0.641985614650467,0.10126033867199,1.21849142547457,1.41839017697076,0.176689578926646,-0.888181208012488,-0.194370075880441,0.24945297889779,0.423743404376189,0.654130220855983,0.483887894540273,0.691983210528325,0.101015182167803,-0.651098111258455,0.598386898011423,0.839134611887045,0.12674875977266,0.164916676289623,0.507636215307448,-0.0348742826335011,-1.27835592929238,-0.12173487371573,-0.277387454122367,-0.129202250370007,-0.223849927706618,289.5,"0"
78325,-0.454545510135796,0.178002366296243,0.924450296580288,0.104829504646541,1.87976765006653,4.16988079784146,-0.77573742019732,1.17635204477576,-0.204022986852613,-0.140521581519179,-0.362248059337227,-0.336487571874853,0.267740176371922,-0.0530643866892424,2.01655425082452,0.633611944488517,-0.911645823193607,1.35069877287308,0.64977605559372,0.338118854517885,0.352231141492439,0.821774152563351,-0.0789551569907113,1.01537917613876,-0.267597547007159,-0.152542427198269,0.205217839053348,0.17055455725053,44.65,"0"
78325,1.14932997250529,0.294246427232293,0.304918180706235,1.17908902041242,-0.11583264997027,-0.546062163756687,0.222246518788424,-0.038279501564983,-0.0607713991250763,0.00726054414533346,-0.197275860047915,-0.113458776055442,-0.959551918523614,0.692280780360047,1.23110458019525,-0.0726843807160444,-0.0944431434114145,-1.02690709486183,-0.516823215005424,-0.19456874074289,-0.441133771244167,-1.39066302338196,0.250984551163327,-0.025521897812151,0.134935874674672,-0.808436253727735,0.0165749525113431,0.027821518111957,25.96,"0"
78325,-0.822259261809874,0.751887984755361,0.00374160169445509,-2.68182446248996,2.89332101889846,3.2011868775824,0.883679999531674,-0.279446966971466,0.955222227954081,1.14903899026928,0.176622632993662,-0.593054729208539,-0.225699705018657,-0.930900372150524,0.754385523398811,0.37973032066623,-1.5960048001615,-0.164770427141818,-0.306738714734266,0.325670132886716,-0.176184211300757,-0.366763450764259,-0.223278801359209,1.03428786010801,-0.260772407986861,0.562299215935595,-1.57424133623189,-0.824079483741146,1.46,"0"
78326,-0.833503233203696,1.23085436033368,1.52832208595477,-0.283879595413956,0.0452530063386871,-0.576028904765142,0.791098591951487,-0.123466702587962,-0.131812390718365,0.683933210972183,1.44276188031843,0.591311112775519,-0.0324703426509376,-0.020219372989057,0.20568608506648,0.271179770156154,-0.769411655838136,0.0777386627455098,0.248216420396814,0.430632594663958,-0.290867602088788,-0.497503156707939,-0.055116900522146,0.304810597574226,-0.146088482619811,0.0347918813210416,0.31354463146491,0.0137173730694191,8.92,"0"
78326,-0.605792198945718,1.30480827632275,0.723960362412836,0.945973807059364,-0.051949551256318,-0.884028410481142,0.730312438686852,0.170573973811561,-1.02655768649325,-0.474370351307707,-0.589149272157495,0.285738810944703,0.518963783879122,0.659468004262505,0.782281010207072,-0.348737490642202,0.0188277597165786,-0.046652071129691,0.506554471355671,-0.0134746941929335,0.169289366139832,0.36294595375167,-0.0461195873854877,0.402565807340565,-0.165500900635838,-0.365303617403855,0.032123675792594,0.0935107027979011,37,"0"
78326,1.30694769038408,0.259164369606703,-0.235035203861906,0.265147440094803,0.326571386647496,0.0131316390463154,-0.0522285682065341,0.0352537416528705,-0.118369980387457,-0.108583319969176,0.418882925809719,0.422107733581933,0.260579574691626,-0.148168038681604,0.503711063793382,1.06971849004388,-0.734836036376803,0.645874483832156,0.595032192194739,-0.0333538687122031,-0.324886781900134,-0.972810055949137,-0.0469294910303388,-1.04840726555567,0.360220589734576,0.160110323393796,-0.0294263843399848,0.00689313068950647,1.98,"0"
78326,-0.358284408449012,1.15255925794408,1.29454842239136,0.0613500169863732,0.0721251631778697,-0.953803778836592,0.785838524965053,-0.114657169630841,-0.502469742711687,-0.539223382200287,-0.098110901091604,0.284867754888766,0.811500521413472,-0.56601612262162,0.819140940801343,0.353245858386305,-0.0334183356660868,-0.218207950576093,-0.0960101617549482,0.178712858846153,-0.250571698586065,-0.634428705277872,-0.00217460760138838,0.346551246870565,-0.132733474938376,0.0696026962477351,0.246924587476902,0.100463950799231,11.99,"0"
78326,-0.80713231033815,0.496035742810849,-0.136748474723779,-1.93912853581814,0.2061868126249,-0.125335431465543,0.462621815864365,0.464281316103122,0.597712848764451,-2.2785382036504,0.14544285708909,1.25439724609397,1.09545358573046,-1.07156187544229,-0.362119898640647,0.53942256656736,-0.081727176511791,1.51968501246417,0.592482258147771,0.105428453676011,0.169476583672119,0.380930100601791,-0.045368765085073,-1.10350493222919,-0.163771232990837,-0.85193365934595,0.0928208970229711,0.125362890410089,104.99,"0"
78327,-0.359899321590512,1.04742559874112,1.16869421865584,-0.128748376106397,0.21746314537053,-0.477674261760157,0.575698375541996,0.115992214489292,-0.576626531429221,-0.331069308616027,1.12689860775516,0.305962253452649,-0.272563535211829,-0.180324545190496,0.2576485046788,0.693125158341245,-0.342656607161104,0.509935388883462,0.326707741461026,0.111122869897396,-0.238505154199933,-0.66790836394595,-0.0654402258266855,-0.063494885191634,-0.158752212190573,0.0763429770011071,0.239204629483153,0.0839078452453445,2.69,"0"
78327,1.23780873122509,0.083238783290915,0.217935046464726,0.932524930289523,0.0737966249507481,0.417490548870618,-0.185191535885398,0.156422972834512,0.35851580646422,0.0156675805576012,-0.122561504101941,0.622278102230684,-0.319106698601269,0.14671492280408,-0.747820237380236,0.263216078456485,-0.720566464891338,0.37456834240944,0.781679552309853,-0.132147226987697,-0.285630915120263,-0.68499872355829,-0.123328357267377,-0.867025600712571,0.634865645081171,-0.469494427346978,0.0312035177997466,0.00403721004709407,5.61,"0"
78329,-0.245829755602764,-0.583102925293412,0.3026093623296,-0.646494385661616,-0.46817866099007,0.0999844164541962,0.0349040611291826,-0.0936587562914103,-1.30613178328171,1.01978711494348,1.40616800244523,0.181603732687941,0.936295772972931,-0.231821067431731,0.456345763211287,0.711589624992969,0.337642312825708,-1.04856025195482,1.54887565750766,-0.0730359081908903,0.309467332114497,1.16641598272523,0.528722834617705,-0.251284861331243,-1.05511375606055,-0.264614737226925,0.0662914673765074,0.0549385611377461,117.26,"0"
78329,-3.44813196854541,-0.83879168805533,1.99740904497308,-0.227013364560886,-1.55868682714751,0.819556729044183,-0.879063105627685,0.958572949605869,1.54844277425984,-0.659270288320793,-0.28297580543069,1.16862243754255,-0.146247130191746,-1.08658804222724,-2.39641692813885,0.377567614097477,-0.00775385606922629,0.435117830816075,0.490764285453386,-0.554581354207948,-0.00957953041273565,0.653302078964551,-0.247790427909422,0.175791563594703,0.40734096319784,1.12088710162949,-0.734272093379267,-0.0827002188556489,79,"0"
78329,1.04805604895202,-0.0116838440488708,0.616304244489931,1.37438660467744,-0.534964364209229,-0.5152867231388,0.11449718216801,-0.141677653904152,0.375060427216706,-0.221351518787819,-0.603399785562129,0.861073474601236,0.590478427116077,-0.164383333239445,-0.233390798375826,-0.310361920962181,-0.101629454688275,-0.609409863017661,0.0205839840708957,0.0441462445905506,-0.201541783881243,-0.541814216617124,-0.0471942167758791,0.400864015875802,0.515122677695576,-0.536807751539925,0.0282863805879117,0.0420079089527793,83.98,"0"
78329,1.05291242725036,-0.0496733303225141,0.0602538159403974,1.00739570442698,-0.230707323862156,-0.447534119154334,0.156945153150633,-0.0305042968979424,-0.111293548876285,0.172974825499983,0.840360516005637,0.232624510267736,-1.02918534537732,0.788178453707554,0.365604308427522,0.400124853337483,-0.735287968499818,0.593142719417954,0.020944150029991,-0.00721174940046104,0.0995514259074844,0.0489840902890456,-0.21769746607928,-0.00760092496786301,0.634447614000911,-0.331560846306787,-0.0138533364224758,0.0200798600495787,92.8,"0"
78329,-0.69743089336874,-0.248384388191908,2.18289398334339,-0.57800260420051,-2.15915127327533,0.37378677101345,-1.16812836535584,0.771596843528378,0.348753463701487,-0.276609990275157,-2.14277200403077,-0.53882535251318,-1.46127855084143,-0.802149237535686,-1.75869026002276,-1.87709208455507,1.00936237661367,1.1000203948726,0.0744449042449979,-0.689500747941015,-0.446079342461658,-0.605285074264281,0.0496782631027816,0.355541339924398,-0.315149508268386,1.03417130532661,-0.201313257274646,-0.0538893550448134,40,"0"
78329,1.07342380172573,-1.37566707566294,1.61950539407237,-0.0758372519006475,-1.84543396829539,0.788739405748021,-1.50592625428865,0.315894322318275,0.714622843897092,0.0830022905750523,-0.906805266073617,0.654551325284768,1.02710271502955,-1.71231965133581,-1.67869735574955,0.0467620322760906,1.26693580956792,-2.01354845802086,0.727979293859202,0.251173809838298,0.207466694483351,0.90326391764958,-0.169525428460771,0.198979820322433,0.441076781646159,-0.0122167360345831,0.098549419900641,0.0423173008346372,98.9,"0"
78329,0.931618030236615,-0.128235608902937,0.58410313179475,1.34883911361343,-0.617742042926479,-0.661644699534512,0.159844507302078,-0.182230964638927,0.026628424977314,-0.055105497487674,-0.28809025317727,0.537309021765898,0.701980425545423,0.133557312327396,1.050365049702,0.358065295016545,-0.582737458503392,-0.138023782671969,-0.518083132309634,0.19976173209367,0.0162836553670155,-0.238909402242809,-0.102222028577774,0.386492694669016,0.379912323895875,-0.4962074240084,0.0103592547587362,0.0582641731878804,150,"0"
78329,0.931618030236615,-0.128235608902937,0.58410313179475,1.34883911361343,-0.617742042926479,-0.661644699534512,0.159844507302078,-0.182230964638927,0.026628424977314,-0.055105497487674,-0.28809025317727,0.537309021765898,0.701980425545423,0.133557312327396,1.050365049702,0.358065295016545,-0.582737458503392,-0.138023782671969,-0.518083132309634,0.19976173209367,0.0162836553670155,-0.238909402242809,-0.102222028577774,0.386492694669016,0.379912323895875,-0.4962074240084,0.0103592547587362,0.0582641731878804,150,"0"
78329,1.21444640092861,0.339120897324502,0.748262825227555,1.22991727949087,-0.473355543723102,-0.714329215234868,-0.0344254927063168,-0.144232276957844,0.0438723173062196,0.0130823425899123,-0.29018774737263,0.531278993104387,0.675879264378078,0.100412935706009,1.03194800936222,0.338755934522237,-0.58707779336454,-0.168019278716842,-0.471324401406654,-0.0983760519070142,-0.0724246198191082,-0.16164122954981,0.0268148584352851,0.378980547975959,0.433666813687635,-0.480593529161178,0.038021088278573,0.0327733366751978,3.6,"0"
78329,1.21444640092861,0.339120897324502,0.748262825227555,1.22991727949087,-0.473355543723102,-0.714329215234868,-0.0344254927063168,-0.144232276957844,0.0438723173062196,0.0130823425899123,-0.29018774737263,0.531278993104387,0.675879264378078,0.100412935706009,1.03194800936222,0.338755934522237,-0.58707779336454,-0.168019278716842,-0.471324401406654,-0.0983760519070142,-0.0724246198191082,-0.16164122954981,0.0268148584352851,0.378980547975959,0.433666813687635,-0.480593529161178,0.038021088278573,0.0327733366751978,3.6,"0"
78330,-0.402912598597678,1.0492742687629,1.15714196666956,-0.184114281141469,0.463483939244485,0.00601874423547873,0.544930247922969,0.214980371829344,-0.685440534062022,-0.395514014897537,1.47077540686961,0.760749996424324,0.398421124903043,-0.289334934118279,0.433300633949648,0.366697511131156,-0.101909794818872,-0.0255644362584479,-0.0383138445087357,0.12351494917026,-0.202582343896759,-0.495899890993401,-0.0435757337658675,-0.350449562071813,-0.208875634941742,0.103397616705813,0.260216707638393,0.082035253205894,2.69,"0"
78330,-1.39011777279099,1.84290196512763,0.645910205091769,0.375471831117918,0.0813340767925596,-0.683489293953624,0.46033312538389,0.587503114612878,-1.30449826963549,-0.917907300786763,-1.05728253777295,0.606808242720765,1.25473616828189,0.713237072437157,0.471898993213167,0.106406675812766,-0.209778633617204,-0.0354105507462013,0.144467280780908,-0.197573215284489,0.104590334722523,0.0286396455739395,-0.381805059581688,-0.0877936540628232,0.773461675713042,-0.306414619275512,-0.324030045994049,-0.0815563364040925,8.65,"0"
78331,1.16712186099338,0.109903348987642,0.492429864753782,0.461680110005341,-0.275135007778305,-0.205384625131641,-0.142045126178082,0.102682428334762,-0.156327205147224,0.0694497675997791,1.63224086716975,0.92371626640368,-0.200126343009968,0.546861392593197,0.629075921175953,0.227087622127874,-0.372429798883182,-0.444037863408281,-0.185440312435339,-0.132952879891917,-0.180798051138715,-0.553507170713115,0.155100700888366,0.00157984897221383,0.0995206778339446,0.107948501371699,-0.0197632199885013,0.00515135644979647,5.38,"0"
78331,-2.23320981631122,-0.792422463089492,1.05034374303278,-0.36032119825537,2.20697454032138,-0.477141646399389,0.335537763649618,0.115276389861114,-0.361526403767075,-0.904130793393225,-1.29109828657723,-0.444860111434348,0.403571191044687,-0.558601376247623,0.985577073756228,0.794243785248293,-0.497959127860517,-0.151376135144281,-0.381541537882718,-0.255925460263169,-0.383242458128463,-0.817084432668371,1.02098849152777,-1.40475771306654,0.671406452579578,0.170920134297267,0.0502512005627146,-0.0552136689481191,0.89,"0"
78331,-0.577640236827674,0.210300793265685,1.74586150693595,-2.03434012831232,-0.0469569072285267,0.072487301924836,0.148904063304481,0.108254005477992,-1.31805235503658,-0.225493224319848,-0.980936965288982,-1.10564018949813,0.222539874385657,-0.405045972448083,0.602499417878096,1.36709581964611,-0.0609603697400659,-1.40292385418019,-0.062116123419841,0.103847666086359,0.134852131936026,0.22626055853985,-0.334994135993652,-0.772576505138739,0.418741558602203,-0.285415978680698,0.0437376066637858,0.0507851832670423,19.99,"0"
78332,-0.365262083703019,0.352950170886676,1.2353415042746,0.206680768299508,0.404647503966793,-0.141808366069368,0.336398369870103,-0.0302936746313591,0.0186094687127632,-0.548661505097258,-1.48929692466901,0.36052741908302,0.959873376350362,-0.450743284314522,-0.269426018449784,-0.567591427249182,0.0256217412810195,-0.167839501326393,1.43155716839513,0.214451601371016,0.0189355053125766,0.253359600792353,-0.168856417124368,-0.35334750907686,-0.247194476462561,0.713772362192798,0.116010313804412,0.150287913758193,23,"0"
78333,1.24698510384178,-0.656194910733014,-0.3111570915886,-1.69093368711719,-0.60797270801804,-0.800953087235045,-0.0493003344709113,-0.148574037898991,-0.496595923448442,-0.0212550847113689,1.61451187831151,1.11040082868162,0.0160611907679028,0.728936457970736,0.783243662594659,-2.38648454789415,0.216197168589857,0.876050791575038,-0.039696597477047,-0.451267030511692,-0.565342766098323,-1.21109372140326,0.0947361671097935,-0.0439431421307627,0.385007712267473,-0.927527519572367,0.05040652595222,0.018559237394552,58.95,"0"
78333,-1.21568292218775,-0.103315713857745,2.08225984679258,-1.67352516451444,-1.01823756058506,-0.325727134464331,0.0511824473504123,-0.0185879872982789,-0.868532971418224,0.214318025083805,0.143041236159077,-0.30658987133312,0.988283700596723,-0.839360996663172,0.67097445178516,1.23181538396756,0.115611490315324,-1.43756408401145,-0.799375046735003,0.0461119913385974,0.44275256048556,1.46095298957867,-0.0405810256169169,0.471382764706099,0.0788873168157802,-0.188373992432427,0.194288210543859,0.159097119201455,99,"0"
78334,-0.301110534705154,1.0224688074078,0.815368107038065,-0.324431040945388,0.610429383446309,0.00595785823026394,0.566963242477304,0.169977447055272,-0.51620309563754,-0.33138096664122,0.375702834377961,0.0137591507061939,-0.156177600334609,-0.224418916651358,0.321884523974943,0.938402082688792,-0.644484869752941,0.78649357805131,0.640745736535405,0.139619343063455,-0.292849082697417,-0.823825944510664,-0.164105667131917,-0.900059237278248,-0.04777026938708,0.128104517123527,0.237347427581758,0.0754367991730629,4.86,"0"
78334,1.18928970639231,0.489752023605341,0.0498063125725863,1.16895855679242,0.216974314003412,-0.636502976225652,0.503296721312059,-0.204681560109713,-0.418238394131306,-0.00610518368765738,0.0229768950090915,0.681357838915122,0.558441112208379,0.466159162560919,0.858135213974739,-0.372866870393893,-0.0930577290519696,-1.20346911362937,-0.515689308963335,-0.121522145062492,-0.289140281932656,-0.813605874925399,0.102523301291414,0.049980175118291,0.445572876663434,-0.620553402426468,0.0142875477410229,0.0202510298361766,15.97,"0"
78334,-1.1067496930951,0.868277759971764,0.830025047590652,-0.595391202622563,0.159111198632489,-0.358243577703857,0.20590514272579,0.399119099858179,0.162476602526605,-0.835021020861643,-1.73657128698008,0.560498732067634,0.884402807879874,-0.296518740991403,-1.00498822935205,0.0203934345604042,-0.279807988048041,-0.304706740697775,0.170281612091698,-0.0340175024347272,-0.0198594359188946,0.124028168250956,-0.174312032975012,-0.37071197141718,0.069205213606708,0.541833126033312,0.0749279295926561,0.110488165599138,1,"0"
78334,1.103472498405,-1.13805196249574,1.23585936723741,-0.448158372461641,-1.93640141145254,-0.441571296631698,-1.10853644161663,-0.000499271532950913,-0.248532809606985,0.561843961222591,-0.560992540610189,-0.06404086109425,0.742921741223222,-0.419563426864862,1.48391449776108,-0.617371796921639,-0.358632672989853,1.62125695626444,-1.21075372165097,-0.193926230313948,-0.0914797004304989,-0.00397561757398494,-0.0287446027682318,0.448106489582913,-0.0768016495436474,1.10157286928649,-0.022621863688212,0.0483394221175536,125.9,"0"
78335,-0.504570422079615,0.932809457440734,2.59216723567207,0.730538676432802,0.0590418061469887,0.192405318229303,0.53200485480899,-0.0632356035017825,-0.433664164263915,-0.279977835263984,-0.0446711122593028,0.148240914848289,0.642123532353882,-0.242593834791356,1.7393175708178,-0.294070782403822,-0.168462787900073,-0.24056070457651,0.039861529586984,0.139567446378909,-0.0174423629457684,0.175669927471073,-0.241114661277644,0.0772135267752284,0.0664976924628349,-0.379722569268298,-0.0357563203471271,-0.133678564764302,6.24,"0"
78335,1.23945398289241,0.589002258745419,0.21567913790275,1.08238255531598,0.0391137593932927,-1.05544675009517,0.565022657321105,-0.375716391645543,-0.45939069516649,-0.0622248387904116,0.0176194776973287,1.22829715700031,1.69956296974989,0.176582893927463,0.586665195026536,-0.0894231684906103,-0.451139788038639,-0.894591117915378,-0.106949912275775,-0.0262179905049266,-0.365650187874967,-1.0102017840201,0.118829176712009,0.379416488721255,0.460567593258765,-0.748009365577949,0.0138550655641123,0.0287488216117961,10.41,"0"
78335,-1.03715750655067,1.37750047327128,0.594828035978047,0.891113310891237,0.708718018476934,-0.580621335825816,0.644298793421686,-0.0888030616212141,-0.616608747228841,-0.327876192832943,1.28477359704159,-0.431652920409231,-1.08138509308248,-1.15571591931384,0.7335094093313,0.517034779832015,0.820853186436727,1.54961872988544,0.670000531320593,-0.0772031646681934,0.0965461356792222,0.0986792960870393,-0.275567108293413,-0.15872340564738,0.0919722236678751,-0.306296043055115,-0.449799165062743,0.25048660238845,1,"0"
78335,1.08190894255504,0.0283516585388661,0.485340568900434,1.50864391021684,-0.453680901176601,-0.393934645221621,0.0310004249641528,0.0259151106971331,0.45607993806844,-0.10216368514962,-0.458527170244256,-0.0311647660505643,-1.44428755688842,0.343474779521541,0.0235058473812196,-0.755772657522571,0.45578008895923,-0.924530964600562,-0.492264870914644,-0.220268178801532,-0.0762998377335299,-0.11448773971994,-0.0338994693429322,0.375308585953536,0.565439994999654,-0.331452286472692,0.0264097255581948,0.0218097733018248,38.8,"0"
78335,-1.98932174309831,1.5959668620936,1.38193856318383,0.408653505180841,-1.7617155026636,0.296184508941446,-2.39038708484495,-4.83969557197097,-2.37671939457184,-0.833982285705633,-0.509584547069916,0.307843362553781,-0.276158337349087,1.21153831354312,1.04261660729462,-1.17549111860364,0.65282914697485,1.37751985522973,-0.769129685759028,0.710162702039074,-2.95649107028231,-0.132247921684987,0.402059018222923,0.797362796758661,-0.190974089327867,-0.549713750848041,-0.000434919502426773,0.0387368216714261,53.27,"0"
78336,1.34751658212011,-0.4144794208124,0.244271916596359,-0.656866634816542,-0.890598169479145,-1.22433946756476,-0.182251494478746,-0.312052266512747,-1.05566973963794,0.59461292018041,-0.063794979487364,-0.348902788965016,0.423231278991489,-0.0256808307232048,0.624330394186941,1.06572905945361,0.290514331012529,-1.94971687404105,0.773473978174226,0.161115514977319,-0.259526457412786,-0.983812318929675,0.173993693681636,0.337925669368591,0.192948541405439,-0.647372915074408,-0.0133617039865702,0.0266380907195014,49.39,"0"
78336,0.981041290547466,-0.235402096304862,0.567422703781198,0.511914254993968,0.20883481302326,1.71508525071551,-0.553620240697346,0.656834520166519,0.273511973887794,-0.230529876601397,1.98198581080915,1.48204074752796,-0.319987021197516,0.228823320953021,0.266332625807058,-1.24767966288183,0.957657196276584,-2.15503779489485,-1.04054629431182,-0.239337107534697,-0.12534331821623,-0.0993883610836585,0.188155278929411,-0.992580167972307,-0.0141891408713446,0.291413667848061,0.050205566788105,-0.00696389639874791,12.95,"0"
78336,-0.690346947004719,0.208796487147843,1.2002291738439,-0.909886134562778,-0.34622680862518,-0.339505388893619,0.737383960217426,-0.200979780199301,-2.19913074785744,0.556871384482401,1.2818520530407,-0.233070574108489,0.402588716371298,0.123263953484382,0.207603561137934,0.696801961837866,0.387016161616399,-1.0354537209812,2.41808319043238,0.276636602433587,-0.0860468005055662,-0.35151204492901,0.0716596069413855,0.00777658644628783,0.284990946326475,-0.299527111806036,-0.0173371996244944,0.00490592555599156,100,"0"
78336,1.10968998031591,0.0200517603269255,0.429292810886926,0.680982053985847,-0.531663224633551,-0.956099401912701,0.183900669585846,-0.240953240388132,-0.00464251351433126,-0.110038342186772,-0.172580382435861,0.514286704391444,0.598936401091933,0.203189058279811,1.01246048782698,0.301710828866128,-0.437601737656906,-0.557966332195639,-0.144127411356556,0.0833829800445773,-0.207235848705969,-0.764425096827807,0.0637903747108737,0.386116206105847,0.19841290181585,0.0856186371312754,-0.042079707618046,0.0331714459875126,80,"0"
78336,-1.43444275157388,1.44734555338237,0.533076849067947,-0.215207052395203,-0.482519370353596,-0.0596774366316314,-0.259824548812957,1.16787693646584,-0.586860019815238,-0.295177023325883,0.738836985990728,0.264646473809648,-1.16864154901227,1.16507314448241,0.507498566768085,0.489969744904116,-0.0851546660168255,0.018850828885596,0.0365888475448537,-0.0889340630394834,-0.133383526140727,-0.582804712866217,0.0770565148187013,-0.365016746963778,-0.200583182683861,0.1175500402261,0.143732339385405,0.0138966235916283,19.99,"0"
78337,1.49382110360235,-1.21626459592532,-0.0404948273380683,-1.88909730411481,-0.664123030118437,0.873783854029159,-1.27601785231362,0.22409726738712,-1.86268665497811,1.53553841187673,-0.0812288385516177,-0.725290824965534,0.570013425577222,-0.221912325220538,0.453328834795945,0.230306137093874,-0.165563101416297,0.551175744201764,0.337163315757445,-0.252181014398139,-0.391291591199669,-0.827681541791362,-0.0350104679489641,-1.75951127640873,0.245442741877758,-0.292832364637446,0.0480421315216842,0.00240385210687378,36,"0"
78337,-0.619163064175823,1.35470151708884,0.505987276812763,-0.131519187631081,0.207128201198807,-0.448912719860309,0.365035848171445,0.405532367268346,-0.526685217973473,-0.74429498843485,-1.22483202327985,-0.145206030195746,0.557738450227385,-0.213137044067171,0.906622797932388,0.789600190346863,-0.200759122483223,0.205417742325649,0.280571326714461,0.0632844067912233,-0.281654645646978,-0.869544927315468,-0.0719738300832021,-0.670221242587113,0.0071974068863736,0.135869775852872,0.118227870397993,0.0260107690743289,9.87,"0"
78338,1.19416877528861,0.251631960106216,0.633579028490266,0.642495463659581,-0.401920142242045,-0.696053931827876,0.0303410319037539,-0.120613886934264,-0.068050703578466,-0.127270923984617,0.395495133216453,0.867726909803215,0.812402202576592,0.172985117651477,1.1969027593786,-0.111836782735383,-0.0586999203980744,-1.16825891318852,-0.604351179208118,-0.0984094101382967,-0.201616998095127,-0.522936893670715,0.199305556384084,0.410701508955379,0.120395762029791,0.102095825829938,-0.00842825090063222,0.0201879228708802,1.99,"0"
78339,-0.59212598629658,0.221988006404049,1.47472848119605,-1.83699412205266,-0.535005250773662,-0.93653837010059,0.849753736053964,-0.110804253533944,1.05341762182811,-1.81071245475067,-0.710189110585975,0.466327441336019,-0.161520626469111,-0.12124761644503,0.281136139284951,-0.472530276266102,-0.368510460716074,0.133089327319637,-0.0684151391067441,0.00397842725440776,0.159482409630064,0.490204502720229,-0.0390844279536121,0.393444805971996,0.0411566644165817,-0.859225418479385,0.14833014608759,0.153395447024411,87.28,"0"
78339,-0.403178049192547,1.08646697589788,1.39540628137374,-0.00503921228199918,-0.0223634949967435,-0.760986180684766,0.643317686328763,0.0519091223624563,-0.689085787791952,-0.351603435030029,1.68947054922142,0.737568704690151,0.116037487670146,-0.243641912503228,0.165702426955943,0.515225579007493,-0.1754908741198,0.277729455082586,0.119562163504599,0.135782064860146,-0.194701568871946,-0.529623017538159,0.00766437965789019,0.48694453591349,-0.211998603418391,0.0412375223158889,0.241247028724257,0.0907022703211296,8.43,"0"
78339,-0.926879015911208,-0.0552931384847907,-0.0583216869831247,-1.55680034417811,1.20794115962853,4.00403414278303,-0.418578251385608,1.41716108527709,-1.32801628414285,-0.247948324180144,-1.1144950282448,-0.309226626747733,0.19389244409556,0.0684058796724495,-0.221122276217093,-0.820869344698977,-0.670583996195622,2.05080152808532,-1.33997627739647,-0.285631786421692,-0.0742797275800424,-0.144958200645308,0.1218742843829,0.954397757513822,0.167026917085451,-0.402425343186234,0.00790859415715658,0.0828316287283926,135,"0"
78339,1.19422119359308,0.151692344647758,0.167700827464241,1.27378152719247,0.0758810223713561,0.119846868951502,0.0356794118715798,0.0404886748581815,0.386556373338748,-0.114365529332086,-1.08407196106871,0.144007674495149,-0.427973720791898,0.112434438186355,-0.0111311875515403,-0.547415127677248,0.0906612220804852,-0.75386906419617,-0.163775087771656,-0.189354171215198,-0.139118648425463,-0.189707341671913,-0.127420563402105,-0.454101379096088,0.720171550901987,-0.278605916257899,0.0358170167447821,0.01047999403025,12.6,"0"
78339,-0.954684559858687,0.473305512700811,0.389421274410438,-1.10816337607656,3.11358934365324,3.19208854297241,0.114151447573964,0.94082175903247,-0.725585635613018,-0.693690899509511,-0.367815736409083,-0.274695985294413,-0.167296025586344,0.346025135814629,0.644200565182934,0.640285827870403,-1.18146170012785,0.385846762441405,-0.488488669650209,0.089397523148387,-0.027044566368585,-0.417212950380271,-0.305220165248378,0.972416050927601,0.724679522307719,-0.50769748940354,0.0281099572993747,0.0674281931336982,2.49,"0"
78339,1.06295640482585,-0.168579753429729,-0.353838700343229,0.194817203922546,-0.264468143636592,-1.34832040687799,0.659322128380839,-0.469320349280558,-0.263833160667818,-0.163761532896793,-0.12812202280658,0.517399697828674,0.708222086934238,0.376032414996782,0.703326233219855,-0.104481063877424,-0.194608107450473,-0.744262553244858,0.0736329647552992,0.240635403586338,0.0408579203606229,-0.131428508636374,-0.212678785522432,0.500171702195551,0.524460078052424,1.05379332486029,-0.134786730566744,0.0158837442406258,142.1,"0"
78339,1.27208399822359,0.190345585778061,-0.17384152944557,0.136795589201237,0.306952237682533,-0.143022157353279,0.189568387152566,-0.0623273089498364,-0.332084404020809,0.0722435171794517,0.558491115171897,0.834967941079988,0.602188172484662,0.459105050938704,0.278811542850962,0.739782765654194,-1.02717189205473,-0.0648737703146457,0.820597077968721,0.0149901177360033,-0.510806189765732,-1.5935699202035,0.0865077052979778,-0.853532803225223,0.204865096097614,0.027699651461,-0.058043533906798,-0.000694028874673306,24.61,"0"
78340,-0.814681710903033,1.31921885857228,1.32941458980928,0.0272727054236001,-0.284870622428048,-0.653984711164334,0.321551548498725,0.435974980286506,-0.704297591850748,-0.600683951362336,0.0965007121072061,0.710309173597101,0.778923540482951,0.353866907459853,0.953048469636941,-0.10354214977829,0.128899472934344,-0.964070307876014,-0.477130155613694,-0.0090406657382645,-0.128618550961891,-0.368565013108745,0.0906595496391532,0.401147036992888,-0.261033805037556,0.0806205985157305,0.162427330288734,0.0594562454865354,1.98,"0"
78340,1.23960491316574,0.374748174563587,0.297141622147547,1.11734580112329,-0.248932253397845,-0.95808245965048,0.23870839429431,-0.247773458472557,-0.0547761145975639,0.0064933033512294,-0.355406295496982,0.318362474587001,0.245940353414647,0.340342323869976,0.893164420586715,0.0389984687538645,-0.441804748991259,-0.180036068343957,-0.37144609697009,-0.122447363239596,0.0316583007708679,0.144614261984053,-0.104929170659342,0.399305451265617,0.695641453334063,-0.329214760800181,0.0148366308175546,0.0213184704013134,7.08,"0"
78340,-3.30660975109761,2.1307681127433,-1.15488684838207,-3.32501478199845,-1.26738218118643,-1.16529679168271,-0.64077869292466,1.60797709484325,0.517785917235655,-1.62952318006821,0.0290484775690892,1.34964469367916,-0.268453707636685,1.46442261971322,-0.347600587835721,0.892803507268898,-0.555599730266903,0.467259765765084,-0.245420948073129,-0.713341741041223,0.153497447556788,-0.40947606142248,-0.0227695820953163,-0.362473336758436,0.0922921611477264,-0.551646875583359,-1.59295929055961,-0.38386693778201,21.29,"0"
78342,1.2609643461352,0.137513463568452,0.47920995072484,0.634877811824033,-0.619754561176672,-1.02879056286133,-0.0471503643009083,-0.11476442534328,0.286327703106969,-0.0186023026603219,-0.490946145505747,-0.478299416897431,-1.27536108624646,0.555506578014155,1.20661811737334,0.378548563114669,-0.333643524957957,-0.345928930454836,-0.106333007939924,-0.196702427839379,-0.276498360139653,-0.875071597290563,0.155757776588516,0.331131040409333,0.164482186981938,0.100278933564786,-0.0393116625552756,0.015419268839272,0.99,"0"
78342,-1.33291531136767,1.80344862241154,0.580729869392261,0.115093318954677,-0.537363530657604,-0.804500061624041,-0.0169558544580666,0.853616806359574,-0.705682911580748,-0.72316913627586,0.187990284775361,0.938704199235002,1.09495908222738,-0.00408623855618108,0.959788428323038,0.177876537284461,0.679874070391275,-0.748314428273813,-0.61825463834741,0.0355875748114818,-0.151571222450969,-0.485779189242773,0.152739654413771,0.370462049387701,-0.148671461371645,0.0877217576722239,0.133718171526801,0.0233569222304931,9.72,"0"
78342,1.28431827603891,-1.48589839826457,0.326592085770975,-1.23443909310852,-1.56695843911009,-0.217402560653874,-1.01333301057028,0.00878658570692424,-1.62141632243953,1.43727283572213,0.471199865078034,-0.405422664782515,-0.357056727734208,-0.29769095817058,-1.20840266915428,-0.561946011640636,0.598109518076715,0.278499744694851,0.563976952636469,-0.173835473093034,-0.31904091003309,-0.661707794214255,-0.0663994377896941,-0.0186483189444923,0.365769641254494,-0.274769021469483,0.0138871906911295,0.0221378313668428,112.23,"0"
78342,-3.63420470976214,2.10722420089766,0.548240694965435,-2.49114355086802,-1.90317518687263,1.91872619771107,-4.61707989522841,-9.8191194167897,-0.188251059941765,-4.02658955595015,1.14465954952049,2.80359070592443,-0.349110773356832,1.60106603930411,-0.276520120991366,0.53879331819203,0.349353624637725,0.163976745525002,-0.871805146180365,2.00880782994412,-4.93276355390438,2.06482641880242,0.0660227305386068,0.249858222413771,-0.0792800200707249,-0.24036135218634,-0.12056495060088,0.0574175393556415,150,"0"
78344,-1.05089551433458,0.989950413415568,1.92012579832509,0.638321580535021,-1.02467838280114,0.380782303180233,-0.612008068413657,0.0055871643652951,0.0899023476521925,-0.620172621670157,0.413268435858469,0.511752223656026,-1.12777783703808,0.280938563935324,-0.675247636786427,0.35477263397823,-0.19108302134105,0.786886693692209,0.228943760454144,-0.416561038787295,0.855899731836246,-0.0263037537514164,0.0139690438935103,0.278977687789243,-0.0702408740170712,-0.454230480537327,0.0391503147968017,0.000115894494096519,28.75,"0"
78345,-0.887544422485847,2.37134902267288,-1.78627078224383,0.87930433736718,0.378177743397114,1.99688286960018,-3.43842652284781,-9.53776175680149,-1.13681198885968,-1.29707522455281,-1.51130748965582,1.31435892506245,0.777763297435222,1.61863289516517,0.740577632059082,0.133248966803751,0.0578756723781746,-0.266363551684071,-0.191080068325198,1.58037637719078,-2.19769861778842,0.972933422192677,0.653755495658626,-1.35392993278087,0.250565637836021,-0.246230866375151,0.16470599893782,0.349267434714777,1.79,"0"
78345,-0.590920878108202,0.185785652310205,-0.761507800284657,-1.81914453255887,1.49532334294222,3.38187817448858,-0.568924033367914,1.13572225913616,-1.85687562125059,0.389467480170646,-0.245927632558268,-0.986841833873769,0.257400027372635,0.317444301490435,1.12266982288716,0.959511134842314,0.307742068052709,-0.608551370641893,2.01323331531367,0.257992717805544,0.326899042929406,0.58836241561003,-0.106325143674282,1.04859603250658,0.00936537348171973,-0.0378844824391337,-0.0864992520948235,0.0446088531006653,64.9,"0"
78346,1.2356487777829,0.246699887868186,0.175407253897922,0.506931216508981,-0.212665433578195,-0.576058129261003,-0.0676044305831658,0.00163969787650252,-0.105071096307985,-0.094091839999984,1.22668121327393,0.465299936142315,-0.459291718348627,0.0203980222821206,0.48972630321514,0.801594145442736,-0.337766711323696,0.384082454259382,0.219240090269234,-0.100803791992043,-0.264940377228894,-0.831912799472455,0.0840515038690448,-0.0549375030235209,0.207465323618806,0.0994975375448379,-0.0316600207000334,0.0159359805252463,1.98,"0"
78346,0.896232307605506,-1.25891805942395,0.197581683044687,-2.13414743801615,-0.866704276769627,0.234742722190865,-0.518128395277956,0.156270297928268,2.11497168355963,-1.61805596152764,1.01948848685946,1.91092212413764,0.83533277658133,-0.0747326699667384,1.2170736322392,-0.702732266311642,-0.31651513259595,0.537785419821375,1.25676816945547,0.331894965085226,0.160013752249963,0.382335056174952,-0.32796480052431,-0.74741967196713,0.523272631998861,-0.740017242114108,0.0874731170545013,0.046074022985876,189.16,"0"
78346,-0.824053817055096,0.102983993575989,-0.82162929376625,-2.71967264218177,1.83841536032502,2.97266101370427,-0.463684307124736,1.24923958903019,-1.61669125666666,0.0999931333254397,-0.679442763972129,-0.424553494282707,0.236186166899172,0.455817106770458,0.330553443242688,-0.754318984937037,-0.604582346575595,1.46480377050511,-0.949708224067623,-0.240966483534033,-0.292305699067815,-0.68968117686498,0.0360145116056573,1.01655043592465,-0.23797713499262,0.859070117750948,0.170187357784377,0.0974335230238309,35,"0"
78346,1.18079328892032,-0.116390404585537,0.556424331403668,0.853449922834548,-0.543449170675514,-0.15869369094951,-0.276047797626999,0.0923587707091836,0.768532767460479,-0.227647360176717,-0.741751990690702,0.0151476526148749,-1.1025284084201,0.0397862180949069,-0.0370020240276092,-0.609757276937914,0.425219639037279,-0.887094359678938,-0.163077048592125,-0.220157385806652,-0.0726353309879926,0.0248595983700713,-0.0479686070293402,0.10208973425438,0.47899269846112,0.471806250832112,-0.00605625536126596,0.00524518492781426,6.99,"0"
78346,-1.86723817240199,1.02777701957831,0.683603230933488,1.10462698097566,-0.60308988837458,-0.716501022337627,0.227115870643791,0.525923197327133,-0.36093381057986,0.0243972474614294,-0.0805739532681995,-0.0373674676784747,-0.825894499756812,0.82945740434774,1.38127310843284,-0.46509955114631,0.513636338394812,-0.569988991206515,-0.0237534238137075,-0.350404579551857,-0.0363947320184282,0.00959165366391936,0.26362126658529,0.575213523672875,-0.559562343068273,-0.593051593320789,-0.265412754086319,-0.195400753123223,55.48,"0"
78347,1.30690920302588,0.292382272821133,0.144697552951883,0.96795789606362,0.325016135212337,0.28206468878074,0.0481132220923179,-0.0917267893738855,0.317721582122109,-0.212482089715898,-1.67334049060376,0.96818705927353,1.89767645306905,-0.481337440634419,-0.259515790723079,0.0366036989340692,-0.674634777327489,-0.30158172356956,0.567418930443616,-0.00958611670020304,-0.331238830759324,-0.667937258455046,-0.160456973359282,-0.97627129915059,0.768728327288228,-0.444781444016241,0.0490852971619368,0.0157486167623688,1.44,"0"
78347,-0.185156745449772,1.15634949483924,1.76364647967447,1.51757557420391,-0.187337650443443,-0.683707947690239,0.643663853817199,-0.188691800828518,-0.91413831121482,-0.0328428093321112,0.0672809670359314,0.442151198073211,1.01400136672159,0.181985173637373,1.58816676459467,-0.712265946559614,0.208899301501561,-0.00913345731447899,1.28782091155372,0.196751484619937,0.0965977294814324,0.387419821468414,-0.0894516969463817,0.735734614525071,-0.317114946103503,-0.276798078143985,0.187131225958903,0.158349073930484,10,"0"
78347,-0.783472713535529,0.883525124994102,2.16080247840434,-0.03303953970775,0.616812593883903,-0.59853075663693,1.29110291217743,-0.448857373027692,-0.22630604416232,-0.238398772792116,-0.0555977557962816,-0.602546555297334,-1.15015718621072,0.0141777167076537,0.753964007756901,-0.336537904673841,-0.396005217556958,-0.567200220619395,-1.2925026144912,-0.120094196953694,0.0246838069428667,0.319609101159917,-0.430144141393609,0.381518902118465,0.476660248138468,-0.46456498378266,-0.404514848811331,-0.395369278407153,8.5,"0"
78347,-1.6247035338942,0.968349311292467,0.951908095499279,-1.30231897356393,1.04419555684262,-1.03406594669805,0.664353650690454,-0.106863884079428,0.261778386227975,-0.00951833141745986,-1.15556201702546,0.246645978771601,0.863873839767163,-0.346503136412745,-0.165304706687667,1.02580088140128,-1.44193811471994,-0.446881439172845,-1.43577117110168,-0.0558976596280202,-0.372841788228922,-0.757580622309291,-0.309588756048792,-0.451325525322553,-0.0583607620643399,-0.196108584447883,0.501584043134567,0.271592363476606,9.99,"0"
78348,-0.358229346780484,-0.313483529779804,1.49944680159275,-2.48134433746675,-1.06226159821195,-0.918612436240891,-0.283086412792617,0.04363504677027,-2.36141004545373,1.19723366161248,0.996004410613423,-0.822677836676465,-0.57906836228025,-0.0973807041307153,-0.763167090806502,-0.0778743747152581,0.0985899412977875,0.582046257778047,-0.639859466190501,-0.261316711339222,-0.081663724837072,0.122820403796258,-0.000485033767924609,0.472026178793706,-0.381677088116586,-0.438215843769171,0.378416826367039,0.202532192503759,15,"0"
78348,1.43435548047501,-0.498320395766058,-0.132114694279457,-0.624869876866417,-0.634208653492015,-0.81792147779619,-0.275403392515757,-0.259881587430772,-0.701039456157729,0.581469525552198,-0.964065500965252,-0.737435245879669,-0.0644342092928106,-0.195109460123378,-0.177553980161917,0.678173407349376,0.450485188590274,-1.47992403806793,0.998841587472817,0.0782973092982592,0.123944491041976,0.379182315520823,-0.236077453336521,-0.0665180524454585,0.844807604943439,-0.0348714684612808,-0.0134344522572558,0.00078872923202638,24,"0"
78348,-0.505243437025929,-0.468149009446788,1.85636693639521,-2.69867919561238,-0.172314118352964,-0.486875089218549,0.0662436058731469,-0.530081546974969,-1.91413650728932,1.43345584995616,-1.04135404340764,-1.02440649148333,1.54159795692504,-1.26246405274164,0.145816398845035,-0.0207148674767123,-0.40290214786192,0.085429134169635,-0.479473577121028,0.00640889679319429,-0.468631648758315,-0.594771605310718,-0.195782367062555,-0.495622266334142,-0.0914278089100798,-0.5652552639281,-0.090324922308218,-0.256945497628249,22,"0"
78349,-1.76384338865742,0.483046360632094,1.15788223491492,0.212807776417794,0.892634835686307,0.220631625340427,0.0566196167712133,0.730134626851402,-0.530501138673996,-0.780235826542188,0.0534822014768903,0.422656226171528,-0.96516405194579,0.547812929933589,-1.20827896679032,-0.0266340533308067,-0.22412314776734,-0.0256130791788874,-0.273885070907849,-0.243933288545528,0.0243619730542557,-0.166899666838051,-0.494837664233707,-0.667753222131684,0.695139575861307,-0.380706561326069,-0.195280840874382,-0.0746383122880712,1,"0"
78349,1.35540198116852,-0.74367793920904,0.110350410882843,-1.0658721137785,-0.481627347312921,0.476514347679677,-0.88830812746347,0.222939323415706,-0.756897582810102,0.755073147046799,0.518633667266393,-0.570108049768607,-0.387741038615749,0.0697924165897284,0.590795520827405,1.54520244839578,-0.172434137042859,-0.805041604390507,0.843729533513443,0.0886533036184666,0.113407535213693,0.164398017130235,-0.119833039839284,-1.16121670758787,0.38345837920895,-0.19778657165853,0.0184559091832467,-0.0018801717727399,31,"0"
78349,1.09074939496564,-1.97024216458042,1.2253109287186,-0.756129019090301,-2.3756863149386,0.23385751327104,-1.58905648402002,0.200207376102357,-0.597937239564322,1.04044938966006,-0.872779607526439,-0.602380654290447,-0.371256110553612,-1.09790084616666,-1.06406585015723,-1.36064383136924,1.56342344493755,-0.518096121155487,-0.326812557719594,-0.149648416173831,-0.043401021931342,0.324061648301926,-0.121169330262978,0.437663379767485,0.312775830241696,0.00770765175651634,0.0746903967909537,0.0498234054583645,156.48,"0"
78349,-0.482824366837295,0.692864982085153,1.39775059739843,0.822699471797415,-0.815530481732688,0.143287037458737,-0.419969799434079,0.605202567139713,-0.650300964432903,-0.109469685150859,0.906279076844314,0.705059899501664,0.569520214897805,0.457898691251702,1.28943612872385,0.327636642286772,-0.204127317611568,1.01353049373518,1.76515292980789,0.207772720456212,0.255948195500555,0.566024809471652,0.161259728325307,0.0574945402860836,-1.05524253088741,0.503132077225923,0.0690062557146302,0.112113830724713,46.87,"0"
78350,1.33469026234557,0.252332622815087,-0.398779817707791,0.172236795620216,0.522869430547261,0.239522381362681,-0.0571795346590085,0.0575658832097138,-0.0991080275954565,-0.109501669186793,0.0756772772908056,0.319319808036187,0.380345143350339,-0.181890266085167,0.526898846543924,1.18206897214856,-0.88076554012553,0.767991574500136,0.742968702095579,-0.0173464546220937,-0.350168907623914,-1.04109684774777,-0.0961732197543475,-1.44104181090486,0.41444620770573,0.184336909524929,-0.0296095474143424,0.00301259054187541,1.98,"0"
78350,1.31125848597963,0.0750277698378955,-1.29283240438097,-0.483154333322344,2.13925691147085,3.18156392418142,-0.505045118080414,0.804860255397576,-0.0740708327536128,-0.217425555587175,0.131576212856055,-0.0281461490526148,0.0114597895061909,-0.112921113636626,1.30000713848075,0.812807414825297,-0.495483473241714,0.166473111833407,0.175176223606628,0.03273412430411,-0.342676244682858,-1.14850355673892,0.0952788160385239,0.946121234133879,0.369712916510377,0.110625671340742,-0.0218366061797577,0.0236383775739503,1.98,"0"
78351,1.47923705286309,-0.299439573968675,-0.461665392072132,-0.926780148073702,-0.0644207739376668,-0.436407581101955,-0.030121957696294
8,-1.18852094722136,2.46404919566222,-1.51672305996899,-1.53330694092766,2.67808523188065,0.171732495836057,0.0866234044050453,-1.47551101218849,0.963605270954112,0.0649058337255575,-0.802488561614608,0.267420250691967,-1.47876424672158,0.592976451809924,-2.49258125095802,2.20057854869881,-1.91204674387515,-0.517910415116992,-0.119087843642479,-0.280496898325749,0.298812488803761,0.0709423398684598,-0.969287692711146,-0.230648565669181,-0.0454079973644031,-0.162975039695361,-0.413742727133167,261.56,"0"
43011,-0.0836349533863888,-0.631237297023244,2.23438348728923,-2.26902006770431,-1.61231686395656,-0.937897366408194,-0.0184773734947201,-0.53146909699303,-1.47895754173655,1.3724358108604,-0.394195508175789,-1.91123488435553,-1.01106073422146,-0.829816699171002,0.305390016301209,-0.261717382917178,0.153988498364872,0.425980343021778,-1.19112452517689,-0.352086347019605,0.0549518343235131,0.80104943875561,-0.0538394955835128,0.870970833951582,-0.71539004137798,-0.382856811589488,-0.25484336432828,-0.283787059561545,53.95,"0"
43011,-2.48944806279659,-0.750923036256547,1.78674579827035,-1.71791851188348,-0.782829968409316,0.502192256545815,-0.146698680447916,0.224278632971179,-0.293013373828181,0.904845212682881,1.01693644969922,-0.0457864262537947,0.294262313838707,-1.00623644348141,-0.475873486326521,1.39747730394256,-0.103616069683527,-0.875393731877645,0.0216845293557797,-0.0769484760659401,0.122035234619015,1.15503021644192,-0.122723667566492,-0.23139572115092,0.683796743447247,-0.0678061996859702,0.366776037319464,0.553903431577286,159,"0"
43011,-1.14484898324576,-0.401164824771445,2.19021824338808,-1.05216371375723,0.516164026918903,1.81033109506099,-0.355611863160425,0.878710932123653,0.347809608692995,-1.17715562570089,1.63605613182999,1.47845830768689,-0.0771077601219061,-0.397422721150453,-0.589715234036102,-1.04578550946327,0.831590627255722,-1.98788777815247,-1.35494758572596,-0.00969871927335185,0.0952154349727032,0.38806364601384,0.207665002406814,-0.957997744734721,-0.651328903831537,0.877578651787452,0.0870106116462922,0.0991986228546082,55.07,"0"
43011,-1.3848392841311,-1.16032622535864,2.35372606749912,1.96818210623895,-0.279238774539487,-0.299305732059421,0.333985591013042,-0.0440158404170119,0.363503710952874,-0.283985970524613,-0.689602865805763,0.22637126467036,-0.108586118627394,-0.595011720590253,-0.10021371274913,-0.803511524529357,0.339026363655739,-0.0161760460795333,0.915880031319568,0.903897179615059,0.14241173343006,0.119821990212601,0.717550919356391,0.679159463824087,-0.3572211890382,-0.433877445459362,-0.0624463118417873,-0.0119127473848327,253.23,"0"
43011,-0.628114247951293,0.552230477676643,1.61172420920337,-0.0485994244744687,0.550879648246237,-0.360372380505441,0.841879103645112,-0.23943467356465,-0.193980366160879,0.176238393798591,1.9740054076256,0.241911077924346,-0.695564739128739,-0.525339257213446,0.589095520124889,0.0937806481056108,-0.0766013778412286,-0.131993940969222,-0.195727044927513,0.129783399564406,-0.28597678377805,-0.399594772202167,0.228875810454581,0.150098866302634,-0.309728648791004,0.0154286024045979,-0.166788337484724,-0.394738819735281,9.57,"0"
43012,-0.442462806380438,-0.130021921526508,1.3857670866894,-0.741570613891992,-0.604275420593171,0.972311650055934,-1.71263211821791,-2.22810027989605,0.455530219701732,-1.41859655954444,0.675128114713546,1.5275493727551,-0.25928551566539,0.0128510931660008,-1.36015726267004,0.403759399089084,-0.143476442676985,-0.567141690075744,-0.640053574232785,0.683016261452335,-1.40985126289264,-0.159959958805749,-0.467981430996597,-0.218838299380739,0.707141262293654,0.893544527404639,-0.0789672095683867,0.118816590281357,105.7,"0"
43012,-1.20880883185945,0.309087045482874,2.28645818668336,2.3653614161848,0.136549854920928,1.31020106908217,0.513868463923284,0.51670874179805,-1.62297554544291,0.322259438829566,1.49288756501866,0.113271454508113,-0.471162011776314,0.473639102496751,1.01227695813983,0.117755281761845,0.0145255064424554,-0.209776845216462,-0.324339427894535,0.473505912490119,0.134706284391386,-0.095398748360446,0.386643428768627,-0.350856560564963,-0.133908871534155,0.00444086381618486,0.0311810408794839,0.0935784881069068,179,"0"
43012,-0.906499276458367,0.684651638095837,0.636550159438011,-0.538500075643482,-0.601311485779116,-0.651407433835762,2.30534259055713,-0.823240258988917,-0.391145934480443,-0.149750029127253,-0.358745122130693,-0.665804641768116,-0.622040290628192,0.146662511911712,0.718829115711362,-0.186885309868085,-0.27525135369825,-0.480085401018091,0.34887052808146,-0.276593430425407,-0.0788542457449908,0.126270682226247,-0.146141874887988,0.480969782860556,-0.0121757936921029,0.974201801843962,-0.408472798415715,-0.175513449993707,239,"0"
43012,0.921511747296824,-0.525702555044065,-1.31074096403411,0.215104276458021,1.96265186017758,3.48611105813707,-0.249784481567374,0.772051978921546,-0.133872759232534,0.0295862803953662,-0.179446332830478,0.0219180954244782,0.0508548735848026,0.481954700857965,1.18573367499296,0.552636861419732,-0.986955114018771,0.405491705213466,-0.1611310784305,0.367078074139662,0.0945800053932193,-0.262699835086972,-0.275542969019426,1.00911649700791,0.700952534864078,-0.333800859425543,-0.0109253712867103,0.0503128418878856,192,"0"
43013,0.654057521620267,-0.962926235432873,0.718353142553812,0.116065820283618,-0.778858706953319,0.612873635787798,-0.409043198213717,0.274020038586702,0.20224519711935,-0.257598247679655,1.99733004586262,1.48996358257357,0.876346579316644,0.111819558127016,1.22341054320843,0.238231730137494,-0.23770791930697,-0.527874424651643,-0.722768350118579,0.418512270978119,0.242896756110451,0.25239015220336,-0.0936984289231558,-0.196599304058461,-0.1571076563267,0.741937056933022,-0.0424457583446717,0.0468041059249084,242.6,"0"
43013,0.984107054148914,-0.350498072003466,0.406694038683508,0.596093426350108,-0.27658272515453,0.539304278309007,-0.262431359390304,0.316074099635803,0.327677579668592,-0.133075974619694,1.36035946389746,0.903429764386523,-0.96562770470977,0.354630706054259,-0.298312414700536,-0.624017791147641,0.405895225413008,-1.03596267737306,-0.197172345424852,-0.0913727409582812,-0.099648624676453,-0.254752536957553,0.0201704097926258,-0.255541994785772,0.20281268600092,0.412310109512712,-0.018310553602722,0.00358765964174635,69.9,"0"
43015,-1.61966072255036,1.08260920652013,1.27066355638882,-1.89046637811109,-1.32123128161814,-0.930830882255977,-0.585460598644012,0.992871763307318,-1.63504077690342,0.0782257967303877,1.08844409792021,-0.20552695452279,-0.758883344206848,0.59049374888303,-0.451982360362594,1.77271447931336,0.197156850675813,-0.911076448991683,0.264035743043728,0.0646623963107952,0.0116396924659895,-0.333087239845794,-0.0396630290700398,0.480739881890538,0.317292423283011,-0.565943647312191,0.118611952311711,0.0487887702278111,2.39,"0"
43015,-2.43640632856676,3.39430618844463,-3.72652294639367,1.30175691564959,-0.289533141117745,-1.29328386392305,0.16679565799964,0.951335687514651,0.528236426137482,1.0053076040701,2.8106879481679,1.0305513195387,0.577839614333597,-3.30313614943766,0.640030820079211,0.833185277030546,3.1885832554718,1.32964943747648,-0.800085297908976,0.611286931633764,-0.292413456459502,-0.0571187362035753,0.0474896789962259,-0.10076775533639,-0.171116156233151,-0.398465863197879,0.602042015192894,-0.00400926048444587,89.99,"0"
43017,-0.738672345811267,0.275657102718672,1.27229127474547,-0.475348433471765,0.476659778973607,-1.29512485881086,0.639109956756029,-0.0627051585660169,-0.864195547220237,-0.376930386850263,1.4777974122591,0.573605531594432,-0.460048314969912,0.637863381616705,-0.0696108806550663,0.131475901922821,-0.342933339303602,-0.330663419211213,0.669521103556832,0.152759602617112,-0.2127722307117,-0.938135827010497,0.266157555955555,0.52635408108481,-0.677996972106022,0.507481370934105,-0.00777269329188345,0.130016435584681,31.98,"0"
43017,-2.19068065004518,-2.40500762430298,1.78670112480823,-0.321235257012131,1.95258034576624,-0.755988980484283,-1.47713826271025,0.792090263128574,0.842121233823328,-0.739580275383187,0.711088611390774,0.567485106544955,-1.5863893506156,0.0505797013926522,-1.18404287896809,0.341749953559465,-0.464416818908875,-0.402876093600786,-2.13555442680238,0.262796553863794,0.406036494126797,0.46644154417721,0.760869687024371,-0.320133340586905,-1.20851856192443,-0.153597503562632,0.119240280724256,0.263061278673762,64.99,"0"
43018,1.42078258322837,-0.862577760241995,-1.10870868458683,-1.6191059108065,1.40638518640459,3.44596354479771,-1.11253429343483,0.827163095081781,-0.577182490234156,0.544610062181713,-0.36611558457418,-0.506239317496024,-0.000182849205387509,-0.323147163900113,-0.299701839521549,0.904694262091325,0.180555617061143,-1.32151455275958,1.30697515886625,0.199502446696211,-0.0658304877661371,-0.281142956586742,-0.0814015540897597,1.03127789151009,0.71164896925083,-0.230606130539241,0.0134651253533321,0.009021304783431,24.5,"0"
43018,1.28526812286991,-0.437663804759499,0.473231228276684,0.348613362529272,-0.588220523428885,0.379011936610474,-0.726237914906845,0.105104910426769,-0.718642267381521,0.79635537373742,-1.22967245958187,-0.38638926913072,0.434717163082765,-0.0305393601868337,1.38066207458295,-1.11266103492681,-0.371869079024118,1.41399670163248,-1.45032845419602,-0.497732572591807,-0.218054505842566,-0.121282779546155,-0.108712433600877,-0.792828075755955,0.466295343316233,-0.170725969114399,0.0788555326302439,0.0277526495665854,29,"0"
43019,1.16854611710359,-0.441765702378379,-0.188838335663802,0.109496565220657,-0.137868003634378,0.0811652250701372,-0.0208792498725509,-0.0869516729686696,-1.45990660042302,0.878432602687032,0.279388116377627,0.698163623406623,1.08554729250227,0.326191221791832,0.0398207518905125,-0.871574909074543,-0.850184395479998,1.46352906105213,-0.162528307267276,-0.228470353398732,-0.783246445797588,-2.09080058540412,0.0420384412167211,-0.93003154579813,0.253567574118037,-0.810391682790167,0.0159953493374334,0.0333355444068991,118.57,"0"
43020,0.140387928867262,-0.531282408396024,1.16132192588745,-1.64852692028295,-0.998934951157537,0.0468529337147777,-0.311957291455908,0.402727527168068,1.88186208732999,-1.36786188731133,0.862594028694433,0.761311191375263,-1.70905328362873,-0.0631930677546911,-0.295179330590289,-0.894005826437669,0.343722660332729,0.0544233707426142,1.01794964695232,-0.105599553826512,-0.000302750926858757,0.167219342480299,0.26858662785913,0.0194688097161116,-0.617610983888255,-0.210328910572967,0.0143534622105495,-0.0731894308866847,60.11,"0"
43020,1.08704259757789,0.0380884291725718,1.34577982837469,2.62622573691458,-0.702805794330255,0.699363567071226,-0.728617319939183,0.432896350023605,0.231267743268852,0.644221914878582,0.0236609848617944,0.00668523970082706,-1.69587508229214,-0.0210489775925755,-1.40088555182824,0.70834051225396,-0.474695163441607,0.353477470845674,-0.184997792564054,-0.246552068038988,-0.186959250491394,-0.443591457979609,0.0251356592628032,-0.0592277581219317,0.27883404861197,-0.0828117362968829,0.0273673262046965,0.0176925722051212,6.45,"0"
43020,1.33646177877414,-0.456258659879826,0.552276258498607,-0.486361226554039,-1.23954282237442,-1.20766923095954,-0.380248718414619,-0.292204700624628,-0.945236686579103,0.648656402951297,-0.105164919871559,0.288051865709922,0.872442178635164,-0.025791653390163,0.823594140044363,-1.33832477744678,0.0312926456490877,0.699640469075472,-0.892881149156374,-0.410765980518766,-0.414582160364108,-0.72739817396482,0.132203669265194,0.756337673669334,0.113051778833876,0.924789745658716,-0.0543121308571215,0.0176308831079231,25,"0"
43021,1.22611937409991,0.300954427311942,0.660890536707432,0.694583043858285,-0.570436000012035,-1.15787074643165,0.134435175092065,-0.276243208348377,-0.10625001565025,-0.093886412634406,0.221033428102213,0.927617913788935,1.10533286768555,0.091846270813131,0.915836549374388,0.168538344464106,-0.352333384290554,-0.751613296029709,-0.249808943640446,-0.0372329746399066,-0.222524373302821,-0.618096451288619,0.161366450778518,0.729903121716051,0.200228155917126,0.0708391264302138,-0.0242451200104141,0.0252123344910241,7.88,"0"
43022,1.17440720590116,-0.237577522486016,0.585989311639749,0.794384940798712,-0.910938772244423,-0.714315789324815,-0.259938922938437,0.0375708730963089,0.926596212177988,-0.161348955205876,-1.07485493495476,-0.857120224510263,-2.55022110816265,0.386427365868824,0.15192888740842,-0.0558139323248186,0.154202592599623,-0.431950381395651,0.264975786292251,-0.220176019008771,-0.316210509674285,-0.928336247815527,0.088424828095288,0.347267477932647,0.219528649943603,0.291983998850092,-0.0449834365907882,0.0147056403557625,33.35,"0"
43022,-0.638568986348599,1.0950766397891,-0.0255191549360284,3.05570020947553,-0.26057227123196,-0.417892423036631,1.21446071227557,0.14539893206408,-1.81246094283587,0.722584595224388,-0.672335830816906,-0.00461755601473406,0.71845028927393,0.76096863646939,0.663026813900017,-0.277595622372202,0.184552462300907,-0.0727248499252973,0.701235172977662,0.574645883103013,0.315070166030541,0.602849840348352,0.552806437972597,0.401082740971916,-0.896477035496977,0.0901402970337172,0.304946871439269,0.236797433277116,198.53,"0"
43022,-0.845979106821771,0.72368464880549,1.14355470177008,0.421699809903437,2.47675196067918,4.37086301608761,-0.102079658563536,1.1890145872333,-0.807525715546373,-0.213048700110149,-0.994460237091702,-0.43082825988862,-0.24874805349934,-0.323062212045826,-0.811961526687437,0.925622918277436,-1.06543867860284,0.413808159761418,-0.989261949709185,0.0158828622107657,0.0774211777543372,0.103081148807601,-0.402871085356769,1.01091344677164,0.706718527487656,0.0799805886778683,0.0412438791389509,0.06444985549904,19.91,"0"
43024,-0.842491644659979,0.100681577204509,1.5117955969187,1.26244925527862,-0.837011799606379,1.72854119765803,-0.599478508383321,1.007127978305,0.664461173901437,-0.65984258017665,-2.52515917749016,-0.984074286027806,-1.17224651159971,-0.084486714612536,0.918354012730733,0.10261252660866,0.0605887173949909,0.937532378874454,0.804162816322502,0.162057179656941,0.354109209171681,0.892044587417136,0.0835901455726671,-1.33411947543753,-0.409118946377394,-0.0193416732517209,0.105707068108044,0.0993065619170651,141.24,"0"
43024,-4.07306992902215,-5.63065235426993,1.77342777880628,1.38829244581274,5.49148887427925,-4.14338631865833,-3.64727048554184,0.291916014131005,0.348495498672378,0.402131256683978,-0.0144424484102579,0.661810992926455,0.860224788776207,0.0905242607645438,1.90818034460914,-0.624505268417965,0.215468631450207,-0.487061230275168,0.784287208907828,1.71703206982496,0.498830621938724,-0.0390638483628643,1.24734212325429,0.137113163551824,-1.0225197699404,0.886097894526576,-0.214264337796425,0.0884400392081647,3.84,"0"
43025,1.18708121413825,-0.910387920042959,0.073963669064715,-0.677713535605863,-0.66554797445541,0.0395465172371611,-0.444074585174681,-0.0617989948656238,-0.82494851480802,0.575581081388691,0.554558973888009,0.668248875967779,1.21442476807112,-0.511243839401889,-1.23513458591607,0.977424827215041,0.0702113948660352,-1.11530632620549,1.49587954875306,0.387474964483572,0.0583153123286139,0.0211280287342647,-0.262452289715744,-0.434287408338293,0.632139492754232,-0.226209638481344,-0.00557574432039011,0.0170274542929707,125,"0"
43025,-1.11313379152881,0.762742019791164,1.6078079750686,-0.233133547466911,0.893739557835657,-0.253411933832066,1.03099349721073,-0.110555536424318,-0.568177938922859,-0.0961872919399642,1.45743321268681,0.809901532725971,0.149665676789101,0.106894219522953,-0.213716691285227,0.0466799106851535,-0.827384401152087,-0.116698911945643,-1.11316358315827,0.0224063088230542,0.0988863839564099,0.507938720761405,-0.338117993596445,0.0324140119228207,0.337022847019451,-0.500131787916525,0.0590236639921596,-0.0712271760674425,39.32,"0"
43025,1.09193174630979,-0.134031655684085,1.6121132603846,1.30446394826193,-1.50388306848576,-0.652280106412739,-0.779846656950531,0.119511853826958,0.84440735918764,-0.0350902710886256,-0.202567044220099,-0.255037072775569,-1.02164673867805,0.102426290766557,1.67014756674552,0.663462058281121,-0.50586117892295,0.57270689929463,-0.988009288973991,-0.16332168982437,0.284755067479872,0.789731771316628,-0.00545607300751646,0.895245282868319,0.25238882948714,-0.285094477787985,0.0668196500915542,0.0493718351848544,25,"0"
43027,-4.73359057186277,-0.447010868408635,1.08785173614515,-1.80897496759362,-0.16283760075778,0.835836855101845,-0.702338300200917,-2.83186525646872,2.19043388552814,-0.0158561502392017,1.78687782114393,1.48641863146646,-0.114747282076044,-0.697901089540968,0.785574121799696,-0.622862564541252,-0.307871736255531,-0.168171792448399,-0.489074516270031,-0.296989009297987,-1.47997044660055,1.62570257017935,0.347487441927267,-0.238783449018815,0.593952663622325,-0.787500951369335,-1.99251114401999,-0.015898212875068,2.16,"0"
43027,1.22174394213597,0.153731678982769,0.287260530434715,0.730225784091116,0.0562131803945457,0.243137411381933,-0.184068733617877,0.10911721345002,-6.6548227693964e-05,0.12501693438735,0.328900157934032,0.607493450041613,0.270063335231855,0.346171285925899,0.549815256064044,0.910336882627908,-1.22747484755168,0.6795334307919,0.356707505225474,-0.0480663121853006,-0.207283052560434,-0.664363096931013,-0.0577314077152376,-0.87255297215603,0.421217204863713,-0.570288989164941,0.0292295357971765,0.0154513197561406,19.99,"0"
43028,-1.10964552515211,0.811069300236989,-1.13813532731484,0.935264670223385,-2.33024787785051,-0.11610605479739,-1.62198623466478,0.458027900124116,-0.912189159098001,-2.96199570179906,2.77896789639267,-2.37959961108923,0.918962784041379,-4.01578678027745,-0.530009790602772,-2.81588776765893,-6.6493577879714,-1.74611328389964,1.08340676372199,0.168890572541282,0.641593528333926,0.841754904759402,0.176727750810022,0.0810041184974676,-0.258898742565752,0.707654245320429,0.418648658517389,0.0807557537005394,204.27,"1"
43028,1.06090371390051,-0.428449615032597,0.657410670158755,0.818279454390484,-0.771057557463445,-0.074720141703679,-0.365677026313923,0.0176510859892742,0.857926416059184,-0.249032213087328,-1.25809221377809,0.184398845265341,0.0571174089547378,-0.325292193432315,0.132748796684873,0.158530433981099,-0.302458721986916,0.0251192200898118,0.110364962720833,0.0933385451223249,0.0797076567494907,0.250264410925562,-0.250007928523288,-0.0688562630360107,0.527465304848969,0.533478949681151,-0.0138456854201181,0.0294161815383389,99.99,"0"
43029,1.34954666792075,-1.38312684531819,0.617901769974189,-1.44972610876992,-1.73413194791586,-0.279394730541672,-1.3085058490603,0.0385072756140666,-1.76548487349742,1.57998388783252,0.806118208165113,-0.588800486676708,0.0742690694382157,-0.207045345067881,0.226791431528271,0.174603306026364,0.0339078521640061,0.984263859979927,-0.0463896908673404,-0.193528972644139,0.00425261564889029,0.216631196877103,-0.105975045742751,-0.00228541773759369,0.312960421871795,-0.106291543395817,0.0317561885073118,0.0244145508868022,79,"0"
43030,-0.814086726561124,0.745172803271277,1.76513709926217,1.55984703052056,-0.779369841327428,0.198457673601879,-0.216492610660603,0.698684880806487,-0.197452200720341,-0.445313040778308,0.464834331142828,0.826114446741342,-0.813793954372062,0.207853781804424,-1.34142940790981,-0.727668724491482,0.553830858984592,0.411808932281599,1.43063464660854,-0.043346465077829,0.127158790594776,0.445130856357623,-0.0722926177961574,0.548275596963215,-0.174952002925956,-0.243618345559187,0.0651774727590418,0.063860013144096,32.85,"0"
43030,-3.42367276517368,-4.83827818876201,2.64104797277397,0.431325824026752,2.743797090281,-1.43245667214593,-2.93028893541327,0.57207458505945,-0.48847195946312,0.68961462850886,0.757584537488702,0.0208404631849494,-0.221717082566829,-0.689550776986532,-0.468605140842579,0.10352051041137,0.999552730478286,-0.903229627079575,2.17355664227848,1.67674043577443,0.478959140526847,0.249435274909537,0.785089528779945,-0.31558973720216,0.309593953490539,-0.0603642523005989,-0.226213897891259,-0.0667168511383894,139.04,"0"
43031,1.04437742813607,0.0483553980344724,0.472099720059492,1.352430037227,-0.232541739039944,0.0370708439063406,0.00348844279359049,0.118361752571659,0.0343412475669471,0.0327077217297233,1.32072840235092,1.2132076333116,-0.383579359730805,0.30940291859795,-0.790004412393197,-0.575149114372392,0.0955161884338408,-0.525439152270777,-0.164208790897631,-0.128081302498581,-0.0185645897431759,0.0649242291670575,-0.0764260996391243,0.242826792745166,0.589352771106002,-0.34588251525283,0.0292526988910197,0.013312068110581,41.05,"0"
43032,-1.97900402002209,-1.38637453271096,-2.14003971539676,-1.17657719476025,-6.89710311395102,3.22672500866102,7.13230231399815,-0.979223520414414,-1.86467502301765,-1.43212310881567,-1.10896590830587,-0.946198829918379,0.984149158121419,-0.329651745525589,-0.789358685445467,1.58322272701919,-0.00269168432188778,-1.20519267943065,0.229562332578392,0.263851607744842,0.222923810242678,0.806672865764671,1.05737279779918,-0.0510614870379434,0.275150407154443,-0.264738502835708,0.527393358995755,-0.319756459725234,1658,"0"
43033,-9.03725799933844,-4.85135779262233,-2.49467907563324,3.0400773297321,0.448200015783927,1.10824985578558,-1.72888175956671,-1.71821681972836,0.288059195431273,-0.878853101453867,-0.467474339858275,0.993283793977996,0.51367233323618,-0.454906779395129,0.29238199233625,1.10907175995335,1.06292028945786,0.985830615999252,1.81744178128321,-2.27344930141572,-2.20906092524563,0.232709122380286,-1.39543724764643,-1.46937370322449,0.43575668013602,-0.0788528964430016,-0.280190820574028,-1.63015380364675,58.93,"0"
43033,-2.11631539824288,0.629433150037361,1.28587148209303,-0.362216076311764,-0.346560350973561,0.0586293298875196,0.202793183985955,0.374882675709499,0.944981517534212,0.228621549686399,0.120661119196161,0.629443924807934,-0.788545669702633,-0.548519041809602,-2.04570787773742,-0.0324533374363118,-0.353106313113016,0.0804949088580705,0.246330961679977,-0.147047576263187,-0.2045731071652,0.157437800352825,-0.0846410274919193,0.0401176307823841,0.107750311070498,0.27674613024793,-0.653978272734786,-0.570066669909697,28.77,"0"
43034,-0.4855881185707,0.287403392020315,1.2336300130935,-2.15015365959616,0.372407290043687,0.257327390906822,0.16185111044094,0.134850155515864,-1.26185158811064,0.00519121163873348,-1.25602805478287,-0.745969543080757,1.12869336574111,-0.597836375293541,0.478383217807774,1.4811976788819,-0.283953493662034,-1.61521108425616,0.193594714043935,0.298954193414994,-0.161419313374941,-0.510452790818049,-0.251421426476969,-1.33800412836068,0.52935177141469,-0.429691277574787,0.21811519315391,0.0222226594298987,15,"0"
43035,0.679666803879501,-0.815664945868365,1.29842063861561,1.75815612076257,-0.950648462006126,1.15616401276642,-0.577564815807517,0.408251001249886,1.0297490589241,-0.36228252328071,0.680545315772204,2.08242418673607,0.547296829094791,-0.80713605896955,-2.32737309116652,-0.828179270980183,0.405187972910576,-0.642553333941909,0.253856192049893,0.222256843031482,-0.090687009989193,-0.154940762056645,-0.158464181301926,0.0646143599750472,0.383355680710232,-0.417898519778014,0.0736387758499513,0.0540417654681895,188.1,"0"
43035,-1.80896242366358,1.43985956954922,1.70925539324061,1.45857562130262,-0.456446594972102,0.629757932819766,-1.15622803938999,-3.10225505492621,-0.228934925990413,0.605745782087401,1.21996262134055,1.13996951910966,0.0723903980786006,0.0553838316340653,0.0193438687907166,-1.22382068285934,1.05091091678377,0.306241102593755,2.8848607445611,-0.607232710115695,3.06500913027323,-0.64724601802493,-0.0197498136645609,0.592264013711848,0.178349443393334,0.801963473775171,0.039762066427864,0.117406702665701,8.95,"0"
43035,1.41041945770046,-0.348236235615688,-0.325649410467601,-0.911253294288319,-0.208755476197201,-0.419860011817639,-0.227884488614866,-0.103736762952231,-1.40226016688523,0.815593850593407,1.40847648949237,0.0837430249415935,0.137113598097673,0.303696338546206,-0.0103881642813824,0.721779336737163,0.311560154164451,-1.45823499451797,0.693935038784225,0.0336821991139406,0.241126964715424,0.662461946653683,-0.177105228011312,-0.251634394586212,0.741011583471994,-0.0516419175341133,-0.0138322153895779,-0.0169551651478646,1,"0"
43035,-1.27001071741995,-4.26066271413305,-0.187048031674929,1.63419406274821,-1.93028480063906,1.42006393095149,0.669649915033942,0.251029725135435,0.805441871757974,-0.766537538489269,1.12517644463279,0.927471804201919,-0.981984349196822,0.20967056776256,-0.321771767853221,-0.301636184726081,0.465016508233163,-0.549435001041322,-0.585036120765772,2.21670532554648,0.611970027097141,-0.721228946775545,-0.942304035765528,-0.213416467886055,-0.397861719541908,0.292172047205489,-0.194854049926663,0.213403719444435,1209.34,"0"
43036,-1.46908472618598,0.164176264558087,1.51404228013462,-2.57942757935954,-1.29507724231072,-0.188201334660279,-0.573245110312432,0.345008381145143,-1.63617756542156,1.53218992872333,0.142905258806091,-1.0367341244876,-1.1993886338983,-0.463864802411878,-1.63044097597426,-0.345030541982645,0.428479443293685,0.39271250843919,0.0574346621835373,-0.254917409148309,-0.430623370146481,-0.805452593982112,-0.209704014841001,-0.0723918747246426,0.380924353798181,-0.451347305422808,-0.303170379864028,-0.0972350890897903,15,"0"
43037,-1.43842037405252,1.6507772404998,0.816550488826598,-0.121855221370667,-0.541440247156444,-0.327226633962208,-0.141240427769361,1.02686050728392,-0.925334423651692,-0.348639232201154,1.55357175726652,1.50339358471609,0.732644419389419,0.798694091923919,0.245758905541525,0.235976014421805,-0.00485805458765794,-0.400864788977224,-0.176300671719895,0.0190478657227031,-0.0749353979537451,-0.318369976314894,0.120869239924335,0.220669924966011,-0.203158258158883,0.0779720631698802,0.148989441528436,0.0335641859899727,10.02,"0"
43038,1.0548075367427,-0.972480951716733,-0.57724625683654,-0.839138059890756,1.21823387892935,3.91177688532079,-1.08826766657966,1.02576569262015,1.06273335211093,-0.442335201937616,-0.568160706879761,0.399176286402682,-0.0665599247849198,-0.386676713669496,-0.0998981806649829,0.221140409615249,-0.350976277248071,-0.170152837705739,0.803095932721453,0.268879269034953,-0.220789130216872,-0.776454448771555,-0.0519680861084632,1.08295976031603,0.254931421018228,0.946143274923721,-0.0521916752656622,0.0266488122551204,118.3,"0"
43038,-1.32794491186965,-0.366398686762769,1.84066337124857,-0.814898903126513,-1.58906149972182,0.749136429682225,1.31655358900174,0.0706994917248408,0.737982433455854,-1.35266900366392,-0.930730866890312,-0.197110490706191,-0.985518766323146,-0.563076839343441,-0.592131830148592,-0.0468966245145876,0.12227998342699,-0.855988049777023,-0.560594431076317,-0.137185038278144,-0.142431470998994,-0.226417745925679,0.28718456117936,0.128500861000005,-0.176682179517944,0.810884545870137,0.0261064284724516,0.0318905676293999,338.33,"0"
43039,1.08731250535661,-0.657623232104467,0.00477529463748837,0.645994706534025,1.26490298839628,4.65591116096668,-1.38470546265467,1.25910074312585,1.43641782070614,-0.338606752158171,-1.20306915661942,0.624609205824834,-0.296665693685298,-0.834628098975933,-1.51265971098652,-0.291156142955703,-0.125266057426633,0.0240613652038293,0.648136493814099,0.0220061258107956,-0.216802243130321,-0.368961840688789,-0.115579395214001,1.03161454581181,0.684304345317854,-0.310508163905971,0.0938143781224582,0.0360001616576608,44.92,"0"
43039,1.37215357503175,-1.01190405495357,0.915087825806343,-1.25106740779158,-1.70514314790672,-0.718167188393137,-1.02272575731938,-0.151478138905719,-1.97396327148439,1.3201526959854,0.486156393389537,0.0913869331210109,1.68428533524309,-0.56553724076042,0.831606751374782,-0.692568556751976,0.826363389220665,-0.856897845906748,-0.815530821708558,-0.239262694802008,-0.275873969248438,-0.407586014632975,0.236377040308435,0.584003300243435,0.020466760881542,-0.420086614388545,0.0636308071049196,0.0390024332861874,39.2,"0"
43040,1.06728518872791,-1.74892633276169,0.445673840483428,-1.26907094166937,-1.90654665743397,-0.543666197989572,-0.948074661609138,-0.057379086231921,-1.91614434283504,1.51780096411887,1.1228376347301,-0.52907620345518,-0.18910402360635,-0.0109070546754175,0.118515047741059,0.0150564887367158,0.231221855905234,0.638470934185149,-0.0582182279604183,0.0602305749926549,-0.0860059980406382,-0.402980308771016,-0.0882750442057568,0.284650769852507,0.123810918180504,-0.318173409905767,-0.00537171761104983,0.0507129927749732,217.8,"0"
43040,-2.94669206688108,-0.350569658422224,0.679596677629986,-1.30623823726188,-2.54114381707012,1.0204598622048,-0.524322763390789,1.5258705429246,-0.988931342027862,-0.701594140333072,0.146656419316615,0.237794854026183,-0.381000793264371,0.0911486264106123,-1.56995895713953,1.4037527479444,0.876207349966679,-1.1001650005623,0.498681236014658,-0.272949140410233,0.141489753882041,0.258539033617052,-0.0254598499818682,-0.280906829867,0.456510367969334,-0.280488383206132,-0.0702955028433518,-0.405471303981021,241.54,"0"
43040,0.990268298775864,-0.0638414682244471,-0.399402056457564,1.09177576946983,0.197856551029915,-0.179446886735195,0.40444159541037,0.0218498424379349,-0.345869629259668,0.222889944975542,0.969673286831828,-0.0187584030167589,-1.68584949264832,1.12086362358407,0.414373227294327,-0.0826597879874258,-0.321058569395576,0.00174804003828758,-0.277156853684794,-0.0425413492651525,0.109228712547972,0.0294487751123701,-0.245834342232396,-0.328147072152419,0.689290491171779,-0.254507686357863,-0.0293655221858086,0.0102970594925857,114.67,"0"
43040,-2.30718046450931,2.05290265044012,0.339046069924327,-0.624857604780393,0.0496518413691251,-0.245849867974418,0.416663594915276,0.306013004310177,0.522381730481688,1.8054445356086,0.76832508927264,0.8286073604555,0.783381072543505,-0.208053063021318,0.253934578491611,0.536084717992578,-0.99091153930879,0.231857667138034,0.464078917181664,0.711449935700478,-0.461962608073181,-0.672388137126229,0.0705543126001439,-0.518142023410824,0.247937161803664,0.104223584329203,0.542121107005528,0.173785189013317,9.84,"0"
43042,-0.834348414104217,0.951078695197357,1.03208056463629,1.13427471196221,1.835394759373,1.40505969543199,0.874547268503474,0.521579802907541,-1.85698907214931,0.0738089739163938,1.88615992291336,0.831254968127405,-0.0300271827237286,0.660184423406194,-0.143005330217868,-0.597040514003957,0.181437753042807,-1.87238944045363,-2.73437538115565,-0.2253992597066,0.30735295408811,0.839443459791274,-0.0221832044802089,-1.01467812729048,-0.353909521721488,-0.0464467686349178,0.13522938850292,0.121501321797068,22.06,"0"
43042,-0.847424950963444,0.548680082307017,2.61446215649804,1.29284829908797,-0.465039437003544,0.826199476495407,-0.364945136946225,-0.393025009978395,0.34652657367511,-0.451818363769236,-1.03218166715717,0.960440961364606,0.370798324885142,-1.25065878443406,-2.66971832945176,-0.39688206963395,0.544980877724715,-1.5262335889847,-0.950416933995854,-0.372598482841697,0.547418981649986,-0.449528210808349,0.115867333301348,0.455806027597294,-0.358948391084479,0.714345616756209,0.103305716196029,0.0332797604628139,22,"0"
43042,1.10114036907124,-0.107396163050919,1.13574220142632,0.512743159826033,-0.96794554166919,-0.421795861980929,-0.481396362916458,0.0516967412019809,0.10123255848734,0.0282753236798857,1.6797420957955,1.37474607212929,0.870831598800012,0.0328029038099486,0.604066446353264,0.762140099902052,-0.793113652009979,0.340569391399891,-0.176188589944051,0.0433916358231184,0.0900068092809871,0.20416682089087,0.0369662323081889,0.595313935791086,0.108917776779284,0.355136252180088,-0.0112140717870726,0.0258277331760135,38.68,"0"
43042,-0.707372000711846,0.331929719505859,2.09264454697267,-0.372891790771866,-0.146355635258392,0.504038082921961,0.490801284816518,0.251827521953693,0.617613736932297,-0.454615171627144,0.55946013117779,0.277298784278555,-1.70606122101082,-0.369772660927391,-1.81049274217821,-0.45628492575485,0.00648190571285755,-0.351087132918581,-0.255998406428597,0.0242932727075175,-0.0666185645291162,0.248342727226057,-0.159005303808681,0.0329524923249755,-0.0942651089019885,0.360542270134051,0.153711316141438,-0.0621612493604666,39.42,"0"
43042,1.48469559061852,-1.21406413160104,0.322966666111584,-1.75029831628865,-1.02961959495558,0.654959574212303,-1.44456315153316,0.211270784753105,-1.79425962702897,1.5484594287578,0.378173617736783,-0.465942783785349,0.784448757642868,-0.360995883786875,0.466237107220875,0.0901778909320442,-0.027911275735657,0.722689084623104,-0.073280723446328,-0.286038394303234,-0.0536372877073417,0.258856672925467,-0.133620866201058,-1.15395467727071,0.394425257335233,-0.0193811276851218,0.0627584311812115,0.00291971878435095,17.4,"0"
43042,-0.230884912758227,0.469836497513922,1.90162338397879,1.86319821489614,-1.04045240162649,1.5474687722665,-1.76398559650043,-2.02857261876486,0.482685715802182,-0.80389177989316,0.411245263414874,0.738235250318068,-2.57514409289394,0.363177305770247,-1.78630807461117,-1.12561537261467,1.20212505109647,-0.505236809084304,1.15399645557473,0.481836224846442,-1.64317770497645,-0.366222273582001,0.0486634578472789,0.178776993406424,0.72714227270221,-0.315206419564653,0.141902066946059,0.214188082656255,2.9,"0"
43043,1.19150795301339,-0.124361526141014,0.86023597168314,1.03105909535944,-0.473510516332181,0.613282031732054,-0.729287674502708,0.330151132839143,1.00421608745387,-0.151539007605758,-1.40216588514041,-0.463665701830065,-1.03048994932749,-0.0176182357755148,1.07284151523653,0.281420425870402,-0.360371720038928,0.0487998364266055,-0.396067629418054,-0.226770316020171,-0.0521060297048766,-0.00626576562473271,-0.0580318760393695,-0.806659982699716,0.389354114002697,-0.313162581636625,0.0777943907148859,0.0231243725149391,1.18,"0"
43043,1.16953660535548,-0.329942335903381,1.21924212178312,0.0653777158286269,-1.32069986170597,-0.487203500553673,-0.835483301111663,0.190900414890268,0.578440771369456,0.0212863818915889,1.3774998133393,0.326959796285827,-1.00675569191025,0.291779458045772,0.940909735638307,0.960897176513442,-0.663208284218945,0.608746319349554,-0.0716886920542058,-0.105236657455765,0.121519663630515,0.276494044576954,0.0721305793259129,0.583399737905061,-0.04673827503104,0.976902712876082,-0.0509104841774085,0.010208078180215,10.48,"0"
43044,-1.77001905487928,-0.914378108018917,1.19418401227278,0.37255773116666,-0.2790289592867,0.269682717689842,-0.439067951577716,0.438582523783164,-1.0555496495457,0.880866713145615,-0.166442713165533,-0.0215234165097397,0.0634993346749088,-0.040735603291195,-0.0563763139991454,-1.27548533951987,-0.302084998074669,2.53485383593451,0.324408621745587,-0.232835183716531,-0.196251964356794,0.17100122945151,0.282233007108769,-0.526068698024387,0.0617551895029493,-0.157076700544332,0.116318878575743,-0.173909652163424,111.5,"0"
43045,1.37579209382596,-0.414609544368929,0.579764541530202,-0.65964390380276,-1.04669714273088,-1.00268116240302,-0.463264083040822,-0.252208729217671,-0.915277644641521,0.569306863702462,-0.0249500636674744,-0.00526617724576351,1.17915591645168,-0.359397750277311,0.676915661842536,1.18071142337777,0.169811655330927,-1.70320073639322,0.607730798917788,0.164767118355262,-0.0762935654214252,-0.324958913899387,0.107835283558002,0.394750572890021,0.260780955590762,-0.484899011547691,0.0140707149951013,0.0276332310532412,25,"0"
43045,1.41117728409858,-0.273367367209228,-0.304161902476346,-0.921295617685155,-0.116525099102591,-0.395272191624127,-0.157769891391286,-0.162448686938585,-1.55874012962222,0.785240500023651,1.5847174757441,0.633371802993147,1.17056418781575,0.0980268558277643,-0.123775411256305,0.673302269089009,0.25250424874359,-1.58502696384614,0.68695760507312,0.09989591116736,0.253009140077582,0.747099188579235,-0.189509687604454,-0.22333941299942,0.775978944166179,-0.0551050837681258,-0.00707629679056178,-0.0147356457882889,1,"0"
43046,-0.283402258191662,0.858337006597751,-0.301697111648728,-1.11540986822553,2.54455966939748,3.26874363051667,0.116515749474611,0.934846046725783,-0.503811089956219,-0.445492175489556,-0.0103634140473834,-0.332378407447649,-0.0792648842442818,-0.258410643261802,1.09778029157224,0.71549220243086,-0.482494929959471,0.324058476350639,0.282641419296834,0.224807731375118,-0.319583183552766,-1.006045035091,-0.052327238908749,0.935662649528017,-0.00696420508268059,0.0880817457040798,0.247542353849335,0.0910075995915224,1.79,"0"
43046,1.13124393363786,-0.968359413088039,0.300489221963391,-0.486476591635034,-1.03584596377215,-0.202257069153462,-0.5741434120509,0.0930714253117008,-0.656271595970106,0.62038142237792,1.32726166084473,-0.0329759996118454,-1.07920932062918,0.0383919273352424,-0.91349636477579,0.371493285365176,0.878892104692034,-1.63752025164749,0.769302709326498,0.134169849354464,0.187971732379175,0.398623494768214,-0.128303402896281,0.258347837897248,0.491832087329301,-0.152770469589014,-0.00429244284283643,0.0104549266164473,98.93,"0"
43048,-0.967367668551618,-0.264035618995693,1.14173670136364,-2.92220752441867,-0.693128247852264,0.419954152789746,-1.01609201998748,0.753149775748383,-2.30209810534089,0.815219551436913,-0.894959281575445,-1.50860697233701,-0.325885467108425,-0.053857434586253,-0.22490950092804,0.864620821938918,-0.492088636024675,1.62625959845098,-0.0260023204826417,-0.221894101253792,-0.0744693460903616,-0.0539063142702136,-0.438653767102664,-1.43813009391356,0.607319372219846,-0.0761583324762961,0.174215311747934,0.0109332120168215,16.8,"0"
43048,-1.15914118300613,0.673030167389295,1.52986779710267,1.33016727573571,0.189788570155787,0.196372106320747,0.964665469057702,-0.348988017256165,0.0476374323600045,0.315787679519376,-0.549484826260739,-0.248519779632012,-0.64280091736051,-0.23877893539153,0.427104691866974,-1.25964357766959,0.525164625873061,-0.685535883339963,0.848442581421933,-0.285000263734496,-0.106621725182845,0.20888174587941,-0.153541470946032,0.10349472276679,0.0783237287238964,-0.253331074831296,-0.451455392163281,-0.0853674775614807,76.09,"0"
43048,1.06733927045645,-0.890706863002354,0.0219024086496183,-0.607271877625797,-1.03265592137569,-1.05731595809637,-0.0828382356131333,-0.195996272738775,-1.2559952154432,0.750008098324574,1.61776567351222,-0.136578211258249,-0.70348700703298,0.453552214345804,-0.102126669204723,1.12528469043066,0.235300656893207,-1.36741056976333,0.963870586001714,0.343282669573483,-0.0518438513392994,-0.720144619369312,0.0119473390406853,0.504871899171431,0.207460875817349,-0.574577445442116,-0.0544389163457631,0.0321583818876186,170,"0"
43050,-2.00393298873178,1.47417034363675,0.0841625262053151,0.701418818900363,-0.0478730916162621,-0.0514953067553382,-0.192740771140044,0.926875441113994,-0.631724490451664,0.338399309963681,0.832101634450747,0.721797647747073,-0.159565269101053,1.00318991626619,0.629303752198778,-0.0932579791041352,0.02243906044165,0.319524855807419,0.47733001206672,-0.277184098175307,0.177883608205249,0.625712840640574,0.191539681617478,-0.30197570740834,-0.12336011298266,-0.293219060635697,-0.00726091719701997,0.0761796533986898,4,"0"
43050,-0.523258027772603,0.634121067896324,0.693852458340168,-1.0304469828831,1.29952772406106,0.182159256295279,1.20515219542493,-0.224864946389659,-0.541557160010804,-0.219670542328391,-0.144037598956919,0.185179399675665,0.390740993453927,0.08201450652404,-0.285361477762159,0.965205134632313,-1.59585620790793,0.217068949217661,0.537943619408727,0.000191635629335215,-0.483129456238346,-1.3782580500184,0.0435120789021872,-1.4339967580733,-0.493223046298296,-0.184892478284003,-0.211779087054353,-0.106941039017851,42.9,"0"
43051,0.82108241348341,-0.715269317123824,0.269878208851729,1.14240252126341,-0.162890674038622,1.25718875071078,-0.324901728906703,0.351249925932766,0.711183939656527,-0.180129330050276,-0.136582545582129,0.801852802453517,-0.254196029342258,-0.114922602003959,-0.87601697992705,-0.11957322165762,-0.331947861524795,0.211140819753122,0.333401000719587,0.204571442407253,0.0635615294298001,0.0774631114683304,-0.394474854270204,-1.12108712893235,0.654209101915587,-0.209785379706478,0.0344631655382466,0.032239025966563,186.02,"0"
43051,0.508634259022464,-1.10043913386124,0.796804120963395,1.54829757514308,-0.843969783194032,0.990877802610229,-0.33043225403253,0.351992177654665,0.702363035988923,-0.214321602967459,0.63725089928946,1.12687791021088,-0.294928136699874,-0.149240636599799,-0.820426347914138,-0.111961044272457,-0.112818338990377,-0.0753512424257558,-0.0698113906501734,0.427457305876233,0.0551025938046389,-0.256807865563807,-0.263062781335761,-0.292352727193378,0.256536589750549,-0.439256967295776,0.02615921920376,0.0704857697574917,305,"0"
43051,-2.28665381946339,2.27343388379747,0.721527390355302,-0.570379097592021,-0.445801960486773,-0.730089180841261,0.477845584113343,0.20590145309183,0.991232975387892,2.34705210500835,1.34892695058674,0.298086879341686,-0.829353068727937,-0.0731203619187883,0.357569863166931,0.268398349322372,-0.673912303740391,0.108935482387322,0.0709589921800098,1.06202318756829,-0.434432700698733,-0.719774240137504,0.081920727432039,0.257174222560547,0.170201377051503,0.0936220416243171,1.08261853192396,0.649680818901759,5.78,"0"
43052,0.522671174049902,-0.874620427749752,0.116666832754683,1.46499176091411,-0.839841100951609,-0.588496067650916,0.383585761298133,-0.0725458226335878,-0.108017986115722,0.119460261263808,1.22150153969534,0.171023472999699,-1.46567334333438,0.900810108342328,0.421842540969082,0.398158278485984,-0.556190984016006,0.604900528545992,-0.360764269106051,0.457923191188474,0.323626354038925,0.107415593772603,-0.377228470225696,0.517107025462512,0.44315373549082,-0.341747774668546,-0.0585225769687308,0.0696160713055564,342.17,"0"
43053,0.968120748211942,-0.229765436432662,-0.20762814769387,-0.202456832113924,0.533380232771364,0.992176012240673,0.0261926938314711,0.389442934716596,-0.378528565114174,-0.163698046776984,2.45628240630417,1.19583376982704,-0.366574373890274,0.844591505283238,1.20526506236499,-1.0237953055512,0.797981007790104,-2.40851847465916,-1.00029680128597,-0.0998566844312853,-0.178696215700397,-0.580655736522399,0.216064910592721,-0.999959774528967,-0.165217045865387,0.810401114276802,-0.0522601664973554,-0.0156717800812938,65,"0"
43053,-1.22265600234478,-0.124630926883353,1.37856669835447,0.365399359245127,1.17142256174382,-0.0837941412971617,0.384663255932421,0.310354278190723,-0.350821227910235,-0.580394125828332,0.485745627820311,0.51481680110817,-0.91152032718918,0.279511577595016,-1.3289828467313,-0.264141958197533,-0.31051913610988,-0.149466101816164,-0.484046303451744,0.0820062116552377,0.117918850286312,0.117125612974956,0.0177969435895706,-0.327158255563981,0.146747206852986,-0.491816875640504,0.0775640881278262,0.127311623805113,61.75,"0"
43054,-1.01928748665225,0.769701966666562,2.0716794794348,0.01384285592656,-0.422156305946875,0.614981547741344,0.572572062627812,0.160650852195745,0.437190982253867,-0.669340044444707,-2.05384286124706,-1.16100452205995,-1.34040508282344,-0.257986347002829,0.265738651513562,0.811469843460969,-0.946545168900535,0.792891060441377,-0.589545545341992,-0.259656953737167,0.101348742452617,0.27034127767936,-0.487025879485238,-0.652831369583938,0.581070292554368,-0.282573056913677,-0.145464398205491,0.0378878560452874,96,"0"
43054,1.07425665787496,-1.05087547476714,0.312368175988839,-0.650617844283465,-0.850822170690485,0.356588371696276,-0.72105721616777,0.27245253307819,-0.694339841233093,0.60464199823633,1.51241878341636,-0.143042771004526,-1.13866826043982,0.16076904371586,-0.100827570971128,0.454747286070557,0.903707921597776,-1.94990346475069,0.360016338822665,0.135037256714273,0.129602173232723,0.142066347619822,-0.0206351509939797,-0.287182162827536,0.224265462862389,-0.266923604967987,0.0131260704560166,0.0136595726352261,111,"0"
43055,-2.95373763863009,-0.0619263256184324,0.178002006650919,-4.28078660782326,-1.7107349578012,-0.908794950114293,-0.267538187750201,-1.33711301883144,1.08283607021055,-0.573228546578072,1.14207675821236,2.05542864258973,0.959799144930459,-0.191063283615046,-0.72021696768859,-1.74677088659105,-0.295239258723517,1.67755538313976,-1.07848647686917,-0.980665504258227,1.07393349708703,-0.519464380904441,-0.336869165158315,0.570461517432273,0.243729366037051,-1.08604196146114,0.945000711069971,0.293253993456519,170.93,"0"
43055,-0.864492587264453,-0.69046510857615,1.27280284163751,-1.59589438399432,0.407141893713524,-1.14884033541768,0.848438106176048,-0.79148503835884,-0.585090101520038,1.3033368101641,1.3084461515326,-0.530851308380023,-0.826200465728445,-0.768750312343193,-1.48315222326254,0.619052853157079,-0.186846045934877,-1.16759060054656,0.473835404815843,-0.00368261832304583,0.0816854150548305,1.112030913192,0.288339702861062,0.553565303774872,-0.267532311124129,-0.438161078797894,-0.232061403619655,-0.498471799295696,20,"0"
43055,1.27587690975162,-0.856488812690087,0.959311541436756,-0.777366682960762,-1.37707154345426,0.0339966035068807,-1.27349278922876,0.282472054035153,-0.490747025091048,0.763477528560818,1.40773836122537,-0.460479979909256,-0.918687942300956,0.00230317082010932,0.789785065180028,1.43656866915111,0.148179167739193,-0.667827387258374,0.160139831739866,0.00958315664981588,0.451447234085418,1.18898745910268,-0.0776308023628783,0.0305211609366703,0.283813319238166,-0.0335955234974071,0.0417503732868798,0.0108400899232801,18,"0"
43057,-3.999867053917,4.10226243703647,-2.37322687587569,1.2093939864201,-2.11906317341137,-1.14468829995554,-2.08114926734689,3.14993785073651,-1.50686085328309,-1.47019298101257,-0.542752602476458,1.59375479082931,1.29220933533879,1.03065761096903,1.02938623967943,0.553403047163229,2.52578325727418,0.279816415025634,-0.347117955902301,-0.642294373810776,0.511347291633664,0.415584912199623,0.331030204617244,0.306840805736639,-0.113262895100067,-0.365479450884137,-1.26200976403529,-0.202412483982056,1,"0"
43057,-1.16133411394627,1.27035026299238,1.23503939026011,-0.336406329676626,-0.336257869959986,0.364664091017304,-1.25145753027515,-2.29905415748783,-0.4143113799226,-0.196499081930956,1.45134445212767,0.619768894942278,-0.760159264803167,0.759076792642966,1.11553859288536,-0.0247477100674834,0.202670496756198,-0.00197028128751932,0.856560460749333,0.937943433142798,-1.28226027647415,0.464821222232328,-0.0663593674963154,0.0501107992432081,-0.830354885516649,0.99322591357692,0.415800444038062,0.285293642167902,4,"0"
43058,-0.402694286307591,1.07700729557576,1.04378120527696,0.60496862083724,0.73849118839913,0.226952641299658,0.668292236582775,0.057316859597529,-0.574633710573794,-0.118318129280603,-0.900016856194863,0.135995174115326,1.03619151068185,0.0621246088058861,1.31848395690584,-0.36478803053566,-0.286761126729564,-0.0831816214995579,0.314224828676784,0.227683343693648,0.133021208943,0.611626154366536,-0.264924141543651,-0.724562776481978,-0.00928100541784127,-0.185670906476703,0.424180885269576,0.205217853788043,12.95,"0"
43058,1.00032495781883,-0.33208824383273,-0.300964532976251,-0.0810173268666061,-0.246486649780118,-0.756288093319745,0.369204166927208,-0.130592023310003,-0.278471248896957,-0.0568811902385238,1.78376345737593,0.715003970728654,-0.693606567965503,0.860606539181843,0.417535399771937,-0.244581774216189,0.00165563298285072,-0.61943011636433,0.00879025842892318,0.101130674516303,0.108287831992879,0.0434129402193566,-0.140730800334455,0.30035850976308,0.35329685224794,1.09167285369723,-0.128911580445449,-0.00225980318703541,125,"0"
43058,-0.414129179186264,-2.44495191124355,-2.5137185395315,0.93481819590689,1.53660806716777,3.5277558017215,0.733566764173254,0.5940
78668,-0.940452907043532,0.301356704466862,2.80612893208818,3.10910056844762,0.0465939991173009,0.310840949137806,-0.00382415280976969,-0.263074067324315,0.0125860996539633,1.34119137407087,-0.904083141640246,-0.860500490957239,-0.786413632808501,-0.75633083850128,0.626657148287352,-0.258325421357945,0.01488018830867,0.206301827330712,1.01465992180663,0.0205777432972104,-0.0910343727229122,0.261740638475208,0.0681111657271781,0.383282446177472,-0.588377999187183,0.0622146413372408,-0.556278728679344,-0.118832902505079,3.8,"0"
78668,-0.614668554126641,-0.285689342168307,2.09457858721585,0.808980280022567,-0.954478720601901,1.46550840069901,0.151953500181262,0.418529438290685,0.993162484612724,-0.92180724032893,-1.72021490482529,0.394153568958822,0.0164116289632692,-1.09022557789196,-1.25508837800112,-1.05521177412145,0.77550955095804,-0.57640448168938,1.15054113326404,0.377284824916079,0.00848063988669633,0.250792452321449,0.298945893491409,-0.392487198708019,-0.506871220655784,0.543947284450689,0.152314566035317,0.171535933318842,179.55,"0"
78668,-1.56399482901841,-2.6521563448583,1.90523235914495,-1.48280268694483,-2.15093935145819,0.966974852145255,0.340689616190393,0.191186998638861,-1.26338100116902,-0.0963030493549215,-1.33645188468027,0.0466327480448557,1.22960080101014,-1.75482735328927,-2.68023176428447,-1.42287545540706,1.33545617911975,-0.780426465933587,-0.469063432725253,0.822579863475071,0.0053545827826106,-0.133484369052646,1.17696847320133,0.050085379034576,-0.0328093917655949,-0.391655889229797,0.0288267269669187,0.183446724910425,485,"0"
78668,1.23768814663963,0.360344155820329,-0.28738945941377,0.865928674797466,0.496824649837252,-0.187566123627213,0.404371419834607,-0.101166295563915,-0.154732804981902,-0.0462865569382111,-0.840872389846222,0.0212352291259711,-0.0715572293200644,0.558837958153971,1.07060929183552,-0.0979053128568254,-0.350689994759333,-0.829989762353838,-0.141320722328984,-0.131605632483114,-0.373470534144445,-1.10193121098665,0.0236598421248139,-0.829144942219803,0.492317939601627,-0.614305782743425,0.0112196631705594,0.0123199952738299,21.37,"0"
78669,1.38557271793525,-1.33993760872901,1.21507232598106,-1.0858252628362,-2.09857249286664,-0.329747180930654,-1.46720672976024,-0.0288157136321064,-1.15368029435533,1.21333154241266,-0.755587405886409,-0.239494160817966,1.21817430493477,-1.10820038776085,-0.313491714240277,-0.515318765963547,0.685344707084055,-0.0381057228796655,-0.0977980087749439,-0.217015215673335,-0.212420710334769,-0.0810942581163232,0.0269127898936255,0.409250772573126,0.261295108459198,-0.201907252331771,0.0775335931869719,0.0403932062173218,48,"0"
78669,-0.492922800387971,1.04190161268173,1.76827448586327,0.039604102461602,-0.110890104783943,-0.722562765079277,0.666696492850792,0.0155930348088205,-0.495074371915761,-0.368623872118399,0.364960492918169,0.419447047629323,0.309824409793797,0.124439054637554,1.01800395772619,-0.267632418280939,0.0563434326679682,-1.02307647196561,-0.547900604422784,0.0731323659609007,-0.160823712467739,-0.350098168385029,0.0688710201068917,0.597919322656105,-0.324665286274194,0.0665963865311987,0.285020935711384,0.123817185793054,2.99,"0"
78669,1.14399828491005,0.128710069945942,0.581560989889359,0.510038159914461,-0.345533560904255,-0.312385398488137,-0.105290526460846,0.0663227459870659,-0.229544058383078,0.0556419276171341,1.88244013784362,1.19755775381955,0.15138945160802,0.483287792902778,0.572164270266736,0.1494996072424,-0.319534713664029,-0.557727270538171,-0.267134933707904,-0.105457733276341,-0.16001895483622,-0.486343474864117,0.171850262202623,0.218642735611342,0.0834327820535053,0.0933911614789842,-0.0178360288399669,0.00887295549387927,9.99,"0"
78669,-1.98936419135623,1.61044933166864,-1.40356917782877,-2.04694655029629,-1.86323703162038,1.587224019577,-1.44261075918754,-4.63755289399255,-1.59659634383847,-1.91979513118097,-1.91682349410874,0.16628331291841,-0.235260707792279,1.76770190143468,1.60691820973433,-1.73042329779742,0.761893769299032,1.2419648384656,0.695560408523549,0.434927365805467,-3.20710209542357,-0.686121118637922,0.447330268435626,-1.42421440182756,-0.331556623324039,-0.778485738001526,-0.0735650826224884,-0.0380678278329421,258.61,"0"
78669,-0.616792629494989,1.05432715085064,1.49301789534513,-0.533898273674415,0.280072568739009,-0.890045181261746,0.95778565700099,-0.20505158528272,-0.359932403956957,-0.220748482710073,1.60904469757663,0.521302436686502,-0.269217453380008,-0.44381179550117,-0.264807571589778,0.680330111524055,-0.561294725220226,0.21095334305543,-0.590766728421107,0.0579726121631774,-0.188806311705635,-0.41256101411811,-0.00551445841156077,0.474470521614489,-0.584341252418207,-0.181724480692901,0.0383373884252425,-0.0130149214705538,5.49,"0"
78670,-0.690600870214858,1.18759075149762,1.29053357092315,1.4510049870934,-0.211622240377768,-0.165228910002156,0.272412455050523,0.452364933184313,-0.650351808222453,-0.534436228101219,-0.446207274865523,0.567401953859686,0.136402654504405,0.33278514707385,0.116983937750024,-1.19870733503834,0.904006014600188,-0.773666062689173,0.626119324732546,-0.0967159166043068,0.0843425293772989,0.359333735193942,-0.0690930198057369,0.435386896118613,-0.16485538324085,-0.260600933308376,0.0645386641156195,0.0758235239260693,10,"0"
78670,0.767646602956666,-0.59410346056569,1.19444062762182,1.75895680243713,-0.84486367329479,0.858228248646316,-0.426737294325347,0.35805692011816,0.896799111204782,-0.322200376933689,0.850174129960556,1.97484371830716,0.06887674634894,-0.589760273242787,-2.45083984188099,-1.01317517843662,0.577516271977789,-0.951845216539735,0.341752984820961,0.0914391655305135,-0.26536546576362,-0.602532476122188,-0.0247923664319505,0.237546417456113,0.334330347616546,-0.554732752429991,0.065745544788041,0.044429666009876,142.61,"0"
78671,1.3139898762042,-0.503309779671397,0.266835383889197,-0.639101916293758,-0.847127963568349,-0.781678316978176,-0.272366464599082,-0.318975785897232,-1.08602549200017,0.600843409582886,-0.500255055101183,0.662691160496284,2.13159831736418,-0.270159446002015,0.813206116408808,-1.14678842957928,-0.302126088075953,0.771383431052114,-0.653087671624376,-0.24060537556991,-0.4593111500465,-0.896446628666121,0.0311097203718566,0.0946217543008603,0.182739746620697,0.914712442209894,-0.0543729554862837,0.0207286717895743,61.66,"0"
78672,0.00689315952382524,-0.803042705631605,0.821566157802913,-2.33396731671837,-1.53495194035338,0.489435169649631,-2.20548949071539,-2.43354364253049,-2.01587771434774,0.580647477886774,-0.0866447653684528,-1.15822584368125,-1.2442098241477,0.326702492540693,-0.275360600746052,0.820310313435899,-0.263427887373209,1.33419900097906,-0.86719067262553,0.340053430265534,-1.22162253732072,0.592754198161933,-0.194341563565808,-0.5552593817126,0.607159125005861,-0.137102463226206,0.0971284843264829,0.247720318034139,79.95,"0"
78672,1.12372662438612,-0.772734171241202,0.80612125373689,0.481388459263324,-1.03660845028213,0.303640532734552,-0.749187067713142,-0.00885464982486332,-0.435690920747011,0.581469987195427,-1.44120530776681,0.517178064103676,1.92446103802013,-0.709128072846988,0.392996249796035,-1.06839554399616,-0.52969934239184,1.68007073880324,-0.922100718130298,-0.194099335575534,-0.208418337111028,-0.134180574391669,-0.228816297326009,-0.438129245124679,0.518926724187589,-0.220961174381219,0.0819151571407505,0.054610157256597,118.7,"0"
78672,-0.658118770122625,0.733766245742596,1.5591709524308,-0.0314204521206122,-0.476660635139414,0.524631259322133,-0.426016270431229,0.771046141676662,0.0229997792710993,-0.698723609209448,-0.158003795107461,0.62202622332638,-0.0702262061028124,0.00903344439124973,-0.748602336272016,0.601076978696653,-0.550386645017678,0.775698549626569,0.716993104555432,-0.145450388602501,0.0713852380492177,0.217533378048006,-0.099482683478313,-0.470664059845139,-0.54355579908196,0.240771632039966,0.0322309765589102,0.0871277969477936,6.8,"0"
78672,0.974418998592544,-0.843899578903469,0.746461715567775,0.457274324984385,-0.933969285001608,0.706700688885694,-0.84928238706906,0.372188982786946,-0.91212787206314,0.900137987507766,1.31792962854764,0.22850475142746,-0.659151145851925,0.430041595831897,0.991053987368708,-1.3840879103199,0.0132072805254941,1.26625402112084,-1.84832557773689,-0.431323667411508,-0.0845561322263005,0.0177223226826868,-0.0181324536343319,-0.352867128291585,0.139542474506483,-0.265108041884948,0.0729423987786072,0.0367086587874721,112.5,"0"
78672,1.39754253176563,-0.341106685874537,-0.0874526064963519,-0.629260173172563,-0.652725660612527,-1.14114218120772,-0.147132707206874,-0.259432965292459,-1.09081472748947,0.662560987305548,0.187015167528361,-0.728334540561861,-0.533004305618084,0.275201556161979,0.712188234582874,0.364416314214261,0.83769538410836,-2.08852610788939,0.160078983736809,-0.030766507797311,0.228068115071491,0.6168094017786,-0.0807434745654664,0.426774981667651,0.659951105427014,-0.0725268025580582,-0.0141282971056704,-0.000829362108472273,5.65,"0"
78673,1.13281286121262,-0.269886638920405,1.19843557685431,0.823128463162668,-0.972239260694047,0.150544364420944,-0.749312518301138,0.253144932501174,1.03839079507007,-0.263829653801722,-0.636913973517996,0.13379252720681,-0.712397593027393,-0.231366861487599,0.533031131413215,-0.0946550597409395,0.146214652209876,-0.593720660225891,-0.394672056675851,-0.174236512442372,-0.0710780301430807,-0.0176181256222126,0.0677376276049197,0.102583842476521,0.155760429735803,0.348290527561554,0.0280606959303958,0.0227890194061408,11.5,"0"
78673,1.1843034313268,-0.0662904922981997,0.400332595175204,-0.0482777971302081,-0.44745971429476,-0.521258710385891,-0.103204026325066,-0.0446396446796447,-0.0326704223735655,-0.0486897004526039,1.27625439721266,1.04869775737885,0.437116871425465,0.334797662161427,0.46100021592078,0.642920252863285,-0.747442035851553,-0.0571099995664473,0.4869073760408,0.0411946457725351,-0.268415178533312,-0.900138460567387,0.11250359682589,0.0324763009130311,0.0468042394900082,0.472132340072232,-0.0680099171772217,0.00834070466509719,40,"0"
78673,1.22910030900948,0.256209513362006,0.044228980001209,1.05444645505928,0.00148495732874258,-0.384409499110656,0.169668484803946,-0.0477600809485523,-0.0527184313466724,0.12269215883519,0.698613166909249,0.681633839990705,-0.595206944988494,0.516070101389792,-0.599561692320447,-0.104477303632691,-0.444602115972949,0.226771025572387,0.343607410520602,-0.176800027164784,-0.0109822235708722,0.0854002472451834,-0.195689387674078,0.0155766880744293,0.846668017924204,-0.272077764162955,0.0039906903962947,-0.00118964418223129,1,"0"
78674,-0.429966987200444,1.01644213323649,1.10214468323467,-0.0752033760504218,0.641023002032924,-0.676358530450526,1.06348782287516,-0.168638883737809,-0.558064124902962,-0.643221868483007,-1.06165495767724,0.0309075201935979,0.516355412655634,0.119819840463411,0.185721550087736,0.33810845955311,-0.932167704575991,0.0601666258770961,-0.755940795220618,-0.100884210874497,0.128483319823363,0.353311944377481,-0.246754264867252,-0.139589602096192,0.0264944467502845,-0.520415772870303,0.129337941961198,0.147121463940375,16.35,"0"
78674,-0.995523171863895,-0.859995433654023,2.2140966640476,-2.34295952802877,-0.256795030417558,-0.717371557228024,-0.588082128794771,0.030342582003123,-2.59230510233407,0.592443321084701,-0.197481373280634,-0.331992864735548,1.74825573824108,-0.738896326372733,0.318823614480799,-0.419430229799049,0.432855369396789,-0.574737423568723,-1.06611240100485,-0.0455104518314515,-0.212082732387618,-0.478818522837484,0.0673042219144186,0.0495738467980213,0.150942522511053,-0.464630390037345,0.0553023932581914,0.084234149935232,29.4,"0"
78674,-0.40905738976371,1.19436186216421,0.497637979321448,0.88242817282827,0.0928202924595918,-0.287465141103552,0.366055321868622,0.431973432365767,-0.775350931291778,-0.264164918138117,0.382677362334349,0.530944840830702,-0.544840414560758,0.803464503190963,-0.601244821984298,-0.353378623260721,-0.0629573234560113,0.532394836010046,1.10372729727996,-0.184375109248032,0.188903256414147,0.559365144682068,-0.137558653783079,0.0187559349080425,-0.412266740535534,-0.336352731664123,0.084402887229952,0.118706287359108,1,"0"
78675,1.56597374101778,-1.11412183663657,-0.275728918940559,-1.82014805686627,-0.671308132539806,0.340885740425818,-1.06488929375185,-0.0125595072791826,-1.98683987303723,1.60760892603218,-0.320724208124309,-0.620059376016509,1.09174299151443,-0.326598065193604,-0.023297450910032,0.267563674336408,-0.404659949644952,1.20612131360318,0.572131076683299,-0.201270660627436,-0.0586178321945583,0.216236310730848,-0.339552833472566,-1.36426526475595,0.760435783460568,0.0908705608147023,0.0248497075041545,-0.00595257576216921,31,"0"
78675,-4.78569167302323,-3.422168427637,0.114013336547681,1.34437444703176,-0.0903151887006729,-0.854567066798148,-1.46761559017286,0.650885504024838,-0.76948078772193,1.15737131053821,0.249221615655705,0.594823556188757,0.344527701810579,0.327461433423852,0.165803238302798,-1.07130428804543,0.048041013510807,2.256461712423,0.0680317806761421,-0.599492927797647,-0.283083301897536,-0.244049078198562,-2.14358649825586,0.192317517268972,-0.534616752918161,-0.270464870864078,0.523427403607015,-1.06924225815147,79,"0"
78676,-0.999915998040313,0.444868947920569,0.820501425053761,-1.49231816978493,-0.302746161747738,-1.48497252242562,0.227986851687089,0.216145124694163,-1.86513724827643,-0.754645068257407,-0.0962874587367952,-0.573358920593271,0.472410295398466,-0.85313581339275,0.100353352946145,1.67707990981037,0.954352404581912,-1.42883516738602,0.0698339889425713,0.17861130569049,-0.209518503318112,-1.14952823500357,0.0699736094387848,0.259223330341994,0.334282140451023,-0.726982463953802,-0.177591697948349,-0.118796087300802,47.75,"0"
78677,-0.417597867475584,1.09650230934714,1.57700674991723,-0.0371810804543472,-0.0138468205304655,-0.872213629688744,0.774766758761936,-0.113589648405571,-0.51857862684854,-0.33923561388032,-0.26153356371262,0.375837820462628,0.83312341736875,-0.0169799382828843,0.760176747494938,0.161350737545364,-0.438889106381027,-0.449625009183648,0.00698626062312671,0.156390514461693,-0.216516394348276,-0.528965742360666,-0.0225161539291545,0.387770734633598,-0.165559996418025,0.0683479751883099,0.269236487786228,0.122976757129912,6.78,"0"
78677,-2.37474256110198,1.01881585718545,-0.38083292442372,-0.50371965176024,0.599331752989777,0.974644281101531,-0.298170879310137,1.73152345928833,-0.818087633169026,-1.40189351800392,1.22071250675463,1.77278332213212,-0.133592578693242,1.23990153483875,-1.01727456766517,-0.560389424111119,0.646195625519405,-1.81595750380729,-2.96024046445089,-0.893291203947012,0.417162808580086,0.94891653631091,0.0940742955733928,-0.998198984300548,-0.407007691534068,-0.625748789160027,-0.32588125639864,-0.225336566485776,9.77,"0"
78677,-0.98377154686784,1.60132953767949,-0.00225741629242696,0.872226639647356,-0.357597526043451,-0.302342008771803,0.0902585457055927,0.855622573923254,-0.760207734674207,-0.19674082794968,0.259948023739119,0.693873836740831,-0.479329413326022,1.04731337788518,-0.622968272608893,-0.244282614892359,0.0933048587689754,0.557447639699819,1.0660077291229,-0.159777546582481,0.200650830024359,0.527319772743628,-0.0532336319755386,0.0141471358612371,-0.332860887273607,-0.328962418264142,0.0728015416575072,0.111386436456905,23.74,"0"
78678,1.44281510736096,-1.15315419510473,0.682659511731627,-1.24284247736629,-1.65249894332721,-0.382573633658931,-1.16969489700203,0.015636384957932,-1.6535015789075,1.45780421731635,0.84723331277339,-0.0493590751150066,0.0277998954864698,-0.423220731764096,-1.24300916514593,-0.622651059831858,0.663370195339763,0.0890341907453143,0.470992901741643,-0.351926915914679,-0.398364373875516,-0.659763569087796,0.0993164890942852,0.304081856813638,0.290732748842968,-0.348519735601717,0.0405930150609781,0.0124716183326195,14.95,"0"
78678,1.17996334698853,-1.18476655884983,1.16699155535009,-0.230445762070913,-1.62570218982131,0.341217920210812,-1.29671791430108,0.254231873844177,0.471550358616093,0.271677503199908,-0.917978621721349,-0.360574120579318,-0.516627293182574,-1.00627980771614,-0.91114176974984,0.221909338221908,1.18009384457015,-1.78728086929635,0.585689268377414,0.0867604550847552,0.24288493587228,0.895063935719041,-0.163931218686885,0.153202099413933,0.503943757327997,0.0356757670911183,0.0663020878393737,0.0260054832496678,64.43,"0"
78678,-2.21213786693585,-0.812130760219904,0.966121192055969,1.82985223062943,1.01182543330508,-0.772229792629868,-0.278560382128352,0.352334230407816,-0.0431867688854233,0.0843474420577159,-0.745673762907943,0.0852187363037515,-0.511249229404847,0.264211291706242,0.385771352971139,-1.12139741079707,0.731107187817091,-0.586617848226184,0.722348310930722,0.366315305201472,0.0466903125265839,0.0800252340662849,-0.223125493309487,0.113514411829282,-0.136868786453893,-0.278042964522942,-0.00648703770138308,-0.127792675938087,39,"0"
78678,-0.955312710548054,1.69829069854515,0.809481457757931,0.834381056839894,0.696817925916869,-1.07794569312291,1.19632185857613,0.174987204438607,-1.68893602196089,-0.430201548494044,-0.971606950734038,0.108231282950431,0.361252006921121,0.52939320023945,-1.19684851333508,0.968854395145363,-0.997164602577806,-0.553139192013132,-2.48566039427393,-0.40562483508216,0.150153096489667,0.181688724812285,-0.192646596001507,0.386451417318665,0.147218021763882,-0.313214737747122,-0.0732079255513502,0.064158193178337,4.59,"0"
78679,1.07744920799819,-0.0981278312690411,0.41484847913693,0.352648072206847,-0.202248750741386,0.236336625074371,-0.247728149559244,0.275022638866796,-0.0343012923160138,0.0208749654302342,1.74776869163136,0.61067404942761,-0.970146408097655,0.725540261785429,0.978419240513772,-0.0268523332981634,-0.0298348034171842,-0.828756482752672,-0.521739142992021,-0.156283952561545,-0.149511101034065,-0.524324260596621,0.177612137814287,-0.316731192529311,-0.0334266513957954,0.242876723861178,-0.0208975867895436,0.00299204329293867,30.98,"0"
78679,-0.373014874880186,0.346952869234489,0.286123451094946,-0.56392412456396,1.38828442036855,-0.241198591359075,0.514203331428123,-0.0611529979239228,-0.66581562278855,-0.308753051857238,-1.3483521437731,-0.616593064133197,0.162278712541545,0.417932966083917,1.47725045393121,-0.451909153302027,0.0421570409104866,-0.447508618510255,1.54165061145274,0.234815388350527,0.0165678812107415,0.00285998409282998,-0.249997571634614,-1.20765548885081,-0.199743484326866,1.64332524802331,0.00183581458674403,0.0997375239548807,1,"0"
78680,0.672916824645623,-0.903688648147243,1.12960844707813,1.55737828672521,-0.877222321836908,1.38511511853575,-0.783872531353277,0.583504962751158,1.01261440226433,-0.205239222602899,0.867663224755893,0.986266990273767,-1.00333856084879,-0.200526113136755,-0.791602499617942,-0.616588537921177,0.392533505526448,-0.286486345685531,-0.610803861237751,0.0893422088404084,0.310378358746249,0.875802615896557,-0.271382230965868,-0.237347647546504,0.419498164466771,-0.088914744029782,0.0727985878304885,0.0433247631162937,180,"0"
78681,-1.08022953361837,0.736755722337732,1.94652673828136,1.62813298731623,-0.899828194953151,1.00541774669887,-0.500009288011971,0.916188224194611,0.47290892212991,-0.386804212106286,0.284427819757741,0.6917962407317,-1.87262238083468,-0.0071043789812595,-1.9630950453327,-1.31717708421451,1.20273310346632,-0.410319426613436,1.53495224286388,-0.332018494427636,-0.20187295113614,-0.343644308604902,0.156734157397744,0.183203063097511,-0.478821397615485,-0.479927626330094,-0.134093211509322,0.0529310509973971,21.99,"0"
78682,-5.47508491972611,6.54780729049515,-4.68254311204708,0.276895909720554,-0.473639062659962,-2.00902930949799,0.463767779018966,0.470255004855563,4.434392726946,6.71151925367982,1.8391794100401,0.12331585723316,0.332488893225534,-5.34818942546114,1.64045309966972,-0.15286484726485,3.0011157803693,0.488331597140203,-1.62630741545028,3.27793885855764,-0.977975258094853,-0.320468430029201,0.423362643797661,-0.0387856612527912,0.586795762849092,-0.501740653929975,0.843976689928097,-0.632283024478996,0.89,"0"
78683,-1.85020966603099,-2.32134710684212,0.763381314747431,-3.43440090918482,-1.46433196287213,-0.26285696274124,1.61697056039679,-0.230737433651746,0.282045381896509,-2.02548845192075,-1.38856261504832,0.282055527243569,0.906094930272472,-0.333126380612187,0.761906062429355,-2.13967584947109,-0.215444001093519,1.96039511911455,0.117342633937106,0.921525799397422,0.0183151548958838,-0.39951802935146,0.932793723032386,-0.522371782144403,1.0134038360492,-0.784608661603035,-0.0848658955746592,0.116107547261585,549.94,"0"
78683,-1.68097398381914,1.11134393565287,0.109021237603897,1.211140214606,-3.16394987368114,1.52136419063843,0.641945265409968,1.21814736570182,-0.191580144211814,-0.997083437904959,-0.144408747215315,0.975615231276618,-0.277469902910358,0.593740395477329,-1.03480604943181,0.278961057350096,0.253088303182608,0.732094847116061,1.17111986433913,-0.627419433322495,0.0452684195359299,0.24408807807634,0.203288145244894,0.0273204653852009,-0.769758010703482,-0.523260519661186,-0.0839622074139936,-0.163128734691846,424.94,"0"
78684,-0.771673619508246,1.11872132142669,0.742268939218182,0.546574871178258,0.575318514718726,0.518465699110437,0.561604669847767,0.239909917807814,-0.120227591892021,-0.355400871896105,-1.58374063837279,0.102365150694103,0.286954348299062,-0.126916526578387,-0.250073305476457,-0.510271086147569,-0.0546711602839863,-0.523613428563768,0.155299291391831,-0.165996754703225,-0.072306302851528,-0.0438271436047915,-0.316961425509942,-0.913012069123148,0.342575134343621,-0.343332857557765,-0.489220112595142,-0.275365878157771,20.06,"0"
78684,1.28413402131207,0.189097631901148,0.0173304217067517,0.385337215792461,0.175022069653695,-0.0870543972599885,0.0290252649418606,-0.0364639846762846,0.0780713505640679,-0.0975270696826404,-0.791404621895924,0.109712496209422,0.309915831004493,0.264623853144048,1.24870109106473,0.158070706363057,-0.396913869858736,-0.702350680346504,-0.148866595962807,-0.109226994068598,-0.23169464627385,-0.614680464788215,0.00754412730243937,-0.760959445702754,0.357259431912274,0.255325579938448,-0.0196570088828395,0.00306217696729057,1.3,"0"
78684,1.44997714795324,-1.07834775690564,0.524093535866128,-1.28292500411495,-1.63109728100621,-0.769102413307573,-1.06157682793983,-0.0631722583113113,-1.68756473846177,1.43136781257831,-0.172455775169167,-1.3334034532952,-0.796269215804191,-0.0169812159920527,0.929285935666139,-0.731480229646781,0.975169322785961,-0.447239174065077,-0.717938834959979,-0.445908143846825,-0.178553391950962,-0.149799453025276,0.118384221341376,0.356541900770919,0.229595628437808,-0.193343038928778,0.0386010637377054,0.0186039130291509,15,"0"
78684,-0.934546481202074,-0.905642414266514,1.88080679619294,-2.48836067366788,-0.513466802978939,-0.437482748783305,-0.753449732604214,0.30739562061078,-2.34877286044571,1.06875182881077,1.15216739994707,-0.631150660880673,-0.255541977756919,-0.192240560812032,-0.251254867937229,-0.120121140375986,0.241967680600564,0.147227491412327,-0.873603496619508,-0.0615596180952258,-0.200992721748918,-0.418901699604232,0.184970117928762,-0.0642897212534095,-0.264141896442944,-0.532725676717196,0.334056435527346,0.174177679169977,36,"0"
78685,-1.85190643776739,1.39432470045845,0.571397981758036,0.945790504475291,-0.565275679630036,-0.0431461955248523,-0.463623078213457,0.833057756920968,-0.133918419458838,0.0430031011291079,0.129311218534409,0.535263657745353,-0.990795378429786,0.706540221359049,-0.649891754532402,-0.137932974973412,0.152396690737111,0.472510533565655,1.29410171965775,-0.439164402348382,0.0555648946909962,-0.248273015980164,0.00500712678215051,-0.0304238569525836,-0.471395631195491,-0.600803808259794,-0.914295317135955,0.133987265489107,1.51,"0"
78685,-0.671155125037631,1.183971256237,0.793622794409534,-0.218409755444475,0.357281688391885,-0.0237069768620657,0.363563098890696,0.463983225431964,-0.704518490463507,-0.774564821916408,-1.13333594143366,-0.0666810934415554,0.275204906556928,0.500850859729216,0.965494247612876,0.149957910410217,-0.210491144937488,-0.474939430970506,0.0321519546735532,-0.161347221849488,-0.0834739858643629,-0.352536504342233,-0.092198663355946,-0.76480390611039,-0.29271222071768,0.185361976364415,-0.028253712630447,0.0559530445129014,1.3,"0"
78685,1.05423450493448,0.0744591594261572,0.480627333500919,1.34698890734295,-0.215263810202076,0.0385318920340084,0.00613580234114436,0.111844243122041,0.0140720725917759,0.0310127161919512,1.3441548484298,1.28628346734729,-0.246686295199372,0.280837021025532,-0.805757999242011,-0.582278790813568,0.0874923498760265,-0.543379428884933,-0.163526194688483,-0.129536931937931,-0.0200402504441364,0.0788745244845877,-0.0736289601025273,0.24634032894581,0.595869322022661,-0.345805676700299,0.0311076701364293,0.0127287094596921,36,"0"
78685,-0.92573496824596,1.26600298346319,0.192692480477221,-0.278822917475293,0.439966445647575,0.231036001904443,0.208856383210162,0.556959520850776,-0.173420721783807,-0.531575383070762,-1.55058310628774,-0.861405551274714,-0.637625496042026,-0.035554356865296,1.34691180311013,0.654606424341543,-0.0120145777784685,0.0229064052653601,0.0928145185299237,-0.106136846625909,-0.274605704444926,-0.923490791764063,-0.0137224720417255,-1.41067599121416,-0.0638413893521388,0.171888215519152,-0.128249313048297,0.00857161241153023,17.05,"0"
78685,-3.68658827235355,3.29934417875463,-0.259717299913566,-0.663809489966754,-1.11342041941989,-0.50341200688888,-0.28030457590576,1.18632378112687,1.12474390793917,2.75766260879723,1.61661630480645,1.08007431978311,-0.233346895954698,0.28495848794212,0.502576102807593,0.0734756184357876,-0.0402244199132267,-0.443555221659732,-0.473006192973953,1.23670897066461,-0.388347806285873,-0.61711718387893,0.249498034282655,0.153389512282713,0.283401380624243,0.125173379931575,1.15959494097958,0.711949820748102,9.12,"0"
78686,-0.527989099597553,0.929400471321221,1.58302497919667,0.658432350905784,0.396971739984003,0.800726598907284,0.505888604392887,-0.149066493687913,0.405572384011612,0.145835145819255,-1.86259515551825,0.198570894367947,1.46684889278797,-0.97515186061165,0.203974269673772,-0.230596977321528,-0.636063592857414,0.511918720210325,1.09155374369449,0.278314337862887,0.0443105319601581,0.676763742658486,-0.441787066775214,-0.937483724162666,0.148333822233287,-0.139335634612226,0.0286112290798053,-0.0316911548769411,24.32,"0"
78686,1.23158607108777,-0.413043352098381,1.09883391996993,-0.843302560564473,-1.40743853385709,-0.837885887126894,-0.786303979416248,0.00167477558788772,1.81066945911142,-1.00369705391483,-0.280115708800156,0.495516359984208,0.0238246497948646,-0.066025436527714,2.25995223358404,0.0568753976736557,-0.509764124013874,0.764029453738231,0.120431695848623,-0.0949416823656108,0.267404908643752,0.92314552443407,-0.11574564059222,0.404664099528228,0.482778152702165,-0.550712241195304,0.102952891106411,0.0413717088421072,8,"0"
78687,-0.882233153978498,1.43646683021815,-0.536828612682889,0.912617850230383,-0.381224985057548,-0.643090424161204,-0.0892596143760512,0.944979062656646,-0.579057646423547,0.185468153041057,0.812151357427363,-0.360556405119321,-2.82877182308172,1.84870294734271,0.449122531668623,-0.359685192046712,0.437482656197772,0.263332727754412,0.254372214985405,-0.407139225429509,0.313975155726293,0.621533228607015,0.237224603836563,0.160521903197281,-0.905192495439331,-0.427190108634543,-0.0866043256300109,0.0758468309620878,1.79,"0"
78687,-0.442610805744332,1.45866114595638,1.1037747467757,2.26610770084971,0.881528278366349,-0.721717495998107,1.10920294384371,-0.328698584462169,-1.80227623068185,0.607606924656378,-0.433110397310348,0.284176227704101,1.32422940536785,0.178882101467547,0.16441289408456,-0.118919513730715,-0.322868984862533,-0.414268420483042,-0.0858962910441337,0.0105016123987426,0.141763174952608,0.429797588789736,-0.210464422072738,0.443680160557959,-0.224681544343099,0.0392600022990739,0.0216807153498527,0.153089666431173,4.56,"0"
78687,-3.86362334469559,-3.62931778951437,1.30482281216809,-0.134479341059491,1.78565779910996,-1.79200705950863,-1.5442803699662,0.720242355183303,0.286277841408232,-1.32751483703216,-1.55801418849145,0.654103555238848,1.25086891650342,-0.147386332331692,0.137459846037745,0.920179114912326,-0.642136838022738,0.193530105799265,-0.355935933457048,1.30071838397571,0.435892780908135,-0.369333920972697,0.0667291876699982,-0.34220171731086,-0.0258600507517646,0.844831921385524,-0.0827071238469261,-0.559736409984651,145.39,"0"
78688,-0.865164005687094,0.824496732757806,0.813095857988512,-2.10073339481521,-0.0867558072144609,-0.651888293597355,0.311191507499114,-0.13914590119469,-0.798054849301806,0.899598271303225,-1.04997117504939,-0.599569274438151,1.17270736555142,-0.739178584266225,0.00719606676690857,1.39794127591227,-0.414096108330167,-1.18033312419382,0.160344849004019,0.471303628950765,0.122464242877707,0.498818636347838,-0.216089227820179,-0.421335633541869,0.0468130528882496,-0.366881585694747,0.448490390958461,0.323899155511265,3.95,"0"
78688,-2.11780193629748,0.494862639432151,2.47122733553852,-0.768297220075314,-0.887626683330466,0.875043362587556,0.820832660490035,-0.714364301528557,1.70113602687328,1.07721697615528,1.28142354438636,-0.18307668915962,-1.97643558731556,-1.17803133734904,-0.49004741403538,-0.646995582384991,-0.0225432266964372,-0.464842729658252,0.660298451723583,-0.40555358576202,-0.180401456412102,-0.101149009617562,-0.205221003799215,0.261744995767611,-0.326614882640453,0.750545579185275,-2.09296936003201,-0.414975786032406,108.1,"0"
78688,1.17436695072666,0.586472314036839,-0.498963967717346,1.11258388268752,0.451097746416203,-0.27137261333834,0.0951192359988726,0.0857297910323472,-0.266663796633473,-0.543711788984864,1.6771465208416,0.320902327267286,-0.536884237480501,-1.0453470457894,0.712124083411271,0.616297256453664,0.827218924940222,0.798944218138914,-0.567609284433264,-0.135628287706617,-0.0149527311156,0.00910076079213925,-0.141950164549136,-0.45339174812628,0.61746803528405,-0.293339067635985,0.0446687425024907,0.0396560945415132,1,"0"
78689,-1.90044066810547,2.2223015999103,0.109553715463638,0.102216080573127,-0.900592618140431,-0.8746287020286,-0.383605454217343,1.29141920387362,-0.683195331782937,-0.639149915152615,0.0632190879645895,1.10925616207232,1.15757758626828,0.24196239634098,0.936246813106838,0.279760300411135,0.839541812965232,-0.72673100782215,-0.653934205656705,0.0546836066122401,-0.1393056939764,-0.520572263810418,0.209634064876117,0.366197563554871,-0.0751184549290582,0.0941545542562305,0.11283123579231,0.0208821433183541,9.42,"0"
78689,-1.40406544312702,3.28320481402734,-3.25260215816852,1.4725388515283,-0.144103311770186,-1.86492543859643,-0.197580874530726,1.04429019066682,-0.388762536429235,-0.272887459633381,2.44127929875687,1.18381160289596,0.927533783258098,-2.92876654579183,0.209544395913874,1.18161953167346,3.04578325327935,1.8499564128046,-0.337520053764035,0.333661799256949,-0.0237670334962419,-0.0542088873020197,0.312421779336364,0.197058542434123,-0.226558786730017,-0.435858095324297,0.0269320225432479,0.0610014208339872,1,"0"
78689,-0.456875430421008,0.917305898407125,1.51322474004147,-0.0704214778975831,0.0103108301074929,-0.452792296970778,0.555231328046637,0.135485917418368,-0.229429483560876,-0.323940608529197,-0.368967876348664,-0.562420848844205,-1.11290871868006,0.394251969010554,1.22319478180572,-0.0413573874755583,-0.0503333482040735,-0.663465806950312,-0.337481232824947,-0.00573884839290312,-0.212936203166051,-0.572116881230433,0.0225532882920423,0.0239836309917468,-0.304819764821764,0.104619649789444,0.274244965003733,0.115193830351014,3.58,"0"
78690,-1.08924341215716,1.44316865071584,0.915636749307432,-0.497898417464843,0.231477038967932,-0.165564010288106,0.52885225068474,0.182967556473068,0.0245172583452264,0.793301814338402,0.572835447588608,0.22085383906608,-0.234551844818478,0.142596319423693,0.290708742813873,0.58970453816381,-0.953013254136025,0.404150064219323,0.52754713142786,0.493398202049438,-0.326542514432436,-0.727671583777807,-0.097617299885568,-0.536624037837352,0.0307240124532514,0.119978668355158,0.571835687960323,0.297576575712106,5.16,"0"
78691,1.15069584142797,-0.137172631405613,1.25564861003922,1.35842829941088,-1.11354611348315,-0.239552882223056,-0.656322091636959,0.171496130752344,1.11069486886232,-0.15950770792099,-1.03962641279289,-0.286414310481638,-1.41029838605421,-0.0720885231288973,0.336356360367458,0.146424543065267,-0.166537736345837,0.115423294345231,-0.200565855213202,-0.225699493205791,-0.0788053361380724,-0.0916369934792354,0.0114128879410854,0.338232372013502,0.366082622203517,-0.403579952871407,0.0630012221410396,0.0351741884761688,9.99,"0"
78691,1.24286671198699,-0.948596193491948,0.700248418207753,-0.603196564068155,-1.44654216744664,-0.403008497873771,-0.914840633859821,-0.0288064740741424,-0.346052881849102,0.628073385833488,-1.08504267267365,-0.574704762730196,0.116599067820451,-0.152980948130297,1.39704190347536,-0.667266608931767,-0.404379696380891,1.63653554142292,-0.88867140077782,-0.31367322171238,-0.209979122843519,-0.286451469230542,-0.0664528590048695,-0.084650388624877,0.0953046292519369,1.13221613331994,-0.0397664926060703,0.0270978494458938,84,"0"
78691,-0.469446096658355,0.994911436924399,1.66956327269355,-0.0988583215299444,-0.124176816737208,-0.692617391285178,0.599074841514102,0.0740234230728767,-0.651633530328147,-0.139999158853229,1.46236024809403,0.644945536688177,-0.204796974659623,0.373912420136701,0.145246472769305,0.340684609722548,-0.563082007324907,0.0904114674906062,0.227195207902192,0.093452934742037,-0.164335428489677,-0.453982284953313,-0.00827994763356016,0.513218115319877,-0.255430578568143,0.0414990337015936,0.261078144126116,0.112611293746938,2.69,"0"
78691,-0.746778729916483,1.50511591247493,1.34394709913272,0.816242916510616,-0.00967775336260603,-0.65235603281565,0.63839088011065,-0.0744767665849078,-0.762524392731526,-0.105067045215566,-0.250311487955742,0.829280658313016,1.73507814439828,-0.00688006807205928,0.965869167507778,-0.268022519151653,-0.265548186707899,-0.112617984444718,0.444109615690366,0.0360181425925812,0.103838839620874,0.353750585635144,-0.130184553825886,0.428215876053549,-0.214628241459435,-0.473863217319224,-0.388139365074642,-0.135326719632249,2.5,"0"
78691,1.14365517115506,-0.463511410523794,1.19169258541697,1.43119007952832,-0.534118354358753,1.76359207862693,-1.15552582998278,0.56958932536057,1.85301169037613,-0.42058331109075,-2.55826351265775,0.214511222918347,-0.336845741796596,-1.07477463270141,-1.20446722155883,-0.387778266227414,0.104994092644466,-0.168922962684779,0.347682225778933,-0.176454135905448,-0.136442994758771,0.139836924601426,-0.235684767495873,-1.28346986482538,0.659107255665885,-0.10747032551655,0.121114160343919,0.0206126306702135,9.87,"0"
78691,-3.77357603164501,-2.07134713498673,0.434260298801896,2.40313092981333,2.28633332536365,-1.41925966999949,-1.21427076157946,0.2987798586503,-0.710840172103969,0.386168589232122,-0.327690099196851,0.830840242922395,1.51254571895758,0.555619348005067,2.1432745860406,-0.413736832713232,0.412846799889801,-0.850451009526011,1.53447290892813,-0.426577240934153,-0.625084789032684,-1.55704157830192,-1.68210034638162,-0.302411711089054,-0.268193340610652,-0.506758990152599,0.756807582858204,-1.01660442785791,32.25,"0"
78693,-4.86014001105852,-3.396755780883,-0.55118509925928,-1.70959791696348,-1.38825542504354,-1.63482470576362,-0.702288104554769,1.1640734247943,1.25751507130002,-2.4323166043527,0.601934235839052,1.5581797619673,-0.468576308181782,0.938399825860069,-0.453879801904482,0.963714058343398,-0.4355076868739,0.817529537242525,-0.794123339270811,-0.438085020691167,0.466869978421075,0.599479810993931,-0.784381730998217,0.694997418337231,-0.695711505334538,-0.425367388625361,-0.0783689086488615,-0.801619635501536,202.95,"0"
78693,-1.06266806437029,1.37266664976538,0.491869534689832,-0.115660467940221,-0.727861589361301,-0.234614899691834,1.2301308203922,0.0912494735850242,-0.598493477040072,-0.437241564969339,-0.870075470195718,0.338071116673523,1.05382378209652,0.212010937642757,0.636886436668386,0.35484128092922,-0.467047033090959,-0.246027695081502,0.206097072104606,-0.0640627797188726,-0.128131840875349,-0.316271787033689,0.0144956234243699,-0.0847869753800852,-0.297988267520644,0.108719253027822,0.0582911334513547,0.0750069735324232,172.22,"0"
78693,-0.301316158951608,1.15027795416744,1.07884512100399,-0.0684479381563285,0.327298725697797,-0.666852297822605,0.727848337530059,-0.0624361982777904,-0.4210471792408,-0.522594579535148,-0.620954974148264,-0.0355517153899918,0.626914780420745,-0.544242742168529,0.887458680975031,0.519544809373017,-0.210457921575983,-0.0146604533346838,0.108647750757488,0.156241969966773,-0.294729803770212,-0.753987342184261,-0.0877651975499892,-0.19275672019468,-0.0751637469933873,0.103817823891946,0.247894589117087,0.0936719724595141,2.67,"0"
78693,-1.25050205007713,-0.741482994359502,1.67692245641692,-2.39557470994548,-1.16939019595633,-0.698404419604036,0.164829232311649,-0.0982800103224447,-2.60190779353709,1.08339151282556,1.19584475134081,-0.478164110466133,0.345981603024828,-0.353805710425497,-0.683376143501814,-0.12115729954718,0.080987217897924,0.638737694899519,-0.615770280132757,-0.173121140732674,0.00387995635819875,0.444180822912881,0.010914215478563,0.525724532693314,0.636497863977853,-0.136081779309879,0.212743901371962,0.107230152673662,139,"0"
78693,-0.56933954193852,0.581977363058254,2.92676514251134,2.21322167292398,-0.91653964581785,0.189963354183371,-0.0870667836745,0.284469328728735,0.468920718117832,-0.437388652665573,-1.03477908701219,-0.00635193679994261,-1.48314626503146,-0.488067665112412,-1.07018005165871,-1.70750252974437,1.42638418292156,-0.552910530429833,2.19687136868789,0.0555098189968102,-0.352814331620501,-0.631695940536843,-0.0981094678249878,0.897445295410444,0.0917270322886758,-0.282872674737754,0.152237959923082,0.0992644723998672,8.34,"0"
78694,-3.64352428368228,1.62326194149516,-0.355213063295197,1.06130921520648,-4.99497117946228,1.90836386492737,1.59737507939672,1.43273025273445,-0.190992952625309,-0.411996956226069,0.440013673032293,0.645698995879318,-0.411730204247673,0.850313610807617,0.342669329937846,0.920039171030949,0.153630629022932,1.1251615817193,0.694745861661249,-1.06149103706912,-0.20390202025867,0.743733722666659,0.248361372075269,0.393895044480499,0.74780059649914,-0.0370988421619522,0.863739416205124,-0.369382007595705,692.31,"0"
78694,-1.50632046666798,1.70979628504128,0.796671357865182,0.00992353915012342,-0.762243270238473,-0.74895810474559,-0.131314708277218,0.903595096296774,-0.436971943629815,-0.372932420815735,-0.220498850953669,0.256643634649236,-0.327322768398997,0.797087721316704,1.06557790485936,0.0409845781751391,0.348430808933505,-0.805841357347919,-0.500527932781338,-0.0826697883597277,-0.11294196012258,-0.497646772552748,0.185247882894118,0.363688181403309,-0.23501877608688,0.0789302221734038,0.00371603948756266,0.0422051939364539,1.98,"0"
78694,-0.569400315605066,0.897966187159197,1.19980719666252,-0.274037667878453,0.92861871076286,1.38589097239209,0.293918603881218,0.654730176587583,-0.722441178216328,-0.543316156243468,2.50018737970143,1.15975318104385,0.291303790725314,-0.178664089492638,1.24644795222484,-0.702203549967718,0.941819297562728,-1.627749232176,-1.35370492336291,0.00829151688761887,-0.0891024876452341,-0.0540498342908066,0.0946245671738068,-1.06062604904341,-0.494093200792644,0.182071147720627,0.315613351059111,0.0740054336591854,2.69,"0"
78694,1.10057766756489,0.345897674453769,1.06043796526033,2.25288018783992,-0.167261776161243,0.700250626410643,-0.473614543475155,0.346246478907694,-0.640265400709237,0.782045381799979,1.03824679419994,0.470198857292575,-0.143673037653257,0.307250723583653,0.413120577451921,1.04622552953459,-0.861528591379656,0.0927206231708464,-1.06864399687036,-0.171858687441603,-0.0251161993846016,-0.126030770852877,0.0831717839022317,-0.361283091921054,0.135037375595584,-0.112693374518956,0.0296323216558555,0.0178191148150321,0,"0"
78694,-0.475262547696351,0.506971853112968,1.54396811215466,-0.261097039846907,-1.12427051083876,-0.429706418116599,-0.52310725069117,0.43570897500925,-1.79254310999778,0.309395728493784,0.164182389004578,-0.590974116204294,0.229646463409056,0.220953563479724,1.69519313117002,0.211398803235201,1.42709496558988,-1.72115620178353,1.93825737891759,0.218736691882516,0.101200466097907,0.0955942822715894,0.127597329314092,0.390159945223078,-0.562513970321355,-0.256613615551211,0.0426819698747567,0.0611242859524405,12.97,"0"
78694,1.23063157747645,-0.112824151444181,0.58591453800936,0.819041578961143,-0.0608253738231096,1.1198870599667,-0.683590762852005,0.335730855813468,0.715426548355564,-0.0374423281448605,-0.597954119431406,0.722892557302098,0.481746497808775,-0.312421796797983,-0.420895509796602,0.767679060662739,-1.14025331343899,0.968611355603187,0.727748015268875,-0.0508988433737613,-0.121330520837314,-0.160643106668337,-0.23360862484148,-1.38232780183218,0.623088862329705,-0.320361147159507,0.0677761182315298,0.0112369666152486,9.99,"0"
78695,-0.500761326783882,0.963227232776127,1.56029526067433,-0.19968921772027,0.191538976099846,-0.0925226761263852,0.548503035255185,0.203992471799957,-0.698651636163425,-0.196427048876313,1.56301119380467,0.860826679777871,0.186433897356727,0.315507808344725,0.371275391421706,0.0911839776708557,-0.381233490685112,-0.336471516934508,-0.0564289694932142,0.0963186257829214,-0.144902592579836,-0.347013334730719,-0.00451654513639846,0.00557123836396501,-0.287322283197007,0.0826726314451013,0.279113186544193,0.108044009843995,4.49,"0"
78695,1.18081130308284,-0.495269337389175,0.217196297415195,0.648803793847046,-0.975288286138882,-0.902780553013603,-0.180276578102461,-0.179785142511529,-0.91041375040456,0.884691894492202,-0.896170936153688,-0.946606550221991,-1.23467390880209,0.559370943466243,0.90728953680999,-1.33100123044537,-0.0929285754183278,1.3895962998813,-1.20440999871829,-0.472482737916243,-0.299992527670239,-0.626345541094645,-0.0732279831786434,0.302716842175442,0.485691087064248,-0.314551011804006,0.0117495465542435,0.0370703073467519,92.15,"0"
78695,-0.854437488422613,1.16648230723212,1.72509731793941,1.12305286360804,-0.281464340387795,-0.606776658628881,0.0501005749446139,-0.0336751317228747,-0.237015172692078,-0.386476196650877,-0.0088812602341783,-1.01497366451669,-0.831659811241725,-1.27594585661644,2.39112697985583,0.294704408544947,1.26206953185383,0.962120988723823,1.34232502548546,0.107189159257467,-0.0759614458411083,-0.343042221074937,-0.201367976615306,0.265188819353554,-0.21464822039164,0.464592616663878,-0.309959058626284,0.149124465547458,6.09,"0"
78695,-3.90098629751607,-2.12981998727788,1.12246940747211,-0.362918484445173,-0.0318269679376794,-0.817184805364082,-0.851564016819562,0.941579746133007,-0.0788504328656086,-1.44265758818657,-1.44480221290694,0.435753560187791,1.50830083854595,0.0331985209466697,1.09156797099777,1.69844889422145,-0.92715099692738,0.665584973958588,-0.687780414423815,0.0258657328466282,0.314354092262515,0.437516851021972,0.289746157430837,-0.314232018775682,0.415431032746505,1.05623640147919,-0.0273659628327069,-0.885621861395454,47.25,"0"
78695,0.152807326728357,0.174738771277969,0.987048993476098,1.1966668470992,-0.136113900909486,0.970484032951154,-0.343286747320308,-0.633818516698421,0.719175668972589,-0.389906152217307,-2.40010926288968,-0.267667658775005,-0.555843714867568,-0.256223314292764,-0.466233320428401,-0.373794623724049,-0.00890142441810798,0.226357715554133,1.24143130262541,-0.0229661840416735,0.60286706648604,-0.586118246339768,-0.481311720056336,-0.988182958850207,1.19739176340162,-0.0638068474272045,0.190225656772344,0.212734609117065,83.98,"0"
78696,-0.368292726687601,-2.77399672444521,-0.159415007861297,0.659725058531432,-1.2654890810823,0.77701514101194,0.391490994850856,0.161479255356582,0.364057130471062,-0.503140435023013,1.55167334572303,0.941443171540359,-0.463944629193684,0.388829977551084,0.429859754193272,-0.138169684875192,0.230490421532578,-0.634682119961467,-0.557009412966943,1.40769317743128,0.49718843238783,-0.173455648002446,-0.620267769954145,-0.184275007152498,-0.213250080671928,0.975570446137857,-0.177264959050884,0.12441601469282,776.67,"0"
78696,1.29331116720509,-0.628753193211263,0.4749127500176,-0.747566043558893,-1.11280358142342,-0.772531044710122,-0.583724612242968,-0.0373519798577118,-0.979610150645176,0.784757960423213,1.40898438363002,-0.226533180200384,-0.632683512239915,0.233887293322347,0.158798937246436,1.43434014607951,0.0300921952511759,-1.06456021611024,0.931384061747791,0.108712352233724,-0.071333212652081,-0.493235396983146,0.114539318430196,0.279310234910871,0.154325670173518,-0.535422090622516,-0.00944954056628362,0.0167406004122968,47.13,"0"
78696,0.848708151053316,-0.0779498586877126,-0.181171885171216,1.40259521342669,-0.0730145090946448,-0.812462924463571,0.757235046133599,-0.304050991009105,-0.449237970290211,-0.0405612447147708,0.207407474015977,0.600984447572145,0.34306166101323,0.572939348638071,0.85065060122446,-0.557143158730024,0.05353633955969,-0.94434566764706,-0.850754598204639,0.202891403440945,0.168042621651916,0.168158752418396,-0.241333232012146,0.427299519074447,0.674313073441128,-0.291609697774104,-0.024874697791362,0.043969195335131,186.95,"0"
78696,-0.356475513438164,0.273265128675213,0.626454248880434,-1.93326288105874,-0.472022964197794,-0.557596223998634,1.04826036404705,-0.217052354084398,-1.67863257118607,0.236807417863413,0.902794011452054,-0.462606078502068,-0.446356797993237,0.168262828684711,-0.880177577949318,1.41553486248174,-0.300113325108062,-1.15329633592753,0.578772906174947,-0.0145243318827062,-0.0124466546601136,-0.286175352900435,0.100262015395868,-0.0393374046703897,-0.558943682346027,-0.767579986537603,0.0319773049573015,0.117572735857634,125.9,"0"
78697,-6.4245058764356,-5.68415202504197,0.91495879100721,4.21907155112132,3.40613578358885,-2.29569547838158,-2.34433435178461,0.491384106807642,-1.30884434164899,0.716780430846119,0.885525336732164,0.977018427118789,0.947318817072923,0.777664636903959,0.870566815391439,1.17151267143036,-0.489643026146148,0.476848295549627,0.677714778202272,-0.22902814911437,-0.194016156213937,-1.11820354103975,-2.37181656297128,0.270774671789233,-0.559146885503311,-0.118055826122842,1.16232657931163,-1.90470611890146,209.94,"0"
78697,1.13417479478464,0.190149878338314,0.231425204083001,1.11637574245184,-0.401700724087073,-0.530975625691997,-0.169823652825515,0.0363641399739255,0.612864883635739,-0.809677431022732,0.076397676096232,0.217771979554634,-0.580913945551917,-1.45064454094127,0.029149968440771,-0.268574591805697,1.5513901827627,-0.480051032951574,-0.496666582483787,-0.137545035648688,-0.135132042120002,-0.129241317300268,-0.0215796589758869,0.33035257674156,0.419836935379162,0.422073381779126,0.0161969585957739,0.0422060750518124,12.31,"0"
78697,1.05464807363642,0.116039075245652,0.542223914829267,1.31615774780356,-0.418938064493178,-0.546887975066342,0.0796096481662411,-0.0716646315396526,0.00196549282668456,-0.011041663908999,0.0900242156934653,0.334206226253875,-0.097220547882445,0.377799680176728,1.21902206557766,-0.174965373278865,-0.0881504594097756,-0.611229903212119,-0.97254011750944,-0.0745018279591889,0.115983637043601,0.279618675386868,-0.0529299388118444,0.396396213807302,0.47011592558869,-0.324998003000125,0.0280362016963713,0.0337555923215537,60,"0"
78698,-1.11532027345525,0.373824131118945,1.37717593903473,1.36756069717292,-3.95883376176568,2.28366778606132,3.29500143512736,-0.44435517629759,-0.39628834992706,-0.623050874309113,0.211825491175038,-0.136325478917753,0.496815051817574,-0.286747382391534,2.18675344585798,0.167711553594015,-0.0871635756318437,0.0762723090218371,-0.109075013764932,-0.332942493454537,0.0333505268529609,0.728614987439624,0.0643518106697239,0.452363474287864,0.149524420721202,-0.151926627037983,0.301060030255981,-0.237874810512845,768.56,"0"
78698,-1.0906743993149,-0.367850002773742,1.78797608718821,1.43186001787804,-0.523681668225857,0.289883672168161,0.660023347221331,0.174680500630232,-0.377167681239594,-0.394580722431369,-0.36400255856151,-0.273474623858369,-0.160174516322387,0.178357069800732,1.87216307643905,-0.173235226545298,0.0202959459916505,0.118287404268006,0.132984079773111,0.701515422210223,0.312152950274374,0.354730409230151,0.673767400668666,0.0250503622720552,-0.451514575020887,-0.365844831337292,0.10553508355759,0.189796462391051,265.51,"0"
78698,-1.0031480027509,0.794085009619622,-0.36958937470009,-1.12261900592887,2.06255804095668,3.42741808197824,-0.0224622913881075,1.23814467993516,-0.810555868239728,-0.633449879450821,-0.341529390898871,-0.122508624958567,0.0254809017480462,0.6257821969349,1.01794948331292,0.649018311045349,-0.72476272075422,0.156504965318717,0.45227074854055,-0.0261828514932639,-0.165869934902424,-0.873788927173983,-0.0461097313649605,0.996302055412013,-0.139652232733173,0.0557799434484028,-0.141401867139353,-0.0151215257693512,62.92,"0"
78699,-8.69238390178967,8.04289618290933,-5.86547682334711,1.21131266185455,-3.66130377685055,3.33904211670699,-12.1143509861991,-16.7946782069813,-3.44904318611915,-5.18869049040888,-0.493066469675422,3.19565983610949,-2.23127703818993,4.72583455170805,-0.0872692367455138,2.53816083733206,3.66587116212051,1.71894065546614,-1.21291824772987,4.399927850059,-9.51434790280562,3.37513960035174,1.9913441895789,-0.646580506964644,-0.670179569393683,-0.475040004280264,-1.59906728968347,0.108274860589969,1,"0"
78699,1.23246955774242,0.100524260483219,-0.301808183452664,0.87441185493738,0.757797150232992,1.13902706595304,-0.056451116000304,0.234887341697238,0.132083406041867,0.0407042260445045,-0.364856812662024,0.70739479344901,0.199703802419807,0.137742075339979,-0.679526006895571,-0.0270297133645625,-0.621819550075414,0.0686761721032687,0.57076130672055,-0.104161022030789,-0.158973548722963,-0.256204905636479,-0.294555954303888,-1.68645611789446,0.865468822651342,-0.224062071836728,0.0334265613644424,-0.0104171326343885,14.2,"0"
78700,-0.529639527583422,0.32510857505812,1.45615040117879,-1.01292851760179,-0.00359321985542201,-0.26909885868439,0.488914238194953,0.126616269928056,0.0887778829305512,-0.824712186289764,0.357731963215663,0.538094829345276,-0.650999922547561,-0.087340094225928,-1.58834591430938,0.0805917566565114,-0.402343831159291,0.0571579780533842,0.365223695159308,-0.0626352658750797,0.0404013938947,0.188935697095471,-0.169040889515031,0.0901613564512837,-0.2307350017335,0.91707748012856,0.0253149340563234,0.108947777071415,27,"0"
78701,-1.19102711264588,0.847929231336243,0.78092705015956,0.0266428004994887,0.503828914990747,-0.753236231991191,0.557340129742849,0.29487837377284,-0.675179127476984,-0.837106583082968,-0.368210927704194,0.865252461421018,1.16856883056961,0.26718503319694,0.19919019087403,0.121342347904946,-0.446783575287897,-0.662697737301011,-1.58734289223794,-0.349051410955643,0.19365952631751,0.528870498861824,0.195295254694415,0.0943124132654416,0.212558105899993,-0.538195680563256,-0.143331929061546,-0.0602640411721563,15.35,"0"
78701,1.22979818232846,0.196339203302094,-0.114103257078706,0.890803140427616,0.249739512437295,-0.0275237087091559,0.0975132930995228,-0.00663126895447537,0.136816002100701,-0.015289156023249,-1.03766023761209,-0.361772993404415,-0.547566791854991,0.505033772810317,1.30890157012616,0.0348698458876744,-0.413741081604316,-0.24092997557704,-0.413156587798461,-0.160156270311,0.00157425846393913,0.0230401822914344,-0.178793026996978,-0.772236475427904,0.69828124020106,-0.246042262377319,0.0217774689765085,0.00969403736205053,19.89,"0"
78701,-1.10549740213704,1.025972135794,0.365289361978691,0.0164903532706994,-0.873600150688947,0.841218867536675,0.293033934348664,0.132654214846306,-0.941895645228897,0.761394838719186,-2.36737905270586,-0.325045971133218,0.822928496406415,-0.304719372565725,-0.127090736542815,-1.6628809622169,0.00677413484454885,1.47201861507341,0.630951781507249,-0.724221025568615,-0.495292659862306,-0.984465446533068,-0.082286422225231,-1.04538446505355,-0.384043638401691,-0.514078990049136,-0.616581656042542,0.0538029510300689,122.86,"0"
78701,-4.22676668853829,-0.634715188653496,0.973899226152082,0.323327858149033,-0.634960507930428,0.670738719203586,0.0365941141753788,0.205025428106409,1.34028919437113,1.08347210669461,0.723820856133771,0.280618906496785,-0.883150988612825,-0.561682298843909,0.0387045540032966,0.233419220236083,-0.300587564313138,0.0678970767936835,0.376077331528469,-1.11964881619883,-0.39410992006554,0.253729489370756,0.0421822972856213,-0.206257857942401,-0.135710328370396,0.21642912318624,-0.650155901371921,-1.64446157519376,11.5,"0"
78702,-1.21775340628644,0.207899138896131,2.30232477746944,-0.635074574778699,-1.36618154183231,0.0686044856962555,-0.382124947686881,0.604390404014661,-1.18746306989526,-0.338502922124607,-1.42117676170687,-0.492611433797835,0.397762418888522,-0.133976730738621,0.855627402324088,-0.341275577609354,-0.68690868857357,2.24763615950885,-1.93432731589057,-0.387648078275698,0.0175898452784969,0.16289150019905,-0.0719729232841975,-0.0227209846745107,0.373958903033851,-0.315966910224601,-0.0374352449059107,0.0162818023296445,99,"0"
78702,-1.29482247742947,0.115074872498984,0.761545891125756,0.598855473763089,0.60829148202242,-0.968161521848125,-0.368351562807234,0.55598082685798,-0.862100488291362,-0.510185189911599,0.940844414683685,0.402451945963337,-0.298732687680237,0.349682652983243,0.585219149583056,0.548307586086716,0.0889310032082208,0.708965231268627,1.00283282482771,0.230073037441944,0.000607201950639777,-0.556430046510603,0.0444396095336601,-0.0392841435729549,-0.728885933253297,0.0840633937539251,0.024237937070022,-0.0677531615112894,1.79,"0"
78702,1.22740610147565,-0.624308674017241,0.154301084426376,-0.376228163099115,-0.893096637325711,-0.755187197900114,-0.181756349940793,-0.223729534895193,-0.907856915974149,0.53702100977442,-0.138155529500059,0.431039378950785,0.589578602140695,-0.0193419206537109,0.135681205135885,-2.2017122923408,0.684623709618514,-0.0115584269963858,-0.966961707981049,-0.3924859082505,-0.359073000781678,-0.500255084446869,0.00729409557447605,0.463938152525612,0.312699151638592,1.0936920709608,-0.0594841361245474,0.00904280922891863,64.99,"0"
78703,0.829417035996842,-1.00066460870582,0.707075647606684,-0.806383617469576,-0.955451575352261,0.511162476275408,-0.674630971000781,0.353189856905093,1.57392329725105,-1.05853695503624,1.67448678046783,1.57616679596401,-0.12596359555399,0.107818351758138,1.10770240216892,-0.833971115777747,0.163137370284984,-0.0283004051060257,-0.0107639147436863,0.125459817569719,0.334883569053693,0.940193938377091,-0.215090599276206,-0.242393488361662,0.391813205411232,-0.504686003009095,0.0961555694293884,0.041752709795623,150,"0"
78703,-0.649033657730351,1.16205758601528,1.0331664559063,-0.19937803984333,0.284883678794753,0.144982436347412,0.196250193855195,-0.498079897910842,-0.430589254478933,-0.289685100311785,1.25103524876172,0.162137110424641,-0.864531589931276,-0.0158737188081587,0.552561110444795,0.431571095072086,0.0321822696782676,0.140381707468685,-0.0458034870339671,-0.123222947072794,0.545425307453985,-0.857975107478726,0.0834891071134736,-0.398660649097587,-0.23195626271846,0.113932232226323,0.288940674848714,0.0862190516894044,4.49,"0"
78704,-0.164351888498116,1.42154372786031,-0.104325300670817,0.981941813618322,0.0664465925559096,-1.19613980443099,0.661840576162058,0.149187355374178,-0.72233794375688,-0.0219365273245612,-0.649191041585743,0.223772766514089,0.221585365326283,0.773652737733133,0.606478469488005,-0.444242424944023,0.0118546556066528,-0.106792266886364,0.376339070610969,-0.0489725546299007,0.179167857800443,0.613198988507743,0.0652052536397626,0.405965837266263,-0.681560295137443,-0.413841606115824,0.316124411187484,0.166778155960934,2.99,"0"
78704,1.13370109720366,0.307152253431308,-1.01604158147541,0.960911173233006,0.905580682299319,0.0589439251088886,0.470313138442778,-0.103790765932308,-0.138002514139136,-0.523076827322616,-1.03080545521444,-0.233405406419364,0.418560293799238,-0.735464410375982,1.22584054505437,0.391410186662309,0.260025827026668,0.175545536349575,-0.309064730796654,0.0932469568789176,-0.0987486422564395,-0.373157155566118,-0.335640044490315,-1.40311761068076,0.82025727237312,-0.251563408587893,0.0167176895425744,0.0396060312881311,91.95,"0"
78704,1.2153333420191,0.801141201519579,-0.189307393832197,1.41901706130475,0.00808840614440096,-1.40885840404538,0.381728498400959,-0.318842460695079,-0.25309880934889,-0.70917057639648,0.573465434701331,0.483060027124829,0.806795479129107,-1.50043964809955,0.96425992221513,0.457964739461338,0.960149574142155,0.372877481591705,-0.754553390154233,-0.0494200043872486,-0.0356841599662551,0.0136353132101493,-0.0943769492116174,0.60355043425712,0.678874477742524,-0.350695352033113,0.0417115988405792,0.0627895474326006,1,"0"
78704,1.10873903063569,0.13507789677445,0.50384387745393,1.32796066980239,-0.22417614558637,0.0184873397051067,-0.0595564839542857,0.14269255622418,0.0800056507560461,0.0563677792545608,1.27325199279302,1.0652634321299,-0.665124522495877,0.356681959162439,-0.763972031015153,-0.566629811822773,0.110273623929543,-0.498475292948701,-0.151674120140396,-0.213796794710797,-0.0419833785605181,0.0599929751139597,-0.0436618724089826,0.233566601326927,0.592299146019524,-0.341394684818609,0.0337657276760426,0.0069011815528509,7.63,"0"
78704,-1.15235090698205,0.992918967382962,1.12817231005652,1.33594762650335,0.139289191323417,-0.63043787605365,0.391927554364759,0.304286443651644,-1.1190852026791,-0.326517348198506,0.158296958129681,0.790605479868142,0.894853561446299,0.60772178301348,1.26271891783804,-0.63122641680346,0.465491382302695,-1.03156911523685,0.488740080442811,-0.0209712005837803,-0.229366078337151,-0.879738532401393,0.170971387018695,0.370326973277391,-0.65805310757395,-0.773444141638462,-0.0421947118204727,0.0351866573301356,33.4,"0"
78704,1.03619623981408,-1.06652096682709,-0.122858744354674,-0.289416812945415,-1.11752751324262,-1.00167987068708,0.0110289521204839,-0.329389268970408,-0.77829723876206,0.542683750860781,-0.784191753785377,-0.176449163649942,-0.0977185971564418,0.119478080429238,0.0116753310606268,-1.75903130571934,0.336137349863063,0.668508937158652,-0.522501741113137,-0.129224976896535,-0.33673651671507,-0.810584483997888,-0.169680269655747,0.44722049133688,0.353924532528442,1.07205669011269,-0.106773412586588,0.0307409870587957,198,"0"
78704,0.997526014412929,0.162400897343737,-0.0998361205905409,1.3384334054571,0.00206325378602525,-0.83335658503259,0.649381424977549,-0.278301197677222,-0.429868530295926,-0.00284179586543586,0.193214002823313,0.559904719733534,0.26077959488299,0.568945978108587,0.849463578043976,-0.563216022634022,0.0543608178708148,-0.950594578000394,-0.825089541987736,0.0424212910103248,0.120459957770674,0.201835426402709,-0.172174302313521,0.434179955442293,0.700710616331979,-0.283741997450421,-0.0108868509732978,0.0305473313781727,110.03,"0"
78705,-1.62780258415046,0.503814875550175,1.83167967500779,0.144112731455337,0.348563133784666,-0.421558016733795,-0.148680638262161,0.631633819317865,-0.856626331783965,-0.795065012657853,0.659745235393292,0.859149939819789,0.505207173222118,0.411061525274365,-0.113327567664964,0.974462024538392,-1.03762966019333,0.924700870365856,-0.737627321725018,0.0309243283588286,0.349722206350673,0.569821529977213,-0.417820381327056,0.0299621765216036,0.604956334326442,-0.340047120816599,-0.0556072979290518,-0.111131628098327,8.5,"0"
78705,1.24174598258574,-0.156165524116137,0.284521773161342,-0.0948298985671378,-0.597421590271078,-0.723996341375313,-0.210700415494881,0.00106084730846047,0.514344559166584,-0.18578181493299,-0.298216847910954,-0.64368700246014,-1.68311397691727,0.617126405304857,1.58283282918887,0.0473222608696395,0.0757978224774136,-0.728757579043971,-0.277469990382469,-0.200648789856453,-0.0986999269383598,-0.332950294349635,0.0910633307019362,0.0988725209697232,0.105689791565048,0.995024483746075,-0.0801576515757024,-0.00234277277920547,9.22,"0"
78705,1.25536312880298,0.228463019083418,-0.0441104486182492,0.820068925090173,0.110884071508879,-0.196461945834589,0.0461335736429447,0.0106122441842713,-0.0973756816470398,0.208250983639829,0.428260766980289,0.173119778784798,-0.755126680802265,0.69861860500525,0.368092025098584,0.524020715086998,-0.930156199410154,0.712452910431729,0.234861801320457,-0.155109804856261,0.016718501090784,0.0205901987781991,-0.206027693380898,-0.519437259922146,0.739279473271723,-0.291458689923364,0.00328273870214814,0.000242913217537519,6.15,"0"
78705,-0.192520411994383,1.13487041501495,-0.882093205577847,-0.421883836426878,3.04621703411684,3.12397663924795,0.354873703616175,0.836888728269875,-0.773494817365917,-1.04702782114472,0.191817458971206,-0.610273288827542,-0.207512455412871,-1.3029527738644,1.06833867521249,0.833943986995237,0.410769787615025,1.20493303139921,-0.112849064263064,0.076398536436368,-0.0492843245639544,-0.265027633465034,-0.316805434903034,0.850044008417748,0.408752498033873,-0.352035808526162,0.0636424253033714,0.0564614198821539,1,"0"
78705,-5.79536550150092,4.75357119786253,-0.698844946147318,-2.36187716905183,-1.69778876070521,-1.31939435628006,-0.0439775922459314,0.776812452027775,4.05178124507316,5.69053227574829,0.373362221406366,-0.0491012262151592,-1.18282868363618,-1.02263320193498,1.12479939240529,-0.172789801872097,-0.189281035130577,-1.14223081643442,-1.88338140561069,2.59489068927774,-0.65471887121781,-0.495444313548648,0.34024214356824,0.518151763042845,0.553427566234256,0.761115650013196,1.87884734251538,0.877090428075612,0.77,"0"
78706,-0.124742738362226,-0.160936871884481,0.500252915949797,1.17699987158973,0.390229289488803,-0.117216801398437,0.486183660992675,-0.688376099604264,1.18198865333933,1.75085635293339,0.587128124739344,0.031981467139902,-1.02527432061167,-0.590645412641249,-0.450842959256115,-0.993690872238272,-0.15790380868508,0.423740521613,2.23115090164182,-0.175212451425686,-0.0474913486955288,1.16015027722181,0.719479167262105,0.0438054621748517,-2.36040127125163,0.158838354487552,-0.171061214568781,-0.348679649767416,2.85,"0"
78707,-1.18660943809948,-0.0559518392670464,0.83266729607473,-0.941343255438577,1.1769027957754,-1.38955051201624,0.608170324517195,0.0138115056376872,-0.651267202107732,-0.335464038141385,0.91269424919916,0.397221119675277,-0.517619965105723,0.605986358932766,-0.463997609292293,0.44966319302612,-0.752830481075511,-0.207260825576709,0.153547595440381,0.346578181166154,-0.198738219782555,-0.938734285163565,0.247033074840089,0.00314852044023729,-0.341933930756306,0.529511555812733,0.190583595822926,0.186235512944711,48,"0"
78707,-1.01870766829283,-5.14342832081975,-1.234794196687,-0.209621621100677,-2.7156893837573,-0.397996333676279,0.886782892175361,-0.477094998867383,-2.137130187099,0.976857318661632,1.06767411107331,-0.323772026888128,-0.246242120319152,0.278571405364833,-0.866509550958567,-0.64302977375874,0.777457820770083,0.452618204533145,-0.142830636774563,2.23418060552044,0.629216210055258,-0.66849265030381,-1.20117457686897,0.592401898856183,0.124078500553437,-0.229019751741631,-0.235282745511304,0.22418176591199,1303.55,"0"
78707,-0.943253279696694,1.55375083218608,2.09627222714963,2.53772601792666,-0.248785722098317,1.08252638318103,-0.334786368575093,0.917849194321676,-1.62425460686652,0.648855165057604,0.928395680846417,0.194198804008924,-0.0263251642347939,0.596723368308385,1.17234363823901,0.408738527328677,-0.0291207604474597,0.498712728933269,0.748132433614596,0.171531024535494,0.0328303246800749,0.0448477793102499,-0.125022278229864,-0.346349833760922,-0.0812616740226468,0.191532226291694,0.234851694250721,0.0825039686327738,4.09,"0"
78707,-1.83776960364921,0.865677314799814,0.0777036587673458,1.34219716769536,-2.21187917850432,1.91977152869263,1.63612894026841,0.955562447727394,-0.864218985247947,-0.702659275059276,0.908570987065905,0.494044112222505,-1.16567399991162,1.02086215950394,-0.0544381304722235,-0.846899387146427,1.00717043490388,-0.377149518948415,0.627482000817369,-0.0943002362325742,0.0770856775277727,0.303399536725048,0.228528425031869,-0.291849722633892,0.145936105226129,-0.157526643086835,0.223725123945078,-0.115193982034217,486.55,"0"
78708,1.34641749805625,-1.46521719990272,0.0152128304205778,-1.2704431016736,-1.26485448010372,-0.136859164090022,-0.871308948673134,-0.126951766530948,-1.39212247378485,1.24785793125316,-1.74932195291655,-1.0534763652018,0.345167646383844,-0.630304916558847,-0.510892887394087,-0.581846101575084,0.574370594083944,-0.053373527070071,0.52196842282074,-0.100646016893782,-0.400557487465734,-0.866367482325252,-0.156962426441952,-0.630348792870211,0.497687617364585,-0.21850494744428,0.0172289220635324,0.0291105713981984,127.21,"0"
78708,-0.358117920381484,0.0978098671097443,2.51862015795338,1.21018837874481,-0.677236039674463,0.127939051957255,0.260282854793245,-0.31322058211372,0.667915982067232,0.318694631316746,-0.729345820325464,-0.677273876279388,-0.928621720375895,-0.638696601379312,1.0977356351258,-0.680229013701755,0.277091386429844,0.208126586598109,1.77166495648376,0.18676388788771,-0.0953196224686688,0.276318043051007,-0.123187950016429,0.43366628503447,-0.725260951764699,0.433777644931628,-0.214520757939549,-0.328691783470087,79.99,"0"
78708,-0.793482881451598,1.31746542209781,1.0736249770314,-0.411384852100092,0.849147696775042,-1.04629810187808,1.1371745448076,-0.106465930107684,-1.19161985371496,-1.22677763579495,1.69703882407786,0.61321057100104,0.35055748593657,-1.08837793834797,-0.411945766195331,0.772151146074381,0.314504263818469,0.652086607257983,-0.529587488491909,0.00276037731096675,-0.0231810140583035,-0.143133391039461,-0.416744398993059,0.249691139537352,0.57123886208501,0.264412280346116,-0.0190531455835088,0.0707036104055498,0.76,"0"
78709,-0.404779893574281,0.915051724475788,0.992897414096501,-0.0951591391785146,0.343327362253348,-0.6917044536665,0.867370154172549,-0.213084812472829,-0.461743075487775,-0.334203069740464,-0.950996283253695,-0.23612541221854,0.203439826245727,0.162260519563554,0.686038563299035,0.13730160617445,-0.555471812430758,0.000898950595722688,0.152075911767122,-0.0575138426556215,0.108644186561603,0.304150430059313,-0.14544452472276,-0.0769658042768489,-0.297283730681166,0.303923340538957,-0.0205419389888857,0.13987690406767,17.54,"0"
78709,-0.758369236393792,0.755109809332837,1.05230116312398,-0.742206896426166,1.31972399095916,-0.469424867896972,0.711984637314627,-0.0417590370182037,-0.535234360547129,-1.02885140036748,-1.46542630376606,-0.148712639100354,1.00226676918244,-0.638153739330812,0.425447085707831,1.04702806558694,-0.834398162033406,0.165683773614701,-0.327128708534343,0.0699231667511585,-0.264813896140326,-0.922135658218031,-0.22805792180053,-1.05246938638796,0.145591548130697,0.0170901173602882,0.0222969129837685,0.101884999341507,1.98,"0"
78709,-4.23680066774584,3.9337928002223,-0.444712370622601,-0.888255485095927,-0.508095014210701,-0.712304556547794,0.695308786887906,0.144658220432565,2.72681249925065,4.64406870858088,0.579953787895702,0.479035708415552,0.867718395651887,-1.90956471679313,1.35824534174862,-0.385157504681076,-0.0074146512151502,-0.972404841379184,-0.899671293350169,2.13982904187164,-0.867173729411768,-0.723023015958203,0.0916914066194664,-0.0170649840454786,0.479572778383364,0.00199212235884974,0.453110441806113,-0.434180589057406,9.82,"0"
78710,0.806618586537469,-1.15781730464528,0.706215718763579,0.531842971541955,-0.998031323827832,0.929555729867078,-0.749901032429764,0.339990709448025,-0.733315902688623,0.690005362286355,1.22807382312013,0.891644629942034,0.190875013015403,0.0303767692054098,0.139126114108626,-1.82071773911862,0.254781125117113,1.0475127386751,-1.60812054711788,-0.217541069821368,-0.0223626173226559,0.190856197304113,-0.168053381542018,-0.285172953910127,0.279624873320882,-0.200744799817024,0.0723131407210171,0.0496986018931432,194.66,"0"
78711,-2.33803146161543,-0.271825100040104,1.89227807272792,1.5133692383578,-0.290528572801524,1.87237978177019,-0.31207790109469,0.913798287120262,-0.279032228259245,-0.642950738718766,0.538504621506198,0.994770398242887,0.906365903855864,-0.0572040802343877,2.05895527821826,-1.38564489096397,1.40245623358459,-1.62757896735162,-0.964189252203337,-0.245137208371588,0.343762454838502,1.20627114695487,-0.377622109601875,-0.541090804560799,-0.0852962488099209,0.0176414178149486,-0.00783090646219806,-0.0809513441168766,180,"0"
78711,-2.06426272410393,-2.53165088514693,1.05703279567115,-0.0358723839626474,-2.72653514213271,0.44901728377891,2.67598479295426,-0.13641181842983,0.425181893574558,-1.77622313925164,-0.697226493303223,0.405440685867522,0.244249444295617,-0.653753091947288,-0.950936623038767,0.145064410846066,-0.0916549239680738,-0.358176516627438,-0.498724530358455,1.85979447595414,0.40509786329024,-0.276971531113801,2.09813553508761,0.683850179997917,0.0284340746706887,0.715330605892719,-0.341776205764281,0.0808839539932963,854.25,"0"
78711,1.07676355262349,-0.269175510994562,1.3324284752674,0.909694472240414,-1.09560081203246,-0.0226609196012721,-0.674473287230121,0.189188321447271,0.916219004436155,-0.291208882599594,-0.233767438758921,0.587266978131804,-0.119810725179773,-0.336373123610931,0.43948736171858,-0.218528477523296,0.228970061497366,-0.776846044600154,-0.52790918321066,-0.108802723473285,-0.0315965239842356,0.0875000566193145,0.0844870250417299,0.434593106155119,0.127371374881595,0.324657084799359,0.0295524646322634,0.030364822961703,28.75,"0"
78713,1.40484473278138,-0.95826864471181,-0.613265525662223,-1.79773662864859,1.00997793933474,3.53583769238222,-1.5825395618588,0.926631035289891,-0.544847619075938,0.659983877640857,-0.0767215905989073,-0.76048300243643,0.358026217991407,-0.322374964501557,1.29390548337807,1.80274187614622,-0.448375408928601,-0.417150814065645,0.590551920346436,0.246860725012666,0.337115636591553,0.752713775707502,-0.150497097653499,1.04989514482922,0.584843208947271,-0.0357417597922421,0.0380042866302966,0.021553642804319,24.99,"0"
78713,1.08217483532002,-0.771595863192391,0.411920449393682,-0.04771564184575,-0.455999681567339,0.911210122299466,-0.658234722440816,0.278647467560806,1.34210721515015,-0.527777919539304,-1.88615537797634,0.00764250040397062,-0.15021569097604,-0.516427721803348,0.103760608908153,0.0253810009584205,-0.0621138040328079,-0.566832010825159,0.606946406072684,0.106900486798496,-0.244701603141097,-0.636590616550211,-0.142793147763851,-1.24660847193518,0.202920947961816,1.04971885317954,-0.0395209723577816,0.0126456537163728,104,"0"
78713,1.03052036742918,-0.376947318103846,1.01689972675501,1.27094255816355,-0.975658179271726,0.22344704086923,-0.735167014045669,0.342144658681908,0.796208045399168,0.124776620835984,0.328918111871265,-0.223957367946206,-2.06136137150503,0.354085164130688,0.147878183680932,0.684188311685596,-0.667328632378843,1.07815833056327,-0.0767385578370203,-0.128271073159372,0.165115793889325,0.37737006003504,-0.167710417184044,-0.0234329769540266,0.425622510931358,-0.239049714483084,0.038338176789221,0.0282549562338943,65,"0"
78713,-0.660389692048815,0.184544566760381,1.55136668522195,-2.00586484279951,-0.160831517570022,-0.0710123620726472,0.532511349561694,0.00301384146553654,-1.86079283239995,-0.0133726621080988,0.387792105655923,0.301558409719364,0.967401010303974,-0.0544396446614874,-0.328091940912645,-0.613607430141457,-0.885491542956341,1.6481188893483,-0.669232664868239,-0.259259397251962,-0.400292165696254,-0.884828764921046,-0.159787299472772,-0.488503422198707,0.233299557183418,0.849895433372214,-0.0581241993372215,0.038828805064942,62.7,"0"
78714,1.32109069890095,-0.337042124628029,0.0683883007791821,-0.433912414739412,-0.637420282726776,-0.590833423630897,-0.471215752584866,-0.10394275450352,-0.741286146251771,0.0527043861480411,0.201053307199617,-0.130638745474916,0.749161162344212,-1.47163023832363,0.234395006142281,0.784418287957588,1.54589960163077,-1.78859980814515,0.299600255876853,0.129758447096999,-0.0369118306823497,-0.0408548950537004,-0.00151496066645334,0.0331677875405075,0.423991274448929,-0.275639104283781,0.0408451114614801,0.0385403364352536,24.97,"0"
78715,-0.432606365638841,0.91614761944021,0.852146365075705,-0.631072893133975,0.75863249714258,-1.02406216450126,1.26069583325691,-0.271677189164238,-0.747232813677695,-0.711375485685821,-0.811777717491713,0.248948845112887,0.73986347753551,0.180093633941573,-0.00243387756488408,0.295659844778346,-0.75544577877502,-0.70126950370293,-0.298430421985692,-0.0205216681507278,-0.26501198464469,-0.881126142676725,0.0479297384763838,-0.122520671610848,-0.408815681173085,-0.0640783406415951,0.0536507346169762,0.143432307178833,24.95,"0"
78716,-1.42409682636901,0.212715456235486,1.06657889545409,-0.221324244577147,-0.0636117043391868,0.141441596414239,0.250899861590908,0.566970279196463,0.320379620923672,-1.1208180804497,-2.15096962514357,0.531541107756383,0.753498619616793,-0.506004799332568,-1.55771004346929,0.0576601901003072,-0.229000246239656,-0.214396634281258,0.145260905656671,0.319597762608447,-0.0113020751123768,-0.0806923201735566,-0.0616952440248515,-0.544466962467604,0.288366142156145,0.427071877979522,0.173826441895902,0.0421587952384222,111.98,"0"
78716,1.15967801494655,-1.51916799569332,0.771386611550086,-1.33925668469563,-1.7637340649152,-0.066396203712203,-1.22429654959453,0.0654709475006441,-1.97978962676336,1.47605356019514,1.69191852890791,0.262254440627557,1.07756814338033,-0.354044113670443,0.325698344778375,-0.317139983941486,0.443890801684546,0.238004206500757,-0.630661670130189,-0.0555606109397903,0.114060342328836,0.489351601091846,-0.0743009067214062,0.251835855532722,0.185727217039253,-0.119322830097085,0.0453959389405712,0.0386906725839874,136,"0"
78716,-1.25035396722647,1.62097957682014,0.817310868407189,1.43517365843474,-0.58849973023913,-0.225811497364338,-0.0850773708590994,0.886493185863101,-0.627108745827062,-0.449692713164314,-0.569843248039387,0.737198583024005,0.199003666114484,0.57719380945798,0.0942516832020634,-1.09485727467521,1.0628793691844,-0.75444534246807,0.591605962307039,-0.0960253185147859,0.0905710819374127,0.325392862816874,-0.0270623069730429,0.432457073532586,-0.0935931321467468,-0.253733395428084,0.0505455951104272,0.0705432461607226,10,"0"
78716,1.01785999680084,-0.824203454924549,0.672973808441131,-0.0284947960645203,-0.733745997807123,0.880062045641687,-0.808138528839506,0.429024658546036,1.14885772511363,-0.334644836041355,0.208035561609364,0.51953651067964,-1.02632618768518,-0.150390974886732,-0.565149129700317,0.0850472486690834,-0.0649170784612775,-0.176764708273744,0.688053651212631,0.0339686156889611,-0.169284174472837,-0.468516660656497,-0.0677858222329109,-0.75884892208419,0.0763752289073078,1.00073138648614,-0.045074636999926,0.00489973414772139,93.82,"0"
78717,-0.629305825667757,0.381275761901318,0.253550924698392,-1.64092534096178,-0.329378482367924,-1.00763178208838,0.112843601155864,0.272838425154978,-1.14572709944291,-0.0132854099151363,-1.4138116604086,-0.825888483436526,-0.157340398272263,-0.0242150172994877,-0.973693687829751,0.956087692222348,0.311600765522367,-1.33784567877733,0.340743338371374,0.0772540701650881,0.278993397147446,0.731743943793929,-0.130585209494435,-0.0872199859251747,-0.151724535865525,-0.298815465110113,0.267184992232785,0.144712074336923,24,"0"
78718,-0.591691357691763,1.02636180111493,1.42066610631595,0.247068162331194,0.442493032919263,-0.391335958649038,0.515024524346003,-0.0208174181395373,-0.953954373948333,-0.311303212507164,1.34877749198827,0.796019241543961,0.824474319362971,-0.31611775670686,0.526647138341211,0.349660151040579,-0.143422242055312,0.478808011225616,1.06786377234035,0.122579023242573,-0.141371958603008,-0.479602175589452,-0.123578957608461,-0.0112053063616304,-0.316418832515918,0.147507271680873,-0.0445659173236299,0.124182882403721,1.29,"0"
78718,1.05118120027063,0.0806182770989513,1.60634816136249,2.56355232779918,-1.05035210258417,0.0297395203072401,-0.730345994363151,0.202501658198905,0.0434253430732939,0.63812860368042,-0.783889751451439,-0.560318458134065,-0.567652830939672,-0.0483249388049562,1.19348701823776,1.34937946036833,-0.886344834430721,0.571843143562248,-1.42861092817798,-0.0979983298017874,0.2458029389024,0.583972174336689,-0.048376830909672,0.377610011884842,0.208653569960851,0.108891852994046,0.0336902765715637,0.0469452720626716,42.6,"0"
78718,-0.32695788783792,1.25674421816994,0.843448805453456,1.08094993015705,-0.400504552105648,-0.987283592527719,0.490333814114688,0.181056673320364,-0.867000903574324,-0.41014488249557,-0.193986204960719,0.669548711261125,0.964016842789741,0.462850888413405,0.855887973504484,-0.283198536910145,0.024115519777694,-0.0929607851588662,0.208887044725597,-0.0507328733982055,0.216500163409421,0.555197181994987,0.01609102201116,0.745082717980319,-0.138902127987959,-0.35180464391678,-0.0435928295472515,-0.0115978879167681,27.52,"0"
78718,-1.63543889323706,1.41882816796482,1.80810155552436,1.0382410284556,-1.15365085300543,0.549484178908317,-1.02200548052978,1.32526716082008,-0.0725627767732278,-0.260034401715787,-1.06671667091903,-0.469977063183032,-0.58550142153122,0.528207334628159,2.28214654675297,0.38620659955684,0.165515470328506,0.73209327692385,0.0619005981628395,0.0868987851666355,0.309112595809887,0.841306893420062,-0.225240750041756,-0.289967564836965,0.252967914883577,0.0235812879271985,0.26080364198471,0.0680239570238582,10.99,"0"
78719,-0.353598922594372,0.755454467454923,1.32320347439254,0.615549352849913,0.424125986414683,0.439623880983036,0.565441250222188,0.27306786088417,-0.398066664080693,-0.36878662108323,0.593688007115,0.426143680488497,-0.934891902283286,0.269403235176726,-0.904602632869177,-0.486330593894157,-0.052916063833076,-0.121311301347645,0.189567653354173,-0.14587954164929,-0.00398676266201359,0.104395152638216,-0.225634781664204,-0.315367176233679,0.220728371671341,-0.347563891044299,0.0538230425705048,0.00670949764759568,13.99,"0"
78719,1.23861287419737,0.271867584410337,0.650472107701487,0.69357622414701,-0.620059185307349,-1.1682076592998,0.0778393604966097,-0.233520684836502,-0.00127649792833434,-0.0707121309886861,0.102102993346761,0.559657721822698,0.41551934570875,0.227177021661858,0.99152935011039,0.200827864069524,-0.313990282461991,-0.667377303223056,-0.242420142664139,-0.0942070632864023,-0.234621226323214,-0.672321457060038,0.175979229295676,0.72341537566818,0.179821831113771,0.0732838711349797,-0.027599463364397,0.0227044592730812,1.29,"0"
78720,1.27847216151957,-0.98873150033553,1.27271852096356,-0.47591552540944,-1.86424064581639,-0.24756140626399,-1.38415282127867,0.287215405208845,0.0502407193303698,0.669973923651865,0.879035816666113,-0.668145529580373,-1.98205884997344,-0.200137643904606,-0.575376507486974,1.25274064726355,0.410244378941803,-0.617958827331714,0.905616325736802,-0.0514675866345474,0.162892220839517,0.432042490319299,0.0196876131449787,0.524936133580509,0.232399804938387,-0.220802815472905,0.0359842272851722,0.0158359777793645,14.99,"0"
78720,1.0474135229272,-0.530372980816397,2.00317322609042,1.77177104572876,-1.44282427129922,1.09628238735681,-1.39745344888216,0.57966527168705,2.01216458999416,-0.41109124079849,-1.44341719852731,0.373838241139807,-1.04808653710861,-1.02505962016454,-1.11158838287841,-0.64075176590065,0.568713152533213,-0.293860654258541,-0.317309565542315,-0.266083267199894,0.0954896376448652,0.822849296148318,-0.110060133803507,0.124197362152003,0.482566736132851,-0.0656796565571915,0.135054943760697,0.0350250399215773,1,"0"
78721,-0.973362158165893,1.2042744152723,0.890668669969316,-0.115799094918975,0.1550602040145,-0.545068294109295,0.401889296819861,0.224243703221629,-0.521691527285615,-0.126129621842087,1.17492297761837,0.633744997815371,0.2551198909468,-0.244943073934346,0.221582488596511,0.689727340980007,-0.321747484460532,0.448506613573926,0.340592119427973,0.0452736473024389,-0.219969283772486,-0.600576700295345,0.0913853743821696,-0.0497264396548116,-0.133398724624093,0.0278776166499717,-0.314829326721405,-0.186519771365257,1.98,"0"
78721,-0.479671888458614,1.03072118979314,1.67678260310846,-0.00787996328152687,-0.0274638725993211,-0.597578757177956,0.673241667102303,0.0297788838167596,-0.476155432597426,-0.37018898957502,0.173616204532337,0.327845385510222,0.303993784824262,0.120564115973692,1.03770055075783,-0.204848219697488,-0.0164337455355878,-0.94968412415331,-0.470777134100037,0.0821867120732115,-0.173540271885934,-0.391371509269293,0.0498557183877056,0.390189502554383,-0.29763011569997,0.0794120289744495,0.283635110403825,0.121748128863189,5.94,"0"
78721,-0.360848790610109,0.771556347481213,-0.0372002219998852,-1.21045707033251,2.44773077088202,3.37216381782236,0.130391232281506,0.935791673453839,-0.522775763709924,-0.25293257636444,-0.180037107281483,-0.245805298663168,-0.0536522726259571,0.290981425247252,1.04087516763973,0.527720061401836,-0.891450984262902,0.099083456593091,0.386231410734119,0.224174470737902,-0.280378562258428,-0.903792230674612,-0.0509591776993684,0.982981573191541,-0.0346491424489499,0.0863231300347734,0.266472815222227,0.114349215044396,5.37,"0"
78722,1.34851254758776,-0.497898852922815,-0.1541194483678,-1.59822839934977,-0.385346233987324,-0.346748150122159,-0.314337276997213,-0.0909328886375487,1.77591237511566,-1.15900909994166,-1.5956073774081,0.307429779013281,0.252701151313523,-0.112232814753413,1.21590367376566,-0.257111867406039,-0.467566837538202,0.327543164670631,1.38094364304524,0.00398500627338362,-0.104838517970845,-0.100264556806779,-0.269044230920128,-0.94192254469842,0.721777123032987,0.0852905424754716,0.0183742021562959,0.00712720912502244,28,"0"
78722,-0.408359759485924,1.04558005246359,1.15619976503817,-0.182698586896392,0.468048024524141,0.00816196139616618,0.553217404884235,0.210809346344646,-0.696285891551656,-0.398792091698517,1.48248890246867,0.797250503532275,0.467811187712459,-0.302715257418526,0.42599311215511,0.363750640475202,-0.105923028067581,-0.0332069468670362,-0.039189344429797,0.132793582981629,-0.200438587388897,-0.490598756968986,-0.0395060375687449,-0.348790463141322,-0.205649390600895,0.103111029955826,0.259914959309576,0.0823867162436182,4.47,"0"
78723,-1.82589821897369,2.03159951828601,0.313241211825466,1.42535502810096,-1.04612665918135,-0.236583134661945,-0.358453353325125,1.30699602540069,-0.609893920398281,-0.380425276225733,-0.691215884237739,0.900739879064509,0.265319081488572,0.82011694668125,0.0743994353768502,-0.983048593325148,1.21860355187021,-0.732439524000838,0.55480765845742,-0.0910123440149767,0.0957723853921387,0.291965720906835,0.0301942465791615,0.42994009864704,-0.0190343372396763,-0.246533714237935,0.0443547774792654,0.0605200938960881,29.9,"0"
78723,0.839446048623348,-0.6367981435573,0.403348328827434,0.91647608763644,-0.874503071049958,-0.614197322460029,0.136820775288874,-0.137523129025261,0.568890064578323,-0.302285964383927,-0.711458783750118,0.280429488999512,-0.388910373029645,0.0117210490378821,-0.0753265996792537,-0.153271216947093,0.0448974967727383,-0.655282246547012,0.194084198415092,0.272863991633806,-0.171358428644669,-0.802153583969428,-0.105230071543693,0.417884044065503,0.252180869023532,0.284932889384432,-0.0656471300140925,0.0488982813875303,208.61,"0"
78723,-0.362131674705372,1.12594308097339,2.08409096915104,1.86697474541803,0.134750018582218,-0.18642151454175,0.782650411424582,-0.245193493056243,-0.912697185397641,0.561627936926946,-0.619388154923898,-0.418656531216506,0.247135109504205,-0.278720817806342,0.490275990839298,0.654206907611121,-0.836063175914553,0.152327872867494,-1.04183500606228,-0.0221787269133018,0.187510020907218,0.642867974123498,-0.235648036403016,0.396400400484153,0.0469806212605,0.0462118323128899,-0.256559629907599,-0.200011309303117,19.77,"0"
78724,-2.45451257064212,-1.05653576631809,1.42119217836359,0.772367806666707,1.26115537817658,-0.53292799075029,0.93952068378465,-0.500048435738063,-0.241226081799433,0.934039806990447,1.87575990610582,0.224995470915424,-0.488083689961797,0.0286614134164187,1.18085398519838,-0.361268245180118,-0.230791530879724,-0.559959498002003,1.40416475803759,-0.862659510940088,-0.872151279062715,-0.782490023736719,1.56293998261698,-0.0231444388594374,-0.142155792441481,0.0400865189775394,0.182039609130069,-0.593443519356552,49,"0"
78724,-0.273392323241339,1.05705831336944,0.715028534133469,-0.255843454852161,0.771270918472736,-0.214770780291822,0.649605564694294,0.0147495826804602,-0.311652279489342,-0.506688475381156,-1.4443902665728,-0.476338669654753,0.477788486534862,-0.533907105022312,0.98540298995563,0.783763690491182,-0.505765230986307,0.304671973836781,0.436547815186689,0.174961790432085,-0.351611575916934,-0.940460288055889,-0.184372726905415,-1.06496001765895,0.0313792792989882,0.158379580147289,0.243472896773831,0.085179507442546,1.29,"0"
78724,1.47643377387939,-0.927514282609193,0.124312877336659,-1.58190576724415,-0.92501592554502,-0.118917679025022,-0.89901558519729,-0.0549639503681369,-2.34450327172315,1.56162986435602,1.31722863671944,0.288059382738803,1.42517315776602,-0.220227342917479,-0.0332491785191221,-0.562758945773941,0.397746529162684,-0.0166453992765168,-0.193874245495957,-0.283537394228247,-0.0808649676832694,0.226491606678875,-0.0666001865488146,-0.276114467399345,0.496652733777234,-0.0860189148679409,0.0390428469640997,0.000534837020516353,10.85,"0"
78725,-4.87521169772424,0.842947373883836,-0.547842821023881,2.859398208001,-0.883223153211892,-0.394862856027268,-0.594078858231647,1.37764834804897,-1.28486373808884,0.821412679482622,-1.33207012800627,0.229143201087634,0.823912632097708,1.05529821620489,1.13285298554099,0.999411994361226,0.122894138582728,-0.0283906115723679,0.430366103532995,-0.580548954256697,-0.287931445676286,-0.946905665118984,-0.755886426354846,-0.0574788073867008,0.0694637165226246,-0.173169514655858,-0.958456110964318,-1.12535018728475,5.63,"0"
78725,-0.968078770416996,0.834170565265352,1.82206608649789,0.59224890942976,-0.226303063157331,1.42672277595499,-0.43424671139844,0.998311323419906,-0.28255503647173,-0.625186589523967,-0.181695712231882,-0.00786723856610078,-0.781375657907177,0.375811316450635,0.561394785417745,0.308312344779069,-0.272802850513106,0.93274370931317,0.896305323494657,-0.0470244348883639,0.0987405154846656,0.187810774536145,-0.282853490914434,-1.18029271368837,0.270398370679541,-0.176615467150072,-0.00194105103045453,0.00475118942096212,33.12,"0"
78725,-4.31247908052279,1.88647569827836,-2.33863356144698,-0.475242891532036,-1.18544386151204,-2.1120788975769,-2.12279296550593,0.272565132222544,0.290273064048255,-3.8337413849476,2.50978140392157,-3.61123136485112,-1.02429952994167,-5.29192495475268,1.6498073488757,-3.26265841898301,-4.33311795972043,-1.86304896791862,-0.00953360656837195,-0.718705614884897,0.550540662080627,-0.0678702198276179,-1.11469186343039,0.269069433187685,-0.0205724593187757,-0.963488862263668,-0.918888353795928,0.00145356217673386,60,"1"
78725,1.20820049020567,0.572334633472721,0.560766088544884,2.36837995576401,0.00123358444404052,-0.257992443530316,0.110721216551622,-0.0615022803082521,-0.677266702150062,0.673955251885178,-0.957383979403851,-0.299784775580777,-0.0343823535068202,0.291937269343419,0.615018842947221,0.928550455313173,-0.819646707996983,-0.287875470390291,-0.735080311630379,-0.134996908350743,-0.280086639764221,-0.904454526208349,0.0800841560438849,-0.178007318344998,0.306613246468115,-0.234802049345769,-0.00958293701284175,0.0242853898268097,9.23,"0"
78725,-0.804521045591823,2.28812397126704,0.0314199120812307,1.16351475969483,1.34033612874984,-1.29085155259557,1.54224012488616,-0.434304576248889,-1.23749038379708,-1.15487466630982,2.84508211409076,0.0974764344769092,0.266281931009666,-3.65419241847697,0.572042550266563,0.64550441107159,2.68425568794501,1.90012321525838,0.240695547467608,0.374566758866501,-0.144555314306793,-0.167001713271804,-0.512090083794765,0.228805432156556,0.65707168953752,-0.229836335056429,-0.0934623306673936,-0.0240531387571506,0.99,"0"
78726,-0.332686124880524,1.03409667062513,-0.935595800674664,-0.195077330146173,2.18403447383055,3.44640842734347,-0.179777302091077,1.21393210058267,-0.76318407605224,-0.203572190048371,-0.409269040752008,-0.11000774647875,0.0381086042337392,0.731636695860406,1.17757955181245,0.170574011935044,-0.547861728975229,0.557960233015073,0.717235299322771,-0.0408453634136513,0.133979876666753,0.115087025430186,-0.0899878474512639,1.0012281795095,0.0124272384551411,-0.324792130008136,-0.169428440295033,-0.0319595112597288,19.65,"0"
78727,1.32059411653665,0.261832491790273,0.171960234212512,0.419470657582736,-0.0318733652054524,-0.502996297524031,0.0736357470345659,-0.177151846034247,0.0350182202611164,-0.077347873582232,-0.889313101260947,0.329848598280745,0.9076188822898,0.100190740537248,1.04414144282864,0.526201555487021,-0.753140164353092,-0.323743520275014,0.19406791598655,-0.0385681086675607,-0.307716833296828,-0.861960354118639,0.0279763181221317,-0.448145168561259,0.344564587315711,0.145125672941806,-0.0271454753971333,0.0113905929586302,1.29,"0"
78728,-1.11565648316188,-0.409299129670489,2.61641632732074,0.327947078188856,-1.74103614898653,1.59255655851,1.65190108265582,-0.408670471081866,1.07606440315145,-0.764931675808062,-1.46235880341969,0.215370437179973,0.584648304968401,-1.72300884922186,-1.12528234094,-0.335163774723397,-0.164890049945282,-0.0904105524368473,0.723284601402143,0.20074260620325,-0.175492511793878,0.308224427934957,-0.227555220538393,-0.00178041083957778,0.339505655965497,0.568043990286616,-0.179892021978386,-0.490607944315374,406.8,"0"
78728,-1.32391375412857,1.33219694689385,1.13525525718888,1.18770426379686,0.0054444729215428,0.218801863991682,0.3657275986932,0.327902991912679,-0.353662586652208,0.568943006705913,1.36833988739801,1.3803545960056,0.492605622265488,0.0498731802997021,-0.53559293908474,-1.10506074411,0.452227721017703,-0.368533325609887,0.911511479835023,0.185030478304239,0.0117049566458546,0.452395359934627,-0.213926818378803,0.274450066395134,-0.118010233395906,-0.304019747695278,0.0135906624935216,-0.0522658039536796,21.2,"0"
78728,0.642590521621342,-1.33375876906647,0.101405665693576,0.788384125142623,-0.737093213498258,0.742841409153825,-0.196115323839551,0.218664986933263,-0.959230462213483,0.696267991714922,1.05691052129379,0.674095446695948,-0.55140558384353,0.333279996428495,-0.585550664791284,-2.26244995293026,0.600242673180498,0.541162286736369,-1.29135699228076,-0.0852167272027229,-0.220045406422493,-0.602082571132073,-0.202974563662937,-0.325827157042124,0.321614427665072,-0.32634009074781,0.0212153309056505,0.0548753540574089,290.99,"0"
78729,-0.956054477866518,0.934592189011523,0.401111490838879,-0.833081203666777,0.755551587305337,-0.0691536120974926,0.654623460144554,0.545202661699668,-1.01629479301969,-0.820929298454413,0.433313896835207,0.378237363895287,-0.493204548357445,0.948445469381538,-0.286446041354368,0.489858947928605,-0.604116420133757,-0.340459678088661,-0.205113694826254,-0.177639694594155,-0.193125993324314,-0.909358106317731,0.0232462934911543,-0.875181484233336,-0.282177526908021,0.0119525407933286,-0.0895512717857947,0.0114587268943917,29.95,"0"
78729,-0.38075386949845,1.09089335178338,1.41272477032749,0.148330548146525,-0.179715694222025,-1.16685665191978,0.724513633807646,-0.0786699187442427,-0.372631194125719,-0.509973565045506,0.0263142037611147,-0.141639853209731,-0.253991345053036,-0.34576782933827,0.905373086617726,0.30388687978748,0.144538427491462,-0.202834230288783,-0.21396071027218,0.102337355124276,-0.24069393573421,-0.655828203566133,0.0498081472121669,0.650697195445598,-0.211214568373175,0.0524513728297747,0.240939533792316,0.101605015121204,11.67,"0"
78729,-0.94333687807266,0.210807271067925,2.30009871991426,0.26608948820304,0.0964748163517695,1.06004551213302,0.22316306956637,0.150469860652857,1.06072994015081,-0.497480772926839,-0.547378160010278,0.958673130150038,-0.226140862970249,-1.18962121187171,-3.0331990656245,-0.252343621938347,-0.510043277974697,0.189119364601256,0.49919831397281,-0.20378033618836,-0.233522253596389,-0.134466630536596,-0.338583427559313,-0.481697879706044,-0.0249691148408043,-0.633191230775965,-0.205628708329378,-0.090643394837287,49.33,"0"
78729,-0.858926471428944,1.18263713732574,0.789161827145566,-0.169387379001294,-0.447139229789077,-0.539636046929305,0.941071447278187,0.23690268936724,-1.13581678015408,-0.526721426809998,1.30606961725672,1.17113322943579,0.652465746893022,0.668461958184081,-0.137581680146347,0.407814942397778,-0.475396115057418,-0.246101743437403,0.535595790466973,-0.119086713254728,-0.265760027493432,-1.00325762642489,0.336574396555525,0.302881391737416,-0.796298925591684,-0.163192668362214,-0.119828561774003,0.0556407619924671,104.4,"0"
78730,1.33700340219729,-1.19820883419032,0.137776450608999,-1.27214010509323,-1.26702115979825,-0.364460785598562,-0.810265373426552,-0.0398866157118879,-2.05770721633866,1.49876310413288,1.34192632561877,-0.0681390997129962,-0.0705073704797337,-0.057151236384961,-0.816480194581386,-1.11869975198867,0.995086950348341,-0.301726393836295,-0.10736675282466,-0.299225856493468,-0.0906794680235169,0.135258335468223,-0.0823950030238792,0.228658831314963,0.521261730025652,-0.0682858646200617,0.0185122579043899,0.00548671251748282,62,"0"
78730,1.49993641231429,-1.0661165633531,0.671801769106088,-1.39765740701612,-1.60691277355296,-0.574707681023385,-1.1891081477492,-0.166907232477238,-1.69536200948698,1.39790154051444,-0.69818344429229,-0.594296360682704,1.46287539841313,-0.678060437718596,0.779217947871323,-0.0811898346757744,0.19695061270498,0.327526558805538,-0.315723216411432,-0.229756533285553,-0.0671819732639388,0.234041083258515,-0.0654990512142549,0.0527582760217319,0.411326976861319,-0.0855171845207845,0.0542878561003386,0.0276825113577599,25,"0"
78730,-0.35900774039184,1.05684321323125,0.541437858674445,0.771120737900162,0.0577813775585814,0.141437743685234,0.184968219427994,0.587383545663235,-0.87840525653907,-0.239846195369249,0.909703643560928,0.508738860388405,-0.380731012838053,0.917415744605764,0.603398598858639,-0.126006192954619,-0.108377762159433,0.330956383551862,0.397172696458572,-0.148807127284413,0.234039489862195,0.551031125714362,-0.0442282644921257,-0.311208642378623,-0.202539127151193,-0.294275442551949,-0.0387488900460822,-0.0351257095723862,22.1,"0"
78731,-2.83486721263774,2.27929672512762,0.199304993986111,-1.46066592143739,-1.46350907265257,-1.07078970968648,-0.58344297655559,1.34490905753451,0.149079909338168,0.223153594984713,1.00827341753267,1.06172905375535,-0.24342613678587,0.814317580869545,-0.212713874919487,1.0150596313936,-0.378393648680086,0.152384667593308,-0.600711110483928,0.154207135952742,0.0147550483549823,-0.186223852584911,0.155825341720007,0.543274403959201,-0.157197658809211,0.689678811488524,0.0369192752385094,0.203865963533964,10.07,"0"
78731,-1.56342508195299,-0.471568892550207,1.38211126756755,-0.770889247313127,-0.00368371990702094,0.923245607406463,-0.384430613945318,0.878033384638384,0.799313361721622,-1.52510405152055,-2.57575824925364,-0.121897957685296,-0.327039595587949,-0.543903495390535,-1.20542506404113,0.144405049029099,-0.0182513460177969,-0.267371067744414,-0.07958557025114,0.154438865431837,0.117668817785441,0.132269428654415,-0.157395487977669,-1.22998229423531,0.236842259715394,1.11425095629351,-0.104060906983726,-0.0846857810427923,107.54,"0"
78731,-1.16166798955084,0.561186458616269,1.62917418633155,-0.0567159754894018,0.195269782954581,-0.867127589584023,0.664968582343561,-0.159698170766511,-0.125980953251226,0.540176727836105,1.51553131055826,0.31122186516822,-0.675541764540166,0.128589741286518,0.294583905362878,0.284537465062535,-0.676658337690529,0.101114761328858,0.268073488040145,0.0315454767435279,-0.318227351698562,-0.43187422710578,0.39474545311615,0.494591943112387,-0.142051643017194,0.0323211204660449,0.191292548448819,-0.134952946293135,3.07,"0"
78731,-0.49819260649148,0.977296800928245,1.56527621020094,-0.201968050346517,0.208064198105199,-0.0916698871376913,0.552660781349895,0.196649811379729,-0.718917669667393,-0.199134706645013,1.58651241698487,0.93448353778817,0.32393169888975,0.287939155450283,0.35605924980236,0.0844048226077069,-0.388986568806932,-0.353972011692664,-0.0569880174164398,0.101863180529603,-0.144201725704393,-0.335626386814801,-0.00969798355238155,0.00952401937197421,-0.283277281178952,0.0822587311965972,0.280536151661003,0.108230803111594,2.99,"0"
78732,0.870486518702266,-0.83261451110361,0.956449838011814,0.145306377726544,-0.930724052064801,0.772090206829932,-0.831613144422467,0.451473916177247,0.726334961388354,-0.21591882527416,1.47015583682286,0.831137549885687,-0.622658526121919,0.0610123828379351,0.586578061757596,0.0154997460550076,0.0996512165921932,-0.423911758023751,-0.525401243783194,0.0784227362618763,0.241516348057588,0.59457904493896,-0.0738269549880714,-0.206935136890408,-0.0294148983779134,1.14058402915135,-0.0321352514250859,0.0168796469130655,122.5,"0"
78732,-2.16362820339015,-2.16582567106789,2.13224424056348,3.06972920938143,2.98152029784402,-1.18827395254861,-1.73498491580921,0.374711710782002,-0.898808973610148,1.20097791686533,1.21869232992112,0.393033416209196,-0.0130822209900619,0.231562860105401,0.68278622566671,0.204207578599096,-0.448735228188392,0.526116323635086,-0.194787378941632,0.838565101828284,0.574669751738554,0.968083778977422,0.530555853745064,0.00943557101558057,-0.884690100435907,0.0632863397434719,-0.0334294490950346,0.0372978542335115,10.59,"0"
78733,1.36051817911738,-0.576240683628369,0.273242754121647,-0.712711049973546,-0.81263266990404,-0.430722109310003,-0.55218617409779,-0.0555966812990783,-0.881489337755324,0.705904913488336,0.97036726641502,0.235000467263562,0.208929861933979,-0.163785591764386,-0.772257145288188,1.01939408300941,0.16306194377008,-1.10280630340104,1.22789195016292,0.111690499404205,0.0490769955032992,0.111317483291497,-0.0947997437482724,0.0359446206548807,0.554709422900556,-0.252650891188907,0.00056836467384862,0.00224271328331798,23.4,"0"
78733,-0.417031552294802,0.852204998267892,1.78832659024101,-0.0131189836960662,0.412466953780413,-0.940198508191875,1.07852868328894,-0.550271010189439,-0.127079354936365,-0.197981498582081,-0.198394992664729,-0.706515445985728,-0.701549178309026,-0.665253759938012,1.03221430408041,0.206341797000202,-0.146596517458839,-0.0733895160285877,0.0233266773867536,0.0789349562443668,-0.285124537691678,-0.616708013100039,-0.100163341089363,0.315078177286387,-0.405684507889691,-0.0200086285262657,-0.400318702244011,-0.303505030909017,1.98,"0"
78733,1.0246238127319,-0.0954518859196488,1.86060539187783,2.95367105310205,-1.13256883280454,0.761007952691429,-0.982250880966209,0.501843702214755,0.834238302232668,0.359217786576941,-1.11930512018432,-0.378503821403452,-1.93606373337372,-0.421181569495484,-0.919834856761678,-0.079665479380711,0.431111849671568,-0.67200924588918,-1.03071730429575,-0.336481026145769,-0.084221705745771,0.0336639933083459,0.0906457721304578,0.377225656017686,0.205088306349046,0.0496696039476344,0.068135378576681,0.0318384743838559,1,"0"
78733,1.41467233866826,-0.948618765141973,-0.12230721647022,-2.92652578672114,-1.21006742140961,-1.14913678027163,-0.5648215322369
1289,1.21860214561609,0.15708775115825,-0.221889748670819,0.767868807188185,0.0571458004209739,0.0144689526738081,-0.220332777380344,0.122041302912358,0.435736558642696,-0.595607684640748,0.489880531256683,0.436237856761576,-0.418974792285086,-1.35769423590056,-0.837133288308829,0.56777773472024,0.587283723094253,0.851849822877966,0.600802544660595,-0.0543696494350096,-0.189371221274419,-0.35040589355976,-0.210504065755214,-0.591881892624326,0.622650877147662,0.448172926934267,-0.00564535996042926,0.0235142771534485,12.31,"0"
41289,0.689573999152461,-1.68220016959261,0.521581293209929,-1.59242245946587,-1.83576172525353,-0.677591865672915,-0.445689176163921,0.0965137701635186,2.6322429775979,-1.66251952051498,1.05184109540985,1.15364538297971,-1.76977662614933,0.213283726964741,0.108213803020351,-1.06842719428667,0.291085740158473,0.565498601743492,1.60182519015686,0.330085602115779,0.0517183663242095,-0.14481382048057,-0.255117728547986,0.539240116385807,0.398870074941482,-0.891306066011279,0.0453742017826831,0.0666009926490493,272.78,"0"
41290,1.27056428963629,-0.116759140374063,-0.102541290326731,0.54507892076497,0.0225008634165033,0.0808202861723605,-0.0684338461863749,-0.00576201653968679,0.685564955434866,-0.18080819622201,-2.05980133896809,-0.44009503383214,-0.63999436503403,0.0233973951995327,-0.0108798262175732,0.169665872354771,-0.427111760052822,-0.146060674304439,0.742006615309984,-0.0664861807265294,-0.31527801808338,-0.829434629856722,-0.176706239145471,-0.994025028836341,0.60078887130267,0.355148035465505,-0.0355881792601282,0.00230183525548633,37.61,"0"
41290,-1.19550650272189,1.26496295002272,0.947073188688658,-0.122801803525456,0.467520582961614,0.823183325985288,0.221491282071635,0.677845357591643,-0.204776204721677,-0.298816437239356,1.02714743496214,0.522357125829063,0.104072781503846,-0.304124466680018,1.97078844882023,-0.970665403819391,1.37363618235822,-2.21130574924878,-1.79039016714333,0.0340969563051757,-0.149497832905313,-0.134385315873202,0.206571267112104,-0.689662862159864,-0.471892392575399,0.146898975527901,0.00639389799791046,-0.139979488629718,10.68,"0"
41291,0.650914446676674,-1.49863367805512,0.562218691354273,0.80619620224939,-1.42042978987653,0.156123528292295,-0.438710701738916,0.0502684718388669,-0.399542674870579,0.523966203969211,-0.793110058682193,-0.175902443556888,-0.238915874807343,-0.0556611771053077,0.661066285887519,-1.67703303644289,0.257441915159087,1.10213141415061,-1.56892008495399,0.0226908067164923,-0.0327982670038368,-0.149342205971481,-0.290715797799214,0.0542963101171615,0.31906943140512,-0.22383264286866,0.0321980218827553,0.0837631357204308,320,"0"
41291,-1.5799210026436,-2.0120140166855,1.42111081508582,-2.98684169697005,-0.500185670611469,-0.206430880604389,0.979771973701842,-0.816209296154344,0.621739300384174,-0.0432266386291421,1.35032812373785,0.483327169686129,-0.32107106278541,-0.764742527605871,0.0200701614227272,-2.09478275055733,-0.377825271287184,1.24043637330482,-0.632827531455636,-0.996088760368322,-0.554764207083574,0.0682393421931689,-0.487610755627514,0.0908198218584047,-0.497575397545047,-0.284704187727274,-0.134582645435851,-0.688196251459755,340.53,"0"
41292,-3.91853963026406,2.73043524579119,-0.460644422015508,-0.162515307510593,3.52928090335911,-1.81216179145185,5.93169237094938,-6.88795160905913,8.93979315296366,12.8530166061252,4.25271067512287,-2.87287982089651,-1.44383717736647,-10.9667250082389,2.4770910313242,-1.91300345305261,-0.00843201033692149,0.164305570596221,-1.18638096842505,4.23394296897987,-1.89871725113261,-0.21995279423237,-0.628425970626555,0.480847352274852,0.218080815480871,-1.07444369165136,-1.98805444575729,-2.55371032802931,1,"0"
41292,0.991915045240036,0.064760931778733,0.434681420259664,1.18811678621707,-0.386760058317026,-0.81012651242075,0.368928933626911,-0.283625207723988,-0.182982651513001,-0.119244732235429,-0.0758257665671419,1.02611498907377,1.47526939636207,0.0860557977365803,0.900787518336357,0.180826268009744,-0.558961751264008,-0.483903560944675,-0.337359887683685,0.201152496774528,-0.139441749250071,-0.62020609852393,-0.0222899411382262,0.392777865050065,0.371362996240271,-0.648832717418201,0.0104001287252714,0.0543228765231131,126.86,"0"
41293,0.955269466128952,-0.310699217973588,0.58827224483225,1.10029444168372,-0.492415194454398,0.356639352705833,-0.409884758205227,0.302317693245877,0.249125420113994,0.161039236026478,0.919921600398762,0.0125701896388691,-1.46164709595282,0.653474025790101,0.967910185819037,0.529897816653122,-0.610474814538212,0.558225303373734,-0.589341749170425,-0.0444660063728361,0.220761651117722,0.394791801381255,-0.160722453312651,-0.332870690177462,0.367318193051579,-0.263113469114355,0.0273648446392638,0.0282253170022658,100,"0"
41293,-1.77105897615147,-0.415046581392478,2.64660577909099,0.70078184550698,0.0745164837756944,0.27233517922204,-0.396392960665969,0.342690757915132,-0.0231704071301258,-0.223210301388007,1.41049226797616,1.15497231371985,0.41435951782465,-0.414829835445998,0.00213472898066391,-0.378652154717904,0.165791050090519,-0.0495930575803512,0.780510603843291,-0.0676657279513203,0.0313948916385281,0.412421086817498,0.411422164545053,0.269425930120547,0.116721451300655,0.446554272448044,-0.192907875712486,0.255126686659785,14.42,"0"
41294,-1.27074902650214,1.71091859406164,-1.95263619975643,-1.06351547726139,1.75697639621697,2.90946214815266,-0.702798550138834,2.01753442216745,-0.983393115318887,-0.561890949439563,-0.590627601930141,0.311911238237791,0.0470894919838031,1.35860072979551,0.587187345221289,0.626958331955627,-0.299126859370687,-0.158077273774768,0.483702622884811,-0.195676888553069,-0.234398387831537,-1.2648261512585,0.272737107922469,0.963222759252451,-0.244832424923874,-0.0789034314256574,-0.402917911223365,-0.106575848940792,2.11,"0"
41295,1.24995576712763,0.400083049260262,0.303504442621369,2.41230349371813,0.383322692820778,0.673826919946915,-0.0398054615938441,0.0425457308366385,-0.198119939351933,0.500339619510202,-2.15823920741179,0.0530258596775294,0.772408315017637,-0.399196833335543,-0.864907821894568,0.473680926039466,-0.693706470783449,-0.14296356587783,-0.0940791553530601,-0.0831753705766139,-0.162605178165991,-0.244526684979233,-0.262696335526888,-0.97291446497079,0.832895343769685,0.16158284349778,0.0103475209909098,0.0081622557455808,7.59,"0"
41295,1.0044716045912,-1.22305101740992,0.348202639222289,-1.81012332584722,-0.596979723728919,1.37902530491248,-0.969295287065574,0.519682946246942,0.232195032591864,-0.386732912307118,2.12680088942033,1.87475554046828,0.69385738278502,0.0819162282844955,1.28027662031758,-3.34346293200881,1.15378484305009,-0.129625394249193,-1.34152767534319,-0.462349788558836,-0.137979244049367,0.301877799739947,0.0138109540399793,-1.01718487226297,0.229362692269754,-0.573021715097077,0.159571089936326,0.02154416466159,81.05,"0"
41295,1.32875456972515,-0.667281027723116,0.143056240894379,-0.525633034656488,-1.19357305344546,-1.17193675189428,-0.389395434050124,-0.194001411702805,-0.661954324840905,0.734370746287345,-0.815253742881976,-1.1498952600721,-1.53785020591224,0.528100188558395,1.05245226345114,-1.23962376394831,0.0913144553621629,1.10519499630979,-0.759018909820338,-0.515663017234084,-0.384769377976625,-0.798811285846742,0.0331986213735783,0.379639503390514,0.198982699658639,1.04204266102628,-0.0850492264618509,0.00760843893518825,47,"0"
41295,1.33423887966071,-0.599294401657442,0.997013163846248,-0.693461085828722,-1.19718939211883,-0.226104818094798,-1.00826803568117,-0.00566006957469657,-0.615729256477057,0.523029231152678,0.144022285456746,0.203159419887718,1.7083801563333,-0.70224036348399,1.21097878410891,1.11989897926468,0.253572091762375,-1.47661792489469,-0.144775583267017,0.147726074608483,0.42476031841994,1.28779997414027,-0.0886604806358601,0.168696086818286,0.402666220933358,-0.0246575814403802,0.0634289636157375,0.0254107933380888,11,"0"
41296,-0.383656544270193,1.01324634034962,1.29507060283506,-0.0451824615418667,0.00303450598873138,-0.681358200911609,0.542471531521364,0.128523401394185,-0.509384812919234,-0.314107810073644,1.32180590765445,0.0993513782378066,-0.924553039264624,-0.0422475716286357,0.298602769555327,0.624405584752279,-0.188320079084264,0.474762460060907,0.205899543389046,0.0623342231242917,-0.223560411922919,-0.655566001158856,-0.0173722942651036,0.251925040491131,-0.223047328923729,0.0577966250785,0.235755655291609,0.08599064957641,2.69,"0"
41296,1.36876450218051,-1.36118610248362,0.626249862722404,-1.45651020841828,-1.7365668657359,-0.28627177567269,-1.33112427076718,0.0489310709216106,-1.74344301696795,1.58868864059138,0.782476138536784,-0.662496210953904,-0.0653072087241504,-0.181886707523822,0.2406517365662,0.179747969657163,0.0414855019263268,0.999120583209689,-0.0422654639884431,-0.222722070316882,-0.0033909828137501,0.210624111935458,-0.0955071227824452,-0.0065712067232818,0.311969861879767,-0.104763265025871,0.0327448688634974,0.0223774376147684,69,"0"
41296,1.42655807055234,-0.43996190845239,0.498819515935857,-0.671011559314264,-1.13091701409444,-1.10761227424165,-0.553389521961633,-0.162245362613132,-0.692810914045273,0.641650362531307,-0.318364444778598,-0.995008138769174,-0.697954864587278,0.0546481842305878,0.870147298198539,1.24007456193522,0.285799469193582,-1.55007924894432,0.659337310460151,-0.00567777793963797,-0.15325299906459,-0.59455268725156,0.169952702227897,0.336351204903345,0.19756080805292,-0.512917029591085,0.00213959914008986,0.0185942587966259,0.55,"0"
41297,1.1362373030018,-1.68939963196688,0.604514196127026,-1.25613954133319,-2.09725711855435,-0.698625827067141,-1.10546913208272,0.0346637398016047,-1.71872777303144,1.56936080881701,1.10239492972219,-1.18129602004015,-1.63098704230384,0.275967082351234,0.286465689308361,0.0667087501193338,0.371446523644032,0.631598407468003,-0.0633096686504669,-0.127668691843824,-0.231231988781395,-0.814348659100592,0.0770751679700837,0.441468841940757,-0.0541306712689462,-0.450487708300611,-0.00412321534419126,0.0450425120262107,172.28,"0"
41298,1.21870455526621,0.142723860632155,0.348118784737392,0.57998489313159,-0.420841439451826,-0.822739276230314,0.0269479411019952,-0.10183047193416,0.102561677052468,-0.0626067964549259,0.0851813192651646,0.0171127208067419,-0.669036932541205,0.501985636735147,1.24370807529389,-0.219660363312524,0.0919639599781647,-0.832017656997284,-0.642177134516665,-0.193913754210574,0.0337002617947501,0.143777901306238,0.0222207485640337,0.439919207088583,0.368969272841288,0.514849396382608,-0.0361990678966494,0.00563571728771422,0.01,"0"
41298,-0.680285878074729,-0.267278724751422,1.30927921524473,-2.5686866970508,-1.06896522516768,-0.396679352532109,-0.383253696737318,0.147308950377364,-2.55012004522296,1.00609598010622,0.806140174985646,0.0241908305354313,1.34723044923132,-0.442198114553558,-0.729601495387287,0.266179083541299,-0.227594433386784,0.513056210231452,-0.418902991024333,-0.331973768320053,-0.198749942218897,-0.283213373654534,0.0537022701315705,-0.0267253049302948,-0.633138100429577,-0.680215923745947,-0.231362757294166,-0.160258795995715,52,"0"
41298,-0.537509365931043,0.537994923346035,1.5604216441422,-1.57486015734514,0.534633570596769,-0.15320154867449,0.910982855483008,-0.290383541918004,0.137216582405456,-0.0816633831223672,1.07810592168461,-0.345910574283978,-1.56685111798579,0.0953698914012482,0.179417572220712,0.332310581671677,-0.846838965977764,-0.157832836495997,-0.540781058882692,-0.104840419870975,-0.0289533897264879,0.0264459237079073,-0.195919153363353,-0.28924830795046,-0.535388056250763,0.698983540527224,-0.589621675090775,-0.356140402838102,0.77,"0"
41298,0.431474975556379,-2.14622232562261,-0.250706854314068,-0.43591117045519,-1.41560442367365,-0.417347275037744,-0.00920073977924803,-0.145006137178934,-0.971842652895378,0.5975442052046,1.04474743154436,-0.435179541166144,-0.583832427918016,0.317810227621399,0.256982538564419,1.5396820709548,-0.0739692099109847,-0.598700715507748,0.777738589127901,1.05228128893695,0.433012189891612,-0.0435143871897202,-0.496708085923808,0.0175085639685503,0.254178762293103,-0.299760474184086,-0.0988988501725832,0.0882332414743092,508,"0"
41298,1.05898212399109,-6.53050393974244e-05,1.17963499028027,1.23235539440504,-0.699495091891767,0.0615413693311901,-0.485573010540575,0.113477272298713,0.338103065505635,-0.0825022505704969,-0.083129017330036,0.717683349553715,0.997577499233576,-0.164911958549472,1.56970333963711,0.348426570298863,-0.476209075673373,-0.214299437990338,-1.07987903957047,-0.0176695034075466,0.164135573997452,0.499444608210567,-0.0205873260765973,0.0862482112680034,0.279989519732094,-0.338146182321915,0.0769147521875816,0.0456596957709568,45,"0"
41298,-0.436524266492612,0.45803843965507,1.69549996424951,0.407806029762284,-0.149181181735958,-0.395204617865211,0.452472319220216,0.0532515569964541,0.0387940232846113,-0.650211110438066,-0.25410306364542,0.63919142530587,0.116728795576356,-0.280084893904879,-0.518817258545008,-0.924341975712935,0.511059150719934,-1.02805192092528,-0.24298070565659,-0.0315434503200514,0.129761896412934,0.576859121734207,0.0876763685431655,0.677579585169746,-0.674790037481014,0.253980425249948,0.166667544724817,0.184999600071968,29.47,"0"
41300,1.18147691880486,-0.22485760737564,0.682752920912184,0.0750807982422106,-0.795799710558514,-0.475640040218852,-0.421690821363716,0.083750614138681,0.570708039290409,-0.182649025061719,-0.224166572528606,-0.360951901526249,-1.12405496730701,0.366475687514438,1.66875433970115,0.305876995599706,-0.0669892040020108,-0.717508800024018,-0.395464389615649,-0.134120469420332,-0.169551146271799,-0.571245139846105,0.183576564438677,0.0852035396522885,-0.112694303936936,0.820161384718763,-0.0577489743038421,0.0120772207244406,24.11,"0"
41302,-0.27701713244282,1.21267629103359,1.98658486567796,1.94707264157196,0.25972315812418,-0.538496174638152,1.2158151629623,-0.352210115556704,-1.36031167598243,0.404262254945326,-0.124210753322936,0.144357673915205,0.811565769201345,-0.173825278013423,0.145626718633404,0.368609929463946,-0.629843135796491,-0.5403480235011,-0.903896126629175,0.093436210792983,-0.121570944507151,-0.292533569318004,0.00931430888063087,0.693877051871717,-0.110487539041022,-0.280759449174911,-0.155245453376001,-0.184515354304793,37.99,"0"
41302,1.41495955028789,-1.28129622442486,0.784160547116835,-1.46614054364105,-1.73923989293927,-0.0539811063963323,-1.54202658800557,0.233130607608308,-1.62096722369075,1.59895732272119,1.1358434686804,-0.967990779090034,-1.08716135156328,0.0389218900796858,0.562997093111156,-0.172323631578152,0.490604411133337,0.545618829551728,-0.498862202311144,-0.444806179495597,-0.00044377857275549,0.340618731705599,0.0365564048663925,-0.0331936867350058,0.185144019276898,-0.0852919371455351,0.0547147384240967,0.00993616156885481,10.4,"0"
41302,1.23108985976247,0.228608308123294,0.167419005256518,0.508999066552945,-0.22467053927224,-0.57524118244967,-0.0736921290288426,0.00913107018961466,-0.0842311554512076,-0.0912267425781225,1.1983792563027,0.390670196877234,-0.594948964190032,0.0479133984009524,0.5054873017979,0.809972925461535,-0.33187574850335,0.403224139831702,0.22145461569981,-0.104295070825441,-0.265360252966592,-0.845485341011339,0.0827987939270532,-0.0641174288243237,0.202645967033542,0.100033185040101,-0.0330376492485642,0.0160223654124494,4.49,"0"
41303,1.045403284588,-0.794207155256826,-0.414945701761743,-1.14554065702161,-0.862587787402146,-1.50135326445835,0.303898263618309,-0.311009137716242,1.50358217089375,-1.10842955686985,-0.601977094370682,-0.137681473554314,-1.74718448790477,0.632164506653575,0.934592105281362,-0.98709247677057,0.32764263500297,-0.217000351974946,0.992513188337624,0.0968587977220176,0.029871384633357,-0.0870354968397638,-0.280064134146664,0.436906326271654,0.708318900882185,0.084338719560951,-0.05279425833709,0.0247673934045529,156,"0"
41303,0.372777531913701,0.932087419411966,-1.96209956195498,-0.600777456666515,2.50937904369752,3.39055546491805,-1.17139649190092,-1.89277461200628,-0.723978285916486,-1.25187653987231,0.20261350085658,-0.0896125782469179,-0.404557505559008,-0.448798103835329,0.921706527222905,1.00076159275762,0.394576491114228,0.627510750819577,-0.280556385457938,0.693025816912494,-1.44559635003696,-0.282373518402782,-0.0305013929279935,0.898153907440823,0.896510511758376,0.37124843700627,-0.0231588939365928,0.154976011528206,0.76,"0"
41303,0.640503959616956,-1.31533449126461,0.701559952018338,0.0569420760485628,-1.03496762821895,0.679439397299876,-0.461504521151358,0.243640818300595,0.804506073156632,-0.462206965410619,0.982903290615324,1.61700251336499,0.727541121704827,-0.461926993442141,-0.786029497209223,-0.0578867928352922,0.0449394976318618,-0.607535512134154,0.481080672529851,0.523047094591137,-0.0188269812033076,-0.377028848611881,-0.17087958560776,-0.170006915170445,-0.0750905722850452,1.29227542501752,-0.0943086477725009,0.040858347456188,277.38,"0"
41304,0.964501496263336,-0.946749774516795,0.750415462364048,0.667567356998561,-1.21225263358213,0.117725895079309,-0.622069403834154,0.0667880829511597,-0.453607969378759,0.585124394767416,-0.714527290801128,0.0726488405699652,0.214807081282841,-0.188606711388915,0.588703046614754,-1.72018192379514,0.224247535647484,1.01082831138852,-1.51980260523256,-0.275727365998604,-0.12559636668124,-0.0256214610700415,-0.153183110299781,0.071901737753118,0.395355522892178,-0.208737987940811,0.0658646318161124,0.0567110784649523,158,"0"
41305,-0.155901155051159,-3.14854222525326,-0.12559521170193,0.132559603449264,-2.08568225659207,-0.437435919415415,0.266442137158141,-0.322072241505326,-0.484963738919775,0.152488025237409,-0.471663355374946,-0.316663416127986,0.488697671719224,-0.367361839274074,0.213179722464101,1.04719959164253,0.441420891454722,-1.21404574981271,0.383892940110825,1.69734483452035,0.649817960149556,0.124578727752149,-0.776280897859741,0.47660938006815,0.223779304655144,-0.226892198239041,-0.121699356157783,0.158074840563986,806.51,"0"
41305,-1.19587229966663,-0.136107444552346,1.58880318919739,-0.882442144345923,-0.910280047991842,-0.612381345211164,-0.37381391235257,0.64126818250093,-1.25526680332577,-0.121743553876461,0.30456292618949,-0.152603321600539,-1.730825039157,0.504603191405203,-1.42809050287493,-1.20361311072509,0.144712108843662,1.41400574458015,-0.771950757419704,-0.566192179997281,-0.438548570374298,-1.15842836367855,0.124215085150397,0.464874697454185,-0.274677574547814,0.115840950271217,-0.0718607270481418,-0.0266883819456112,39.95,"0"
41305,-12.9809425647533,6.72050777097643,-13.4556359425571,8.69861009281133,-11.4795517833437,-2.68151865053833,-14.0192907576919,8.21819051252864,-7.93089996826719,-12.6959474039839,5.58936163192341,-11.9608660326622,1.53867076186333,-9.88721406724695,0.6339792179337,-11.3502438549644,-21.7101876525534,-8.85945192496352,3.62971365041526,-0.84330261969681,2.54962823474498,-0.532227763596568,-0.235096473604284,0.673209169467055,0.22659797207791,-0.00616785819002466,-1.18569550568181,-0.747361321404312,59.68,"1"
41306,-0.583528955519738,-0.161197984640198,2.05189328689,-2.60876271956052,-0.950355613384462,-0.452645681877563,-0.32868221661516,-0.0218353574941693,-2.26428615333529,0.805108680478108,-1.00801468358834,-0.912709204904862,1.44670520756063,-0.892506066897823,0.201840380723001,0.0937695444687886,-0.0775267587859981,0.446245105972425,-0.786003379373127,-0.0711965235443593,-0.0752363516360553,0.246765804567695,-0.340080540200649,-0.113436657268007,0.519823378201816,-0.141769952635408,0.312851677740065,0.127138845546066,18.4,"0"
41306,0.42205155343119,-1.32423004454506,0.195044590425458,1.37972405309772,-0.517822823251586,1.13312495423685,-0.0582904196837218,0.277662823245267,0.661241057152428,-0.271796910630413,0.174443175637868,0.935290542302685,-0.254146557241567,-0.0555420466521977,-0.879181511416139,-0.194254337461267,-0.20406024646596,0.136974362327151,0.143117889979198,0.590576419920955,0.203848425133958,0.0396177582006093,-0.52390163700932,-0.770041544266206,0.538400434067385,-0.251654213496714,-0.00161603514432455,0.0695478226828437,380.19,"0"
41306,-1.01411583260431,-0.133747036492513,0.259667412097989,-1.47999259835362,1.73234487007644,-0.439331686097171,0.950490195955283,-0.0100198175487792,-0.766950277227076,-0.716841508292273,-0.280805363425872,0.267240867891668,0.355615293637905,0.399415795747171,-0.666302443654015,0.994685198739676,-1.44632602618474,0.146212663340015,0.316259496198945,0.308706982071296,-0.221257629281531,-1.14293676093593,0.132010898784942,-1.38790082148595,-0.133649844526156,0.535070766589216,-0.0729127024458027,0.108639240440427,94.95,"0"
41307,-0.826432429220008,1.36066110133637,0.971100364610991,-0.22803974080388,0.129033495520245,-0.443490630446029,0.423893110037039,0.373247089360902,-0.674841416240547,-0.591936951848092,-1.19236028357392,0.186220309537787,0.936593638705737,0.285738801678147,0.789760022316165,0.506128026704351,-0.559740934463453,-0.112055270130736,0.359252433995221,0.0787143328174952,-0.218139014127054,-0.666879215962865,-0.100839825235323,-0.453607161543219,-0.080314213267512,0.12088841108645,0.186326978823783,0.10526154193831,4.78,"0"
41307,1.04044539054123,-1.12525754839152,0.632198921232523,-0.690543437626307,-1.26040725194832,-0.0205709362772107,-0.853364217856351,0.134972430980035,-0.792562054014718,0.686001031539423,1.60122231166238,0.0645051949309648,0.0181429256143028,-0.0502951935067714,0.581869381777387,1.28599304468224,0.160031945482654,-0.938395095740035,0.209329337455995,0.32786106898104,0.460364451952525,0.95466884844342,-0.182691900410441,0.0548924675030584,0.291767974748151,-0.106148329186539,0.0118328060226715,0.0319534841010519,147,"0"
41307,1.22034166208611,0.273090064662632,0.441306893092878,1.43914072284242,-0.33492179406473,-0.659234299019607,0.135044131053917,-0.150735683915783,0.303507210642105,-0.0759749934817639,-0.769760805709398,0.416788359361444,-0.162494913628243,0.0460376189941008,-0.341680755262372,-0.428467557148951,-0.0131408393472508,-0.523723045868994,-0.00560547923437486,-0.175168348243033,-0.134058417718391,-0.171245973661612,-0.0864143816573328,0.386331403899673,0.73689801361937,-0.340764036553579,0.0243599488134121,0.0180581342385869,2,"0"
41308,-1.86729262125213,0.896267857307203,0.629003753326678,-0.349896484574458,-1.17746551124275,0.695436116617071,-1.22386523093689,1.43521615116569,-0.590383027255519,-0.816579477725909,-0.172478570705132,1.23547007263434,1.99669426231259,0.432235737671134,0.979761241100798,1.43211041837714,-0.693276432173916,1.40807660655811,1.19383716873964,-0.135784061444109,0.423549849460602,0.820366186514352,-0.325194050289055,-0.88679369266395,-0.429216339022335,1.18890787945625,-0.451986311848447,-0.188691257131836,70,"0"
41308,1.17081164355252,0.066480313813363,0.576424024124074,0.577898961926103,-0.645252926888934,-0.807865842181632,-0.0965568897406162,-0.00765754052789356,-0.0489199513991286,0.130538367862247,1.46127128225532,0.488055376733064,-1.00213452412014,0.690563917462267,0.450105642879305,0.498020926626375,-0.530427354594645,0.0368594158156941,0.0965017956522731,-0.132683563476225,-0.196282861475506,-0.701108803994612,0.149417647079387,0.498339643477845,0.113536130713103,0.0667578584808688,-0.0435098620534454,0.0111574284330337,17.99,"0"
41308,-13.6807603221285,6.99038924197379,-13.7700011356219,8.694896899191,-11.4269679730732,-2.91984498997907,-14.5945615876748,8.62290473620712,-8.09069700355941,-12.7806339362021,5.3306013514672,-11.898065148453,1.59599290197592,-9.56016927087188,0.596403762858148,-11.3809956026059,-21.5368016259059,-8.48535580519493,3.51761050964655,-0.877391609905133,2.98955250855903,0.497598716647637,-0.509290299460639,0.732503456665873,0.280527953637944,0.280037142108891,-1.40668683562971,-0.663643363595055,0.76,"1"
41308,0.543026996238301,-1.64368646388168,0.455809137152329,-1.10340824382729,-0.78645163883261,1.38369616951179,-0.604696026260685,0.511032396446907,2.11476273270138,-1.60494470713403,0.318927372211566,1.3683170160027,-0.106978855761087,-0.263842495069571,1.41136038981341,-2.09835484756849,1.50883798560768,-2.21583647004075,-0.506129411499701,0.314395015675519,0.093015746365443,0.172493804592008,-0.108342277829815,-0.887586507997793,0.000309048669779068,0.0157499204122694,0.0698937616973643,0.0558659712988156,275.87,"0"
41309,1.27943268263343,-0.882973222710913,-0.025427723598732,-1.03787963575496,-0.520028273388521,0.393164913155725,-0.780840872309417,0.242339431303292,-0.713755264151334,0.756353688724195,0.413204550014197,-1.03566907298703,-1.37508414505371,0.348197523642398,0.642105852534407,1.56656404471946,-0.0813329751307445,-0.936179553422563,0.97027065002115,0.106707719265428,-0.0736236698320132,-0.553916047456946,-0.027839444384211,-1.21790877621539,0.202777900272798,-0.397539921726695,-0.0014938878916504,0.00461707614398976,72,"0"
41309,-0.256651585471717,0.110737562100829,1.14252339453529,-1.67227939873245,-0.78634647110228,-0.223702593354305,-0.277074290641439,-0.253401072363561,-2.37397919671889,1.65131028128231,-1.13531725441297,-1.13518214649353,1.44153822517254,-0.709546363366771,0.886140943936136,-0.755222927161736,0.479464787727215,0.401267879700365,1.20670062577848,-0.086327981144781,-0.183020789317412,0.0624396157533028,-0.220793997400179,-0.449818710072702,-0.289232838842044,-0.155016352423195,-0.547144726214183,-0.380497793556203,10,"0"
41309,-0.975907092823542,0.622540383812416,1.5110039717812,0.94307906049332,1.16388338363731,1.92908250825698,0.625490301840668,0.245030640731953,0.0436592581449139,0.780600450085891,1.99102714603286,0.828166647951576,-0.574297600744508,-0.18603280758544,0.488236834574025,-2.16061763504188,1.08227950021386,-1.72941135139104,-0.162978591206456,0.137801705385972,-0.0640965234934366,0.808812658660569,0.0896418746964023,-1.01661969174933,-0.322541335657915,-0.191005891642139,0.202874188930512,-0.257028115660643,16.16,"0"
41311,-1.54754712801083,-0.375576457179514,2.25284042563639,0.452236153556054,-1.0416392213278,0.194236770994896,1.32352419588309,0.0416448316783089,-0.0956221425532068,-1.20110804274011,-0.840455414378204,0.189274436788119,0.486342143332872,-0.448177992210676,0.0599583960483109,0.411287996143422,-0.647562926992441,0.400218094391274,-0.941831035500851,0.736921789243732,0.403938687795434,0.583180668396532,0.447563270708813,0.370636465087958,0.682256730201239,-0.344901319761759,-0.0383786134165707,0.108729553818835,348.75,"0"
41311,1.17646803703934,0.676797908751105,0.788949290861025,2.56351286608773,-0.243330250551004,-0.716393543315976,0.211073220022261,-0.207906394585109,-0.898214665851355,0.673419390576888,-0.115350824980137,0.490953087541598,0.940235857060391,0.107781264748311,0.367215443586463,0.511534550728559,-0.56089559668909,-0.4214731675013,-1.18277834260458,-0.105998848192008,0.0833796188956026,0.274617406798487,-0.0383557912611599,0.746921739798644,0.549704226201914,0.044648261703612,-0.00442843427849985,0.0258931612322022,1.52,"0"
41311,-1.4255164524172,1.05811734134098,0.484939139576277,0.835427584401363,0.0355364014111523,-0.480935200769597,0.0809181526255597,0.562163028255366,-0.880432628398006,-0.0346138613663321,0.660052406399552,0.566022884643682,-0.106260558458953,0.909495624083685,0.363871643275891,0.143301484949562,-0.337911245519231,0.777615281163765,0.882817849787667,-0.293299031147853,0.204107949267339,0.567727990927911,0.0973896932865307,0.0144530953094361,-0.186909198816241,-0.367433729505323,-0.444072541515181,-0.25424847285754,7.62,"0"
41311,-0.625809530218095,0.770588680170315,0.977043672939533,0.718527495441935,0.0830081530985571,-0.340434492014492,0.585027974472121,0.137766730766341,-0.313639235805634,0.322981487414968,0.462469384180541,-0.91624765460258,-2.56255891718619,0.957042965209914,0.648443618187352,0.0858568409092883,-0.430864501992671,1.02306327687747,0.846993339167601,-0.0451290244366352,0.112226828474844,0.343486308505538,-0.0141793361017027,-0.0607305090249979,-0.236927692622114,-0.311558801325964,0.292568463762166,0.186613111008779,34.4,"0"
41311,-1.57039247896271,-1.6354474970698,1.85536622416931,-1.48564772616506,-1.11396228970058,1.13433842121428,0.504157286232842,0.0584453010342302,-0.660702574951654,0.0674318507151268,1.42288262504978,-0.194937855075086,-0.248235334162027,-0.788292913754982,-0.324149588433746,1.01356577319142,0.221107547129731,-1.28716601092339,-0.527229992640851,0.112977983452845,0.450165976234255,1.47256010725444,0.0462830446212589,-0.221867487352678,-0.196184628522851,-0.211485500135632,0.0207948740549535,-0.118210823303134,376.5,"0"
41312,1.32634447603481,-1.33946872693001,0.618118851838465,-1.51586408486954,-1.46318354780421,0.207170039266275,-1.34326497993714,0.132577311213017,-1.8937134206028,1.51613675898057,1.16851141404388,-0.0625900797148061,0.88295294202036,-0.346217767418236,0.386394208995598,-0.158022779886017,0.264426500709484,0.431531388865986,-0.407061828513666,-0.192447300341852,0.0353439354845866,0.404239688162099,-0.0776448117522231,-0.29151661108785,0.271935637267575,-0.0782905470786155,0.0555559427549959,0.0210420026896377,69,"0"
41312,1.19681599863127,0.634688428201905,-0.260944717436241,1.26019766882451,0.23210834792785,-0.722999678380162,0.23271162565946,-0.117073733727802,-0.115278669875232,-0.61569977183152,0.296548113224293,0.135961192973208,0.147620128628893,-1.06367500898452,1.28907839896534,0.202310132563977,0.940252350220122,-0.00733503362439336,-0.942700544925659,-0.124642133089874,-0.0220658759813949,0.0519683109634593,-0.0920703856363397,-0.0290718676953813,0.625275283525643,-0.298532933874112,0.0496741769422943,0.0482691122895101,1,"0"
41313,1.14744544982543,0.214211934567476,0.52584128042198,1.19708298718133,-0.199249995601624,-0.224515938074897,0.0445567729799136,-0.0327572904113035,0.203773008972094,-0.171046263714299,-0.269707752909427,0.785015908431929,0.476223281392946,0.0382602652482702,0.413127133575193,-0.475309881079119,0.0534365838431208,-0.976382954599259,-0.437606477599659,-0.123795687369281,-0.16811285757959,-0.327164397715546,0.0314694997371498,0.0803437905352018,0.474027374381269,-0.487011584404522,0.0473055631628065,0.0255612776538245,17.8,"0"
41313,-13.8972058704019,6.34428045616839,-14.2816664432471,5.58100899740718,-12.8871331616131,-3.1461763671985,-15.450467216827,9.06028147442157,-5.48612077680694,-14.6764702497464,5.1483517210937,-10.7495919949504,1.58548896754337,-9.79801207658904,0.733276999106463,-12.675268899047,-20.7406637223494,-8.15366802624724,5.2283417900513,-1.02522792390103,3.05808183846397,0.941180290424241,-0.232710298333368,0.763508019302571,0.0754562386388435,-0.453839571774416,-1.50896825698328,-0.686835738780169,9.99,"1"
41313,1.29980012694719,-0.43850179183849,0.145822892052774,-0.777567303092392,-0.671799936358615,-0.662660723012612,-0.186430859648163,-0.187994197411451,-1.44730373103427,0.781274174466673,1.22625742852519,1.08570885034182,1.28723139956927,0.224211046646027,0.055129451435552,-0.999697060463394,-0.427537068791431,0.819181634601225,-0.0994879850207549,-0.306780045402444,-0.817496333629888,-2.04856494432716,0.268187591396378,-0.0231131145530958,-0.125682662953842,0.50924532347244,-0.0730482699883706,0.00962084357412028,49.95,"0"
41314,1.42547414601845,-1.22964854927142,0.660220910056988,-1.55041478706107,-1.47992883418387,0.170569838541453,-1.46315456435214,0.189025702220659,-1.77288368259997,1.56242930177546,1.03852874338496,-0.467776521590139,0.115889586635332,-0.207075514474326,0.463053604854172,-0.12927868848438,0.306204374528804,0.5139399833411,-0.385464507490319,-0.346085372612961,-0.00463569119905555,0.369406241562588,-0.0230679937754904,-0.314913988085935,0.265239160690574,-0.0702476338204172,0.0603512650830915,0.0104298799949761,17.4,"0"
41314,-0.868110112457546,0.523555817884153,1.73297817800505,0.954978458418302,0.492437593974155,0.102451651858244,1.08715762729712,-0.746142950483124,0.7622127065855,0.817215289422542,-0.480225688808106,-0.537817169446527,-1.11455883035676,-0.663469773431749,0.385668428849668,-1.25608889394492,0.165498365798255,-0.735605569847271,0.563430983413985,-0.221251603958767,-0.211578078475907,0.141542131709592,0.00169402273175137,0.0649620977197475,-0.559637296517232,-0.570826303133962,-0.878421961287216,-0.489869530794308,30.04,"0"
41314,-0.746094517413464,1.13682522840622,1.07191153222262,-0.243845820789167,0.116120052705245,-0.528746870860504,0.637613107460157,0.0170508919318994,0.225775740160187,0.550256134894971,0.958030313664487,-0.719488433517725,-2.09156686176052,-0.172689294054628,0.518000134144738,0.655219344884863,-0.362439546261509,0.670610049232801,0.282997638409767,0.32106780777008,-0.372768145603307,-0.834152847113897,-0.0575391951568562,-0.119646431850283,-0.140959286666263,0.0632919115363491,0.274052649645529,-0.009562738030542,8.96,"0"
41314,1.16111501817507,0.161030562763529,0.354820212697485,1.07685514018852,-0.470532347321368,-0.793734025079107,0.0258935869295453,-0.00970941913173166,-0.0449551266487496,0.22562511627846,1.20898210520189,0.075249754333557,-1.75565455951678,0.926310392793964,0.38523587319199,0.264210308773131,-0.508870151664769,0.480280888298888,-0.151057146568444,-0.218150241279243,0.0815520908323656,0.136016860691207,-0.0778978325035151,0.503911038749048,0.570300714327387,-0.354380969387537,-0.00292085564157292,0.0109722750273864,17.18,"0"
41314,-1.63312230283493,-0.117790004423563,1.93189928267497,-0.876262667248961,-0.834321602000382,0.0737796145839687,-0.444001592491289,0.993009827945302,0.570223815781041,-1.1038000911154,0.596870867399318,0.310488520945263,-2.07796347640248,0.215313973709929,-1.28058611245911,0.140846890351582,0.232813066276528,-0.281751386934535,-0.381643590727029,0.0545884755752698,-0.0116356329317701,-0.243604627065056,0.136317171861917,0.238671411493664,-0.236668596001861,0.799897890293256,0.124745026342604,0.00833175710641185,75.46,"0"
41315,-2.58847846020358,-2.6403315512587,2.47117886805331,-1.26265434552858,1.70762031232448,-0.594147647113113,-1.03483953427892,0.517821665011058,1.54749839444192,-1.56056373909645,1.13942315807806,1.09896975334791,-1.21181452729022,-0.211991639402104,-0.319838713703026,-1.2266516386737,0.29935458747745,-0.299044938086728,-0.00129339109055893,0.687919136627801,0.187372958511902,0.0920517628144462,0.386099126179279,-0.327056335684154,0.474423884054159,-0.800286561980551,-0.14696078650031,-0.112965522601854,117.99,"0"
41315,1.47325493705746,-1.09925167429647,0.241919506399472,-1.62772055503117,-1.18836284246046,-0.196550430816366,-1.04317343153381,-0.0165928053785806,-2.02590666566069,1.57657002442559,0.541248618021638,-0.449733355485191,0.48254400750059,-0.140696102934132,0.032187164182459,0.175310351286746,-0.0728818241965071,0.541095872739213,0.438685899590879,-0.241022962542641,-0.442000882042632,-1.03053159740406,0.0759297740146954,-0.567079069994686,0.186143379653219,-0.448632267747228,0.0250942389478391,0.0140824332291477,40,"0"
41316,1.27801005717299,0.475109693477597,-0.120012619256167,1.11090824630974,0.00111414807746941,-1.20417238626167,0.524226927683762,-0.332960923959283,-0.218530391761016,0.0575095621478666,-0.42895366316063,0.00482452198617319,-0.401688019285389,0.642930398385984,0.725492090528872,-0.198659625423273,-0.289629293568643,-0.321916021574036,-0.250340953915542,-0.18213061451654,-0.00201003983099911,0.0345318290281517,-0.139790775101943,0.395590816474622,0.839390681062651,-0.295053954190755,-0.0103957514913581,0.009986812963486,0.89,"0"
41317,-0.222040029768973,0.452938286562477,1.21409510188062,0.293421866431858,-0.224287723024633,-0.172686403732051,0.207779578672307,0.262925724122606,0.640902775039638,-0.31874674963345,-1.07594167634515,-0.700960215707528,-2.06094080353967,0.0730118665837129,-0.222074472764553,-0.632101077993764,0.430507699614887,-0.617291511256809,-0.118976027733549,-0.102653441614909,-0.0178623543068285,0.221954787880582,0.0347494149606829,0.0650985195852382,-0.555618819447509,0.316941527504594,0.336529266090827,0.144339803495207,11.5,"0"
41317,0.855549307946971,-0.531105191605544,1.06183570781849,1.14953489113779,-0.725775192136587,0.984010361140767,-0.771784733986626,0.527663048426428,0.674243447552132,-0.0666851687303085,1.2588517678461,0.613905034482079,-1.1580547913746,0.244531175393421,0.564573599121156,-0.0863338894935619,-0.0262103592659018,-0.041903049763768,-0.888577265681636,-0.064654293323408,0.276916086059465,0.740314663334151,-0.113129645789935,-0.283110725138023,0.261500907875252,-0.223091167560204,0.0731626884034867,0.0330554660079028,100.89,"0"
41317,1.1211937058074,-0.0920168148420362,0.995226903537359,1.42898829220937,-0.718466424046102,0.165661186669604,-0.551174822598723,0.224732263595598,0.873221963809933,-0.128527840850495,-0.795975231643431,-0.0593662247691839,-1.0602967454759,-0.0467984481849984,0.380690557178409,-0.299578926532377,0.135961354318683,-0.332287230712628,-0.640100521825841,-0.237625327604671,0.105053085993657,0.519964344746525,-0.0957427843519274,0.0873074996730558,0.536865998305549,-0.167028085702659,0.0681510789813956,0.024737513937086,9.99,"0"
41318,-1.83170806413864,0.368717891707997,2.0467786430529,1.00138876882136,-0.855142111592283,0.834069558239077,-0.0958472483079816,0.725002740943603,-0.259703163273401,-0.433784936131371,0.990215729111415,0.600978507815305,-0.448757776657116,0.229667587072783,0.510399108721484,0.0133653767215296,0.064619297443758,0.477747657628518,0.53391548178207,-0.459610587967336,0.0665001072421194,0.5173041794735,0.334003074689369,0.0211843864694753,0.246475532352844,-0.240694514708505,-0.0330800519500695,-0.127149602934291,115.4,"0"
41318,0.332866944233088,-1.9968355061514,0.32373879990315,-1.28402539085861,-0.898434227850253,1.55172649184282,-0.660321131898454,0.627131749545911,1.71674580639895,-1.33350118192292,2.15160442132252,1.47101107562832,-0.670731714622247,0.292182129333172,1.83517726655327,-1.41418204410021,0.922227142353261,-1.10228487690534,-0.698736874592466,0.498762413432296,0.499806320084692,0.96086021019799,-0.306082040785534,-0.942099908785502,-0.0149769739508834,0.188741883312712,0.0397692735886048,0.0608966141609575,370.5,"0"
41319,0.999265220668724,-1.66152930418034,1.79170117009904,0.0391013421779366,-2.35648697453252,0.467422231486474,-1.64779937726773,0.28639438417164,1.03341359473711,0.12278363043603,-1.34469882921151,0.0324533447456255,0.15107901323673,-1.67329628293867,-1.67870656173912,0.525023533643513,0.968431760661528,-1.16411635043385,0.934270898496932,0.33673814242178,0.351836795311816,1.14416432761512,-0.29647551769342,0.501245589994916,0.487230917760839,0.0819038117065645,0.0795675830731683,0.0557291484395101,152,"0"
41319,1.31403253131559,-0.0358436370943549,-1.09078043552477,-0.556510649951682,2.0292309648033,3.26838513185634,-0.534051670895639,0.808065815111051,-0.0528076664651809,0.000818062139951015,-0.0285987576809205,0.0736857590118142,0.0414114130827568,0.425661226563094,1.24536584761607,0.640461157634629,-0.910215454019841,-0.0685526296422631,0.255040907390128,0.0183980409726597,-0.31287723453983,-1.06930910756616,0.103170812364976,0.992162146496631,0.369137465463511,0.110297825451048,-0.0284362187654666,0.0119599302892737,2.69,"0"
41319,0.504568789766657,-1.81151596570429,0.806140084282989,-0.146359460961571,-1.90823907151789,-0.247031364021462,-0.439746219397216,0.0784763890401578,2.56290754137026,-1.41363155779516,-1.1117609394313,0.5172273976461,-1.1592803595727,-0.406295872729931,-0.0434750959335574,-0.925019473912404,0.421776843128239,0.143442169733115,0.86431731207244,0.519439597985434,0.128438569428002,-0.011074758971691,-0.3942032514677,0.417372602206507,0.444437470405154,-0.638182023699046,0.0439172580745144,0.0952767438059312,362.97,"0"
41319,1.13661873910132,-0.327398718797633,1.18240329459952,0.829955379527199,-1.04989402457796,0.128403627689928,-0.813143828381378,0.304628169413277,1.17427884878147,-0.236447501951517,-0.789689257310419,-0.342647559715247,-1.60846661287525,-0.0536429512599999,0.631009482048415,-0.0529462774973876,0.197327952116089,-0.484307576397378,-0.387887156008836,-0.236325952786494,-0.082775615700666,-0.0897512115279033,0.080524192100672,0.0779429932784808,0.126303559152065,0.351538305081148,0.0226420339330437,0.0204632239916103,9.19,"0"
41320,1.10474345906287,-1.26375844563165,0.937383459508947,-0.438918799989057,-1.55898690342151,0.197293837856063,-1.11676261410176,0.221600317615682,-0.0285151306686222,0.515896192255517,0.502372153592354,0.0416020532380717,-0.535323950739988,-0.598181066623954,-1.27967984239813,1.07192663116513,0.358618669338654,-0.847835080544875,1.29514217728375,0.26028891366171,0.0935526647901401,0.130364578556895,-0.138083353391277,0.0226348633826485,0.336092613205799,-0.25117146970642,0.0249365204547676,0.0299497286651137,121.65,"0"
41320,1.08967827933709,-0.124180512730574,1.08450034139036,1.63462768083859,-0.452186490616934,0.832490863948409,-0.46361280443633,0.249698485559748,1.12620809553565,-0.44894499675634,-1.26115999609579,1.38663240682273,0.780452267812078,-0.957853373156018,-1.78420268613989,-1.08673338768808,0.587744351259394,-1.35536433395365,0.300744635880998,-0.117321683464056,-0.422831334028162,-0.709627378674257,0.0209724536434798,-0.251387394600323,0.504034783527297,-0.491597408658741,0.0956839371687325,0.0286762326513535,18.99,"0"
41322,1.01521969696504,0.230144764160972,-0.0900135020400341,1.16706909294118,0.19106152279078,-0.43595202395064,0.542479264168569,-0.144981501916402,-0.754185488094199,0.163860814644238,1.86765209754303,1.4745765998543,0.695925811033659,0.652009666106881,0.0994121930455155,-0.358166564259335,-0.270495991881152,-0.482419339707999,-0.484229857270882,0.0353153913121591,0.153700461909665,0.347028093660591,-0.182267643365487,0.270521439699877,0.713790815226431,-0.292438804895339,-0.0065299670964037,0.0155562247104348,83.32,"0"
41322,-1.38533316432427,0.832775861286293,1.36312559445377,2.1055580659796,0.97634620727024,-0.09852304519541,1.33260663426224,-0.356530033950182,-1.59051045252221,1.10444437051309,0.785265829275512,-0.508686200576146,-0.929232229382676,0.459199616585699,-0.0301544035766922,0.225681715950415,-0.652793638724242,0.424141607080298,0.502265093937944,-0.234782768592268,-0.0423719909052833,0.136671668252972,0.00869894322829079,-0.0219193174733583,0.615493502767939,0.166342397527305,-0.486653720001072,-0.104468678311015,47.4,"0"
41322,1.12292014654372,-0.588664291271838,-0.108483319085988,0.568876289741168,1.3294806297753,4.53135864306812,-1.35839480873953,1.21288490506083,1.28904312827559,-0.258387549011768,-1.10708826062001,0.485764015825993,-0.224998568725624,-0.710891550036953,-1.06290653372277,-0.152807335975703,-0.284451322337907,0.321601527231961,0.40992896115296,0.0104736677694561,0.00957009037385167,0.277608825718182,-0.229761760531333,1.05922223408443,0.839996365445098,-0.110491199623586,0.0889273093219777,0.030565765306889,34.4,"0"
41322,1.12865635858402,-0.00164912140914101,1.43073001233196,1.41923161427592,-1.1189192314505,-0.38750442893588,-0.530622515284144,0.0509469566215012,0.823248671835128,-0.211347137336722,-0.445239544056339,0.752800044553707,0.280200113253975,-0.400195710395505,0.120299532100827,-0.0321763838595168,-0.146061260556284,-0.207144764954505,-0.33718956969702,-0.124403725991144,-0.0369276630401674,0.112549784339109,0.0313640444248768,0.717787589292994,0.381046856377181,-0.429976148257776,0.0748656634405987,0.0422879033556056,9.99,"0"
41322,1.23619150688449,0.261577335506259,0.177395994467512,0.503612733319248,-0.191451601326766,-0.567948508330575,-0.0536513186156623,-0.00978809090638637,-0.136095499794237,-0.100175458624635,1.25709029058313,0.573776405872968,-0.250912933700194,-0.0212113498366134,0.467375796172018,0.793482847619523,-0.351635464521379,0.3604458830128,0.21993047396118,-0.0873353487601054,-0.262920414257876,-0.815948178993399,0.0808762868113251,-0.0548145626136964,0.21522336437817,0.0991464935363215,-0.0303114195370425,0.0163251696822613,1.98,"0"
41325,-4.9194710109332,0.242261569129858,1.24641552714642,-1.23004033297485,0.0427973486920751,1.50633057187711,-1.53351732228168,-6.60859623723843,2.28775587719919,1.52370592183152,1.05381902786016,0.789376999653267,-0.75087333037808,-1.13824405029804,-0.526281325316387,0.359137321757244,-0.389626461638079,-0.206371831269302,-0.339455369461741,-2.19302671688675,5.25476452008541,-1.79110075583284,1.5079853614059,-0.333712918281669,0.418396838061365,0.948124550092441,0.583369784613227,0.3769470419223,33.93,"0"
41326,1.05208504439433,-0.0111149532792276,0.470836487648489,1.51988757864479,-0.456660477076693,-0.385081930751841,0.0609039716713543,0.0140663646015484,0.433391435576632,-0.113425481911392,-0.434806444583601,0.0427570843014378,-1.30373248518227,0.319559056100785,0.0103361813560326,-0.760193220134833,0.448365201754202,-0.938262856728641,-0.498142550202403,-0.179894914228764,-0.0653296789514099,-0.111378211254283,-0.0492062755662275,0.379876080440214,0.564414761624491,-0.333566085899409,0.0243837264450154,0.0248027929430841,54.29,"0"
41326,-1.41727781086735,0.102468560357958,1.60047765914037,1.58602968523979,-0.369102055634008,1.01182129822151,-0.351690312038799,0.941604647791394,0.309118621729535,-0.505703329241999,-0.683626889119939,0.785293182073353,-0.69448173547411,-0.207520126648872,-2.18337897922036,-0.748151560357771,0.54002220972095,0.31582119223123,2.22654871690389,0.41088402742063,-0.267594423464036,-0.747293090530335,0.0477726247700989,-0.520476989456731,0.137896046341338,-0.369810402387217,0.272757751236781,0.0268635715255615,101.8,"0"
41326,-0.267997131553415,0.784459656386567,1.84374233792896,0.58839743388258,0.220592710647958,-0.162975930878676,0.870992062267337,-0.213259208742388,0.0280509908978059,-0.427471094146992,-1.06068910384651,0.125748474113574,0.15716491398881,-0.4477717180604,-0.343818056464478,-0.364131614065361,-0.303943640938011,-0.312930597749358,0.348906614443583,0.0338886472373566,-0.254747807102955,-0.426561655590767,-0.169812345432281,0.0029315032924762,0.0668262591348249,-0.593407646276376,-0.0745683314773296,-0.157020338767121,19.55,"0"
41326,-2.02211799142827,-0.113148246571443,0.736050241645669,-0.987261759944409,1.05146581756809,-1.0368391915768,0.672765433800674,-1.06449138629878,-0.569318832056877,-0.280952473123145,1.14210459168533,1.01975124041347,0.638989276458085,0.193798110149331,-0.555459334996915,0.681641171917187,-0.948104649893471,-0.428903972165683,0.144042675357345,-0.974269854420009,0.233823009979832,-1.08893053405163,1.00865774159216,0.008757405714067,-0.274174828333155,0.441488378198465,0.140177067234749,-0.0701057924146371,24.95,"0"
41327,-0.964086200549431,-0.211901467551025,1.81973946161416,0.996360773332853,0.173109174238505,0.579782760551876,0.0422258348970021,0.332996225911484,-0.101408905671146,-0.372399041098455,-1.19170871796594,-0.623904438542995,-0.180214674347886,0.0398120511136981,1.9377734585908,0.290032636451376,-0.44683168135394,0.552728598670037,0.0583004198891783,0.442423875855838,0.305750236058601,0.521943918169644,0.228765391585168,-0.807060476346192,-0.278414973595992,-0.247264662437897,0.136654024323863,0.166146140593892,144,"0"
41327,0.715569932389795,-0.840351339339162,0.11943610650767,0.861798956812633,-0.639891025607264,-0.119683283095404,0.170506555150714,-0.00188118939905414,0.283428120946303,-0.127048650069808,0.648373048210446,0.760379803167056,-0.592240714821608,0.279779810114768,-0.791958197491882,0.0702322804483396,-0.297540438262261,0.0116582027880179,0.553494895678123,0.388258125899557,-0.0528897080756006,-0.616022780959627,-0.259319695249582,0.0453169008871697,0.354096830094427,0.246174042399031,-0.0788952329200633,0.0429632957695497,263.72,"0"
41327,-0.984743486618308,0.43464812346368,2.31387942900331,0.100950274101899,-0.582162493231746,0.325657325519732,0.542759449752342,0.158907418565385,0.136754385816356,-0.741885400375279,-1.14459719153246,0.390802035191936,1.01768183900883,-0.744431761984596,0.00294594013054239,0.141718096868508,-0.355290204581344,0.0342362287116379,0.332668675494026,0.495124505389164,-0.0338571323277514,-0.0211889806702874,-0.0343928079558805,-0.0724613748444106,0.380506265964958,0.391607924306702,0.261333585805331,0.143300002441031,126.38,"0"
41328,-0.899614484662673,-0.0463922089483712,2.34108565771243,0.614330191907806,0.0528256688174911,-0.631505272008857,-0.481561396930197,0.187045704889999,-0.383102323736752,-0.213299773698028,0.145324234068289,-0.29506447406789,-0.29637760233255,0.214865118590787,2.41111918934926,-0.621156577349327,0.664041575066771,-0.224356691395962,1.18764184537362,0.359674909546984,0.241851935786892,0.558733207361927,-0.0737811309690226,0.494460027282049,-0.169054221070907,1.3662196094691,0.0162824118772878,0.0870290694905303,1,"0"
41328,1.14890402155764,-0.00698032116924738,-1.56005974054839,0.102716330981303,2.40047840557033,3.18403567147051,0.0191990958093813,0.687170137074258,-0.436378951622313,0.0790442560336993,-0.0741113888267042,0.0953598701139251,-0.0837771196686062,0.704510110805875,0.896490943662747,0.317696715070909,-0.844803604194944,-0.221532738458287,0.197890658139835,0.136956932556038,-0.35750757480128,-1.39192231858163,0.00474290950359686,0.947876058655794,0.590877295178866,-0.670026070512528,-0.0147960106890945,0.029083698399503,85.97,"0"
41329,1.18960093529759,-0.157386288734562,0.600905337048393,0.918721917911237,-0.80776372119756,-0.608176804597123,-0.234118236933438,-0.0132806301077441,0.852778614470941,-0.183794006053419,-1.02524092284925,-0.282755102165312,-1.48985373422584,0.0828583181726767,-0.21901669785756,-0.267077722481054,0.161599491322879,-0.388542766468884,0.192145142163114,-0.181125347374981,-0.115488145265125,-0.195484829758167,-0.0657991508962106,0.416659261327214,0.495851144990291,0.413766856173947,-0.0262034484857924,0.012038364382022,23,"0"
41329,1.30685642708967,-0.0846762262024392,0.34963133731192,0.0622861585907008,-0.437342047171641,-0.459121506996436,-0.143095405751172,-0.160263582293383,0.656166873441755,-0.389179210859845,-0.967001860000649,0.877381611681672,1.08549943201544,-0.471314115444316,-0.383252056978584,-0.271833664101652,-0.0505599092092508,-0.685622033393267,0.641735014330843,-0.0153963630265357,-0.138908859972505,-0.0854848370767314,-0.129034391915986,0.0150559570131106,0.547222983374069,1.13989495312745,-0.0596512724379259,-0.00379848769881422,1,"0"
41329,-1.73746850661747,1.5517475086022,-1.34809590379735,1.07223412715547,-0.879294025363991,-0.79104571670684,0.03805364406798,1.18344263397749,-0.406909305940801,0.0943680634518988,-0.962052067148059,-0.302389041364452,-1.41290879880261,1.65616049650734,1.05693366842247,-0.379933402994405,0.696767229584266,-0.290089634765418,-0.0496339526947674,-0.181676906239271,0.185610711568083,0.468836163597836,0.0992198570130253,0.0606857492828051,-0.697733013980835,-0.368432699482972,0.388196089255022,0.03204377104189,99.99,"0"
41329,-0.936419565376618,-1.11824826969312,1.51934892480285,-2.69361299517498,0.810762386420325,-0.663518933059791,-0.353571736450621,-0.113900005825615,-2.67382192715493,1.10883069981103,0.139987219251648,-0.97381680925738,0.178252897435404,-0.278046916762986,-0.610615447012649,0.160861164054027,-0.402355295531599,0.417607559304988,0.275811564350735,0.0121425962921198,-0.603393952903338,-1.66537342001485,-0.0222045698681749,-0.94139050893965,0.231493136056559,-0.698124326253426,-0.169237395141972,-0.162872942020386,12.06,"0"
41329,1.43327658591296,-0.207007910540783,-0.0354942733078689,-0.589135358316746,-0.721343629749541,-1.57728618264729,0.0297067891400512,-0.477288625987173,-1.29574460914337,0.664285867841186,0.200521783944239,-0.0822362706171808,0.861999093795369,-0.0256667221060721,0.309981896643364,0.59287945166582,0.481023297905717,-1.80744078440678,0.507670484313118,0.0979017384039542,0.218901926754288,0.612742362501142,-0.13055664850481,0.776078886905687,0.777647467622294,-0.107313301418429,-0.0224478747397494,0.0062943955155091,10,"0"
41330,-0.789661513872943,0.813674045803437,2.15660781405562,-0.247699378625486,0.0373505315803735,-0.492786011262907,0.763520852846547,-0.0490581630002866,-0.18771774267245,-1.0366433917678,-0.841828264195244,0.635082843923166,0.726664394922894,-0.537314391712079,-1.06100020103487,-0.230927454534118,-0.1888629519717,-0.584487158591933,-0.311758437090427,-0.0307341746074845,-0.0419032500185034,0.0461859672614963,-0.371753411613744,0.468881234941296,0.595575529673987,0.322978918317522,0.00536763460052256,0.0562497593026013,12.36,"0"
41331,-1.16531723411291,0.130237999579192,2.49059329172917,0.63253623677844,0.807172909088615,-0.744875110323505,0.286820305057851,-0.0556980081810201,-0.372854019462731,-0.364575114696793,0.065261167784657,-0.0211497047213031,-0.17529210129854,0.0179639651123603,1.28687961307849,-0.297552899233502,-0.158313765189863,-0.451671475882751,-0.635387728143007,0.213799227116655,0.0415104441441285,0.0381047021473236,-0.0714455632226474,0.364075682473521,0.219440736409781,-0.480401912728602,-0.103080138431511,-0.127661301772086,12.99,"0"
41331,-0.617010299756421,1.25495720585691,-0.226234818961907,0.695935076111452,0.620104483714237,-0.206827038651464,0.642666629008341,0.123140124888788,-0.573779989904351,0.660189642411901,1.06979137680509,0.710642840398931,0.00768424287200327,0.682926465255249,0.266895766055103,-0.542101814731892,-0.203831917810715,0.0139063912644231,0.467699561847053,-0.142399651359867,0.199472957318501,0.813571736935776,0.156189567248962,-0.293109294883285,-0.768914001622309,-0.438146587356092,-0.19244078009391,-0.110447331435643,5.99,"0"
41332,-0.887765474079697,1.416356335952,0.114749027933039,0.850721818492734,1.00646273379058,0.878868960525999,0.331757357961526,0.838715070583695,-0.891423623506629,-0.883084064443172,0.656905393709302,0.278260004748701,0.0143399504943643,-0.300498868756986,2.02693622600757,-1.25313178133939,2.10465484400216,-1.47511017760632,-1.24240779613234,-0.03917991334707,0.169194117506688,0.653100235793582,0.0339212354606728,-1.04567517454523,-0.473393446977172,-0.223665503587851,0.37093953752246,0.160754363454882,15.27,"0"
41332,1.24070256198829,-0.640674476064543,0.155634497504668,-0.842173054747553,-0.527249143958806,0.10299916685542,-0.586445805413546,0.129053952257213,-1.16933712307768,0.723623849858596,1.89897464041976,0.245663607655005,0.0491233770436824,0.189335314885996,0.46410913641124,0.599107752099346,0.604114163116264,-1.79441851875385,0.0753391008680107,0.0742710879781191,0.337393336404005,0.879815023775829,-0.091002961158347,-0.237526338823636,0.44358726429792,-0.0781667991812482,0.0180416207768933,-0.00135011389729143,39.85,"0"
41332,-1.01070729369196,-0.634921448635171,1.26045839017209,-0.857084824691772,1.48379619866825,-1.29687834723475,0.18127269368644,-0.211397503443407,-0.376749847981361,-0.257723516950037,1.09025616146233,1.1593916024189,1.23976244458658,-0.156905150468696,-0.469197238684433,0.526909560291333,-1.14496880767517,0.239245976165453,-0.283034991056573,0.388266748628558,0.31473013594858,0.731417294534547,0.0805815924470126,0.117581487575638,-0.602143883665217,0.799910551104254,-0.127504096074005,-0.0390000046163491,26.9,"0"
41333,-0.557378418832212,0.985784179236899,2.13267611549612,1.97528459247901,0.202010048366724,0.622902140272206,0.503643693573007,0.34197358126814,-1.16414844216323,0.179790170721074,1.06233434471277,0.721082355863778,-0.271653230767984,0.0200863335147459,-1.31404706437633,0.0159433144491678,-0.120310460362101,-0.523507774003812,-0.568920567747672,-0.0854826077462643,-0.103123167757738,-0.271498652366543,0.0188490083249577,0.185260095830093,-0.210730567342945,-0.222267956831502,0.0665714313612169,0.0574564152194681,25.03,"0"
41333,-1.10162586386561,0.291014593467089,2.92716574373529,-1.05151387392808,0.465198919133562,1.46175146680793,0.239287239875642,0.531564295597014,0.481730483956659,-1.29549490223739,0.266407076580532,0.480391754725577,-0.462448489004211,-0.666365149525009,0.136762650379261,-0.741945481359603,0.458749367003746,-2.32648090043605,-3.20990459089847,-0.292391309289068,0.0437952523945497,0.474611696368489,-0.160554912108042,-0.6272839661827,0.0119889888850861,0.154567269579666,-0.0914021916725014,-0.175760990332868,9.09,"0"
41334,-0.882959174582461,-0.352116401621572,2.15047409490627,-2.51109252014437,-1.05525292088272,-0.340021260495049,-0.534022453376562,0.106881594362699,-2.02965650772003,0.922629675615334,-0.541775690757319,-1.31179935771419,0.120033272033721,-0.627618996882144,0.573571436646587,-0.287122296902271,0.441524185177884,-0.0279419682450065,-1.31014286960584,-0.274543435758249,-0.0331752349810026,0.344513077916711,-0.278855887695232,0.0433843848218538,0.319272111242546,-0.148883921314012,0.225794863501415,0.11035923205787,30,"0"
41334,-1.05777346664695,1.27002060503942,0.71851317923871,1.2221554863674,-0.0528069735948424,0.357532238924778,0.353046828210905,
